codepoint	path
0xe6b7	M251.53536 461.2096v377.28256h503.07072v-377.32352H251.53536z m209.63328 251.4944v-125.7472a41.90208 41.90208 0 0 1 83.84512 0v125.7472a41.94304 41.94304 0 0 1-83.84512 0z m377.32352 125.78816c0 46.2848-37.56032 83.84512-83.88608 83.84512H251.53536a83.84512 83.84512 0 0 1-83.84512-83.84512v-377.32352c0-46.2848 37.56032-83.84512 83.84512-83.84512h41.94304V293.43744a209.63328 209.63328 0 0 1 209.63328-209.59232c54.23104 0 103.6288 20.6848 140.41088 54.80448a41.90208 41.90208 0 1 1-56.97536 61.48096 121.93792 121.93792 0 0 0-83.43552-32.44032 125.78816 125.78816 0 0 0-125.82912 125.7472v83.88608h377.32352c46.2848 0 83.88608 37.51936 83.88608 83.84512v377.32352z
0xe6b6	M473.6 938.7008v-91.904a337.0496 337.0496 0 0 1-298.6496-334.848V426.752a38.4 38.4 0 1 1 76.8 0V512a260.3008 260.3008 0 0 0 520.5504 0V426.7008a38.4 38.4 0 1 1 76.8 0V512a337.1008 337.1008 0 0 1-298.7008 334.7968v91.904a38.4 38.4 0 0 1-76.8 0z m128-725.3504a89.6 89.6 0 0 0-179.2 0V512a89.6 89.6 0 0 0 179.2 0V213.3504zM678.4 512a166.4512 166.4512 0 1 1-332.8 0V213.3504a166.4 166.4 0 0 1 332.8 0V512z
0xe6b3	M900.3008 384a47.0016 47.0016 0 0 0-46.9504-46.9504h-128a38.4 38.4 0 0 1-29.4912-13.824l-95.1808-114.176H423.3216L328.192 323.2256a38.4 38.4 0 0 1-29.4912 13.824h-128a46.9504 46.9504 0 0 0-46.9504 46.9504V768a46.8992 46.8992 0 0 0 46.9504 46.8992h682.6496a46.9504 46.9504 0 0 0 46.9504-46.8992V384z m-298.7008 170.6496a89.6 89.6 0 1 0-179.2 0 89.6 89.6 0 0 0 179.2 0z m76.8 0a166.4 166.4 0 1 1-332.8 0 166.4 166.4 0 0 1 332.8 0zM977.1008 768a123.8016 123.8016 0 0 1-123.7504 123.6992H170.7008A123.7504 123.7504 0 0 1 46.9504 768V384a123.7504 123.7504 0 0 1 123.7504-123.7504h109.9776l95.1296-114.176 2.9184-3.072a38.4 38.4 0 0 1 26.624-10.752h213.3504l4.1984 0.256a38.4 38.4 0 0 1 25.2928 13.568l95.1296 114.176h110.0288A123.7504 123.7504 0 0 1 977.1008 384V768z
0xe6b4	M189.3376 132.1472a59.392 59.392 0 0 1 25.088 4.608v-0.1024l682.752 277.3504c8.704 3.584 16.384 9.1136 22.528 16.128l5.632 7.5264 4.2496 8.2944a59.6992 59.6992 0 0 1-39.936 81.2032l-261.3248 67.4304h-0.0512a46.9504 46.9504 0 0 0-33.792 33.5872h0.0512l-67.3792 261.4272v0.0512a59.7504 59.7504 0 0 1-108.9536 15.872l-4.1984-8.3456L136.6528 214.4768l0.1024-0.0512a59.392 59.392 0 0 1-3.584-33.9456l2.304-8.5504a59.4944 59.4944 0 0 1 45.056-38.7584l8.8064-1.024z m276.3264 688.2304l54.4768-211.3024 0.0512-0.0512a123.7504 123.7504 0 0 1 88.9344-88.832l211.2512-54.4768-597.3504-242.688 242.6368 597.2992z
0xe6b5	M900.3008 213.3504a46.9504 46.9504 0 0 0-46.9504-46.9504H170.7008a46.9504 46.9504 0 0 0-46.9504 46.9504V640c0 25.9072 20.992 46.9504 46.9504 46.9504h682.6496c25.9072 0 46.9504-20.992 46.9504-46.9504V213.3504z m76.8 426.6496a123.7504 123.7504 0 0 1-123.7504 123.7504H550.4v93.8496h132.3008a38.4 38.4 0 0 1 0 76.8H341.3504a38.4 38.4 0 0 1 0-76.8H473.6v-93.8496H170.7008A123.7504 123.7504 0 0 1 46.9504 640V213.3504A123.7504 123.7504 0 0 1 170.7008 89.6h682.6496a123.7504 123.7504 0 0 1 123.7504 123.7504V640z
0xe6b2	M494.848 257.834667c74.410667 0 148.053333 14.592 216.32 42.794666 68.266667 28.16 129.92 69.376 180.949333 121.173334a42.325333 42.325333 0 0 1-1.877333 61.610666 46.933333 46.933333 0 0 1-64.256-1.792 456.277333 456.277333 0 0 0-150.826667-101.12 473.045333 473.045333 0 0 0-180.309333-35.584 472.746667 472.746667 0 0 0-180.138667 35.626667 456.277333 456.277333 0 0 0-150.826666 101.12 46.933333 46.933333 0 0 1-64.256 1.749333 42.325333 42.325333 0 0 1-1.877334-61.653333 547.114667 547.114667 0 0 1 180.949334-121.173333 567.04 567.04 0 0 1 216.149333-42.752z M496.725333 410.453333c48.426667 0 96.426667 9.258667 141.098667 27.221334a365.568 365.568 0 0 1 119.04 77.354666 42.325333 42.325333 0 0 1-0.64 61.653334 47.018667 47.018667 0 0 1-64.426667-0.64 274.005333 274.005333 0 0 0-89.173333-58.069334 284.202667 284.202667 0 0 0-211.626667 0 274.005333 274.005333 0 0 0-89.216 58.026667 47.061333 47.061333 0 0 1-64.426666 0.682667 42.325333 42.325333 0 0 1-0.64-61.653334 365.525333 365.525333 0 0 1 119.04-77.354666 378.154667 378.154667 0 0 1 140.970666-27.221334z M496.725333 566.186667a186.88 186.88 0 0 1 121.344 44.245333 42.282667 42.282667 0 0 1 3.626667 61.525333 46.976 46.976 0 0 1-64.298667 3.456 93.568 93.568 0 0 0-60.672-22.186666c-22.357333 0-43.989333 7.936-60.672 22.186666-18.730667 16-47.36 14.506667-64.128-3.413333a42.282667 42.282667 0 0 1 3.584-61.568 186.709333 186.709333 0 0 1 121.216-44.288zM496.810667 803.413333c25.173333 0 45.525333-19.498667 45.525333-43.605333 0-24.064-20.394667-43.562667-45.525333-43.562667-25.173333 0-45.568 19.498667-45.568 43.562667 0 24.106667 20.394667 43.605333 45.568 43.605333z
0xe6b1	M204.8 812.52352V216.76032c0-29.61408 11.50976-58.04032 31.98976-78.97088a108.05248 108.05248 0 0 1 77.25056-32.768h327.68l7.12704 0.8192c6.9632 1.39264 13.5168 4.9152 18.6368 10.11712l182.02624 186.20416c6.79936 6.9632 10.6496 16.42496 10.6496 26.29632v484.06528c0 29.65504-11.50976 58.04032-31.98976 79.01184-20.48 20.93056-48.25088 32.72704-77.25056 32.72704H314.04032a108.01152 108.01152 0 0 1-77.25056-32.768A113.0496 113.0496 0 0 1 204.8 812.56448z m254.89408-148.93056a36.864 36.864 0 0 1 36.41344 37.2736 36.864 36.864 0 0 1-36.4544 37.23264H386.90816a36.864 36.864 0 0 1-36.41344-37.2736 36.864 36.864 0 0 1 36.4544-37.2736h72.78592z m218.43968 0a36.864 36.864 0 0 1 36.4544 37.2736 36.864 36.864 0 0 1-36.4544 37.23264h-72.78592a36.864 36.864 0 0 1-36.4544-37.2736 36.864 36.864 0 0 1 36.4544-37.2736h72.78592z m-218.43968-148.93056a36.864 36.864 0 0 1 36.41344 37.23264 36.864 36.864 0 0 1-36.4544 37.2736H386.90816a36.864 36.864 0 0 1-36.41344-37.2736 36.864 36.864 0 0 1 36.4544-37.23264h72.78592z m218.43968 0a36.864 36.864 0 0 1 36.4544 37.23264 36.864 36.864 0 0 1-36.4544 37.2736h-72.78592a36.864 36.864 0 0 1-36.4544-37.2736 36.864 36.864 0 0 1 36.4544-37.23264h72.78592z m-36.4544-223.39584c0 9.8304 3.8912 19.29216 10.69056 26.29632a36.0448 36.0448 0 0 0 25.76384 10.89536h94.12608l-130.53952-133.5296v96.33792zM277.7088 812.52352a37.6832 37.6832 0 0 0 10.6496 26.37824 36.0448 36.0448 0 0 0 25.72288 10.89536h436.87936a36.0448 36.0448 0 0 0 25.8048-10.89536 37.6832 37.6832 0 0 0 10.6496-26.37824V402.96448h-109.24032a108.01152 108.01152 0 0 1-77.2096-32.72704 113.0496 113.0496 0 0 1-32.03072-78.97088V179.56864H314.04032a35.96288 35.96288 0 0 0-25.72288 10.89536c-6.84032 6.9632-10.6496 16.42496-10.6496 26.29632v595.7632z
0xe6af	M887.5008 640a34.1504 34.1504 0 0 0-34.1504-34.1504h-256A34.1504 34.1504 0 0 0 563.2 640V768c0 18.8416 15.3088 34.0992 34.1504 34.0992h256a34.1504 34.1504 0 0 0 34.1504-34.0992v-128z m-42.7008-256V256a34.1504 34.1504 0 0 0-34.0992-34.1504h-640A34.1504 34.1504 0 0 0 136.5504 256v426.6496c0 18.688 15.4624 34.1504 34.1504 34.1504h170.6496a51.2 51.2 0 1 1 0 102.4H170.7008a136.8064 136.8064 0 0 1-136.5504-136.5504V256a136.5504 136.5504 0 0 1 136.5504-136.5504h640A136.6016 136.6016 0 0 1 947.2 256v128a51.2 51.2 0 0 1-102.4 0z m145.1008 384a136.5504 136.5504 0 0 1-136.5504 136.4992h-256A136.5504 136.5504 0 0 1 460.8 768v-128a136.5504 136.5504 0 0 1 136.5504-136.5504h256a136.5504 136.5504 0 0 1 136.5504 136.5504V768z
0xe6b0	M674.0992 341.3504a162.1504 162.1504 0 1 0-170.4448 161.8944l8.3456 0.2048 8.3456-0.2048a162.0992 162.0992 0 0 0 153.7536-161.8944z m102.4 0a263.8336 263.8336 0 0 1-93.2864 201.472 392.448 392.448 0 0 1 221.2864 353.1776 51.2 51.2 0 1 1-102.4 0 290.0992 290.0992 0 1 0-580.2496 0 51.2 51.2 0 1 1-102.4 0 392.5504 392.5504 0 0 1 221.2864-353.1776 264.5504 264.5504 0 1 1 435.8144-201.5232z
0xe6ad	M805.930667 348.842667a18.986667 18.986667 0 0 0-18.986667-18.944h-123.221333a42.666667 42.666667 0 0 1-35.498667-19.029334l-48.981333-73.429333h-139.264L391.04 310.869333a42.666667 42.666667 0 0 1-35.498667 19.029334H232.277333A18.986667 18.986667 0 0 0 213.333333 348.842667v338.944a18.986667 18.986667 0 0 0 18.944 18.986666h554.666667a18.986667 18.986667 0 0 0 18.986667-18.986666V348.842667z m-215.722667 154.069333a80.64 80.64 0 1 0-161.28 0 80.64 80.64 0 0 0 161.28 0z m85.333333 0a165.888 165.888 0 1 1-331.776 0 165.888 165.888 0 0 1 331.776 0z m215.722667 184.874667a104.32 104.32 0 0 1-104.32 104.32h-554.666667A104.277333 104.277333 0 0 1 128 687.786667V348.842667a104.32 104.32 0 0 1 104.277333-104.277334h100.437334L381.653333 171.093333a42.666667 42.666667 0 0 1 35.498667-18.986666h184.917333l5.290667 0.341333a42.666667 42.666667 0 0 1 30.208 18.645333l48.981333 73.472h100.394667a104.277333 104.277333 0 0 1 104.32 104.277334v338.944z
0xe6ac	M813.6704 388.608c-7.68 48.8448-21.0944 90.2144-40.2432 124.0064a284.8768 284.8768 0 0 1-70.656 83.8656 283.1872 283.1872 0 0 1-95.744 49.2032 400.7936 400.7936 0 0 1-114.9952 15.9744H415.6416a25.088 25.088 0 0 0-16.1792 5.888 24.4224 24.4224 0 0 0-8.3968 14.848l-20.2752 129.792a128.8192 128.8192 0 0 1-44.1856 78.336A132.096 132.096 0 0 1 241.408 921.6H187.2896a34.048 34.048 0 0 1-25.6-11.5712 32.9728 32.9728 0 0 1-7.68-26.624L268.2368 151.808c2.1504-13.7216 9.216-26.3168 19.968-35.328 10.752-9.1136 24.3712-14.08 38.5024-14.08h269.8752a276.992 276.992 0 0 1 99.6864 17.0496 177.408 177.408 0 0 1 74.8032 53.248c19.968 24.064 33.9968 54.016 41.984 89.8048 7.9872 35.84 8.192 77.824 0.6144 126.0544zM425.8816 459.6736a17.408 17.408 0 0 0 10.24 18.688c2.304 1.0752 4.864 1.6384 7.4752 1.6384h57.6c11.9808-0.1024 23.9104-1.28 35.6864-3.6352 12.4928-2.4576 24.3712-7.424 34.816-14.592a112.64 112.64 0 0 0 28.8256-28.16 101.376 101.376 0 0 0 16.5888-44.1344 102.912 102.912 0 0 0-1.536-45.7216 56.5248 56.5248 0 0 0-18.432-28.5696 80.896 80.896 0 0 0-29.2864-14.592 141.3632 141.3632 0 0 0-37.0176-4.5056H474.7264a27.392 27.392 0 0 0-17.664 6.4512 26.6752 26.6752 0 0 0-9.1648 16.2304l-22.016 140.9024z
0xe6a6	M420.3008 88.5248a21.3504 21.3504 0 0 0 9.5232-9.5744l20.4288-40.8064a21.3504 21.3504 0 0 1 38.144 0l20.4288 40.8064c2.048 4.1472 5.376 7.4752 9.5232 9.5744l40.8064 20.3776a21.3504 21.3504 0 0 1 0 38.1952l-40.8064 20.3776a21.3504 21.3504 0 0 0-9.5232 9.5744l-20.4288 40.8064a21.3504 21.3504 0 0 1-38.144 0l-20.4288-40.8064a21.3504 21.3504 0 0 0-9.5232-9.5744l-40.8064-20.3776a21.3504 21.3504 0 0 1 0-38.1952l40.8064-20.3776zM804.3008 557.824a21.3504 21.3504 0 0 0 9.5232-9.5232l20.4288-40.8064a21.3504 21.3504 0 0 1 38.144 0l20.4288 40.8064c2.048 4.096 5.4272 7.4752 9.5232 9.5232l40.8064 20.4288a21.3504 21.3504 0 0 1 0 38.144l-40.8064 20.4288a21.3504 21.3504 0 0 0-9.5232 9.5232l-20.4288 40.8064a21.3504 21.3504 0 0 1-38.144 0l-20.4288-40.8064a21.3504 21.3504 0 0 0-9.5232-9.5232l-40.8064-20.4288a21.3504 21.3504 0 0 1 0-38.144l40.8064-20.4288zM206.9504 301.824a21.3504 21.3504 0 0 0 9.5744-9.5232l20.3776-40.8064a21.3504 21.3504 0 0 1 38.1952 0l20.3776 40.8064c2.048 4.096 5.4272 7.4752 9.5232 9.5232l40.8576 20.4288a21.3504 21.3504 0 0 1 0 38.144l-40.8576 20.4288a21.3504 21.3504 0 0 0-9.5232 9.5232l-20.3776 40.8064a21.3504 21.3504 0 0 1-38.1952 0l-20.3776-40.8064a21.3504 21.3504 0 0 0-9.5744-9.5232l-40.8064-20.4288a21.3504 21.3504 0 0 1 0-38.144l40.8064-20.4288z M728.9856 128c33.28-33.28 87.3472-33.28 120.6784 0l46.336 46.336c33.28 33.28 33.28 87.3472 0 120.6784L295.0144 896c-33.3312 33.28-87.3472 33.28-120.6784 0l-46.336-46.336a85.3504 85.3504 0 0 1 0-120.6784L728.9856 128z m-39.3216 160l46.336 46.336 99.6352-99.6864-46.336-46.336-99.6352 99.6864z
0xe6a7	M298.6496 384h42.7008v256h-42.7008v-256zM384 384h85.3504v256H384v-256zM512 384h42.6496v256H512v-256zM682.6496 384h42.7008v256h-42.7008v-256zM597.3504 384h42.6496v256h-42.6496v-256zM128 341.2992v-128c0-47.104 38.1952-85.248 85.2992-85.2992h128a42.7008 42.7008 0 1 1 0 85.2992h-128v128a42.7008 42.7008 0 1 1-85.2992 0zM128 810.6496v-128a42.6496 42.6496 0 1 1 85.2992 0v128h128a42.7008 42.7008 0 1 1 0 85.3504h-128c-47.104 0-85.2992-38.1952-85.2992-85.3504zM810.6496 341.2992v-128h-128a42.6496 42.6496 0 1 1 0-85.2992h128c47.104 0 85.3504 38.1952 85.3504 85.2992v128a42.7008 42.7008 0 0 1-85.3504 0zM810.6496 810.6496v-128a42.6496 42.6496 0 0 1 85.3504 0v128c0 47.104-38.1952 85.3504-85.3504 85.3504h-128a42.7008 42.7008 0 0 1 0-85.3504h128z
0xe6a9	M213.2992 640v170.6496H384V640H213.2992z m341.3504 213.2992v-0.3584a42.7008 42.7008 0 1 1 85.3504 0v0.3584a42.7008 42.7008 0 0 1-85.3504 0z m170.6496 0V768c0-23.552 19.1488-42.7008 42.7008-42.7008h85.2992a42.7008 42.7008 0 0 1 0 85.3504h-42.6496v42.6496a42.7008 42.7008 0 1 1-85.3504 0z m-170.6496-256a42.6496 42.6496 0 0 1 85.3504 0v42.7008h42.6496a42.6496 42.6496 0 1 1 0 85.2992h-85.3504a42.6496 42.6496 0 0 1-42.6496-42.6496v-85.3504z m298.6496-42.6496a42.7008 42.7008 0 1 1 0 85.3504H768a42.752 42.752 0 0 1 0-85.3504h85.2992z m-640-341.3504V384H384V213.2992H213.2992z m426.7008 0V384h170.6496V213.2992H640zM469.2992 810.6496c0 47.104-38.144 85.3504-85.2992 85.3504H213.2992c-47.104 0-85.2992-38.1952-85.2992-85.3504V640c0-47.104 38.1952-85.2992 85.2992-85.3504H384c47.104 0 85.2992 38.2464 85.2992 85.3504v170.6496z m0-426.6496c0 47.104-38.144 85.2992-85.2992 85.2992H213.2992c-47.104 0-85.2992-38.144-85.2992-85.2992V213.2992c0-47.104 38.1952-85.248 85.2992-85.2992H384c47.104 0 85.2992 38.1952 85.2992 85.2992V384z m426.7008 0c0 47.104-38.1952 85.2992-85.3504 85.2992H640c-47.104 0-85.2992-38.144-85.3504-85.2992V213.2992c0-47.104 38.2464-85.2992 85.3504-85.2992h170.6496c47.104 0 85.3504 38.1952 85.3504 85.2992V384z
0xe6aa	M170.6496 512a341.3504 341.3504 0 1 1 663.7568 112.4864 42.6496 42.6496 0 1 0 80.5376 28.1088 426.6496 426.6496 0 1 0-805.888 0 42.6496 42.6496 0 0 0 80.5888-28.16A340.736 340.736 0 0 1 170.6496 512z M586.4448 450.9696c-32.5632-58.2144-116.3264-58.2144-148.8896 0l-177.8688 317.6448c-43.4688 77.5168 45.824 161.536 120.576 113.4592L512 797.3888l131.7376 84.6848c74.752 48.0768 164.0448-35.9424 120.576-113.4592l-177.8688-317.6448z
0xe6ab	M384 170.6496V256h256V170.6496h-256z m341.3504 128c0 23.552-19.0976 42.7008-42.6496 42.7008H341.3504a42.7008 42.7008 0 0 1-42.6496-42.7008v-128c0-47.104 38.144-85.2992 85.2992-85.2992h256c47.104 0 85.2992 38.1952 85.3504 85.2992v128zM820.9408 690.5856l-29.7472-77.312a24.832 24.832 0 0 0-46.3872 0l-29.696 77.312a42.6496 42.6496 0 0 1-24.576 24.4736l-77.312 29.7472a24.832 24.832 0 0 0 0 46.3872l77.312 29.696c11.264 4.352 20.224 13.312 24.576 24.576l29.696 77.312a24.832 24.832 0 0 0 46.3872 0l29.696-77.312a42.6496 42.6496 0 0 1 24.576-24.576l77.312-29.696a24.832 24.832 0 0 0 0-46.3872l-77.312-29.696a42.6496 42.6496 0 0 1-24.576-24.576z M128 853.3504V256c0-47.104 38.1952-85.2992 85.2992-85.2992h128a42.7008 42.7008 0 1 1 0 85.2992h-128v597.3504H512a42.6496 42.6496 0 0 1 0 85.3504H213.2992c-47.104 0-85.2992-38.2464-85.2992-85.3504z m682.6496-384V256h-128a42.6496 42.6496 0 1 1 0-85.2992h128c47.104 0 85.3504 38.144 85.3504 85.2992v213.3504a42.7008 42.7008 0 0 1-85.3504 0z
0xe6a5	M223.445333 307.2c0-57.813333 47.872-109.397333 109.568-99.925333A576.426667 576.426667 0 0 1 814.08 688.298667c9.514667 61.824-42.453333 109.610667-100.224 109.610666H330.496a107.008 107.008 0 0 1-107.050667-106.666666v-384z m42.666667 384c0 35.242667 28.928 64 64.384 64h383.36c36.48 0 62.848-29.056 58.026667-60.373333A533.76 533.76 0 0 0 326.613333 249.472c-31.445333-4.821333-60.458667 21.333333-60.458666 57.770667v384z
0xe6a3	M384 384V128.384c-64.426667 0.938667-121.6 0.597333-170.794667 0.256A84.266667 84.266667 0 0 0 128.426667 213.333333c0.298667 128.426667 1.194667 80.597333-0.085334 170.666667H384zM640 895.616c76.8-1.109333 109.525333-0.597333 170.496-0.256a84.48 84.48 0 0 0 85.034667-84.821333c-0.298667-61.013333-1.024-93.738667 0.085333-170.538667H640v255.616zM384 640H128.384v170.24a85.333333 85.333333 0 0 0 85.12 85.333333L384 896v-256zM384 640h256V384H384v256z M768 85.333333c10.282667 0 19.498667 6.357333 23.210667 15.957334l29.738666 77.226666a42.666667 42.666667 0 0 0 24.490667 24.533334l77.269333 29.738666a24.874667 24.874667 0 0 1 0 46.421334l-77.226666 29.738666a42.666667 42.666667 0 0 0-24.533334 24.490667l-29.738666 77.269333a24.874667 24.874667 0 0 1-46.421334 0l-29.738666-77.226666a42.666667 42.666667 0 0 0-24.490667-24.533334l-77.269333-29.738666a24.874667 24.874667 0 0 1 0-46.421334l77.226666-29.738666a42.666667 42.666667 0 0 0 24.533334-24.490667l29.738666-77.269333A24.874667 24.874667 0 0 1 768 85.333333z
0xe6a4	M512 115.712L613.444267 389.802667 887.466667 491.178667 613.444267 592.622933 512 866.645333 410.555733 592.622933 136.533333 491.178667 410.555733 389.802667 512 115.712z
0xe6a2	M533.952 85.888A426.688 426.688 0 1 1 512 85.312l21.952 0.576zM406.4 554.688c3.776 84.544 18.56 158.912 39.808 213.376 12.352 31.808 26.048 54.72 39.04 68.864 12.992 14.144 22.08 16.384 26.752 16.384 4.672 0 13.76-2.24 26.752-16.384 12.992-14.144 26.688-37.056 39.04-68.864 21.184-54.4 36.032-128.832 39.808-213.376h-211.2z m-232.96 0a341.504 341.504 0 0 0 204.8 271.36 431.296 431.296 0 0 1-11.584-27.072c-25.6-65.664-41.856-150.912-45.696-244.288H173.44z m529.6 0c-3.84 93.376-20.096 178.624-45.632 244.288a429.696 429.696 0 0 1-11.712 27.072 341.44 341.44 0 0 0 204.864-271.36h-147.52z m-57.344-356.8c4.096 8.704 8.064 17.792 11.648 27.136 25.6 65.664 41.856 150.912 45.696 244.288h147.52a341.504 341.504 0 0 0-204.864-271.424zM512 170.688c-4.672 0-13.76 2.24-26.752 16.384-12.992 14.144-26.688 37.056-39.04 68.864-21.184 54.4-36.032 128.832-39.808 213.376h211.2c-3.776-84.544-18.56-158.912-39.808-213.376-12.352-31.808-26.048-54.72-39.04-68.864-12.992-14.144-22.08-16.384-26.752-16.384z m-133.76 27.2a341.568 341.568 0 0 0-204.8 271.424h147.52c3.84-93.376 20.096-178.624 45.696-244.288 3.584-9.344 7.488-18.432 11.584-27.136z
0xe6a0	M512 96c97.322667 0 187.178667 12.245333 254.08 33.152 33.194667 10.410667 63.189333 23.637333 85.76 40.362667 21.76 16.085333 44.16 41.216 44.16 75.818666 0 5.845333-0.725333 11.392-1.877333 16.725334l-50.005334 375.168c-8.277333 61.952-13.098667 101.290667-27.008 134.229333a256.042667 256.042667 0 0 1-168.448 147.498667c-34.517333 9.386667-74.154667 9.045333-136.661333 9.045333-62.506667 0-102.144 0.384-136.618667-9.045333h-0.042666a256.042667 256.042667 0 0 1-168.448-147.498667c-13.909333-32.938667-18.773333-72.277333-27.008-134.229333L129.877333 262.058667A77.568 77.568 0 0 1 128 245.333333c0-34.602667 22.357333-59.733333 44.117333-75.818666 22.613333-16.725333 52.608-29.952 85.76-40.362667C324.906667 108.245333 414.72 96 512 96z m284.202667 254.805333c-9.642667 3.84-19.712 7.424-30.122667 10.666667-66.901333 20.906667-156.757333 33.194667-254.08 33.194667s-187.178667-12.245333-254.08-33.152a424.362667 424.362667 0 0 1-30.165333-10.709334l36.693333 275.157334c8.96 67.285333 12.714667 92.586667 21.034667 112.384h0.042666a170.666667 170.666667 0 0 0 112.298667 98.261333c20.693333 5.674667 46.293333 6.058667 114.176 6.058667 67.882667 0 93.44-0.426667 114.176-6.058667a170.666667 170.666667 0 0 0 112.298667-98.261333v-0.042667c8.362667-19.797333 12.117333-45.098667 21.077333-112.341333l36.693333-275.2zM512 181.333333c-91.178667 0-171.989333 11.605333-228.608 29.312-28.586667 8.917333-48.64 18.645333-60.586667 27.477334-4.181333 3.114667-6.613333 5.546667-8.021333 7.210666 1.408 1.621333 3.84 4.096 8.064 7.210667 11.946667 8.832 32 18.56 60.544 27.477333 56.618667 17.706667 137.429333 29.312 228.608 29.312 91.178667 0 171.989333-11.605333 228.608-29.312 28.586667-8.917333 48.64-18.645333 60.586667-27.477333 4.181333-3.114667 6.570667-5.546667 7.978666-7.210667a47.701333 47.701333 0 0 0-8.021333-7.210666c-11.946667-8.832-32-18.56-60.544-27.477334-56.618667-17.706667-137.429333-29.312-228.608-29.312z
0xe69f	M469.333333 128a42.666667 42.666667 0 1 1 0 85.333333H213.333333v597.333334h597.333334v-256a42.666667 42.666667 0 1 1 85.333333 0v298.666666a42.666667 42.666667 0 0 1-42.666667 42.666667H170.666667a42.666667 42.666667 0 0 1-42.666667-42.666667V170.666667a42.666667 42.666667 0 0 1 42.666667-42.666667h298.666666z m314.453334-75.733333a42.666667 42.666667 0 0 1 57.045333 2.901333l128 128a42.666667 42.666667 0 0 1 0 60.330667l-256 256A42.666667 42.666667 0 0 1 682.666667 512h-128a42.666667 42.666667 0 0 1-42.666667-42.666667V341.333333a42.666667 42.666667 0 0 1 12.501333-30.165333l256-256 3.242667-2.901333zM597.333333 359.04V426.666667h67.669334l213.333333-213.333334L810.666667 145.664l-213.333334 213.333333z
0xe69e	M525.909333 417.834667a42.666667 42.666667 0 1 0-85.333333 0h85.333333z m-42.666666 170.666666h-42.666667a42.666667 42.666667 0 0 0 12.501333 30.165334l30.165334-30.165334zM559.744 725.333333a42.666667 42.666667 0 0 0 60.330667-60.330666L559.744 725.333333zM396.373333 22.869333a42.666667 42.666667 0 0 0 0 85.333334v-85.333334z m181.034667 85.333334a42.666667 42.666667 0 1 0 0-85.333334v85.333334z m158.378667 704a341.333333 341.333333 0 0 1-482.688 0l-60.373334 60.373333c166.656 166.613333 436.778667 166.613333 603.434667 0l-60.373333-60.373333z m-482.688 0a341.333333 341.333333 0 0 1 0-482.688L192.725333 269.184c-166.613333 166.613333-166.613333 436.736 0 603.392l60.373334-60.373333z m0-482.688a341.333333 341.333333 0 0 1 482.688 0l60.373333-60.330667c-166.656-166.656-436.778667-166.656-603.434667 0l60.373334 60.330667z m482.688 0a341.333333 341.333333 0 0 1 0 482.688l60.373333 60.373333c166.613333-166.656 166.613333-436.778667 0-603.434667l-60.373333 60.373334z m-295.253334 88.32v170.666666h85.333334v-170.666666h-85.333334z m12.544 200.832l106.666667 106.666666 60.330667-60.330666-106.666667-106.666667-60.330667 60.330667zM396.373333 108.202667h181.034667v-85.333334H396.373333v85.333334z
0xe69c	M256 128a170.666667 170.666667 0 1 0 113.834667 297.813333l129.28 86.186667-129.28 86.186667a170.666667 170.666667 0 1 0 47.36 70.954666l537.984-358.656a85.333333 85.333333 0 0 0-118.357334-23.637333L576 460.714667 417.194667 354.858667A170.666667 170.666667 0 0 0 256 128zM170.666667 298.666667a85.333333 85.333333 0 1 1 170.666666 0 85.333333 85.333333 0 0 1-170.666666 0z m0 426.666666a85.333333 85.333333 0 1 1 170.666666 0 85.333333 85.333333 0 0 1-170.666666 0z M836.821333 737.152l-222.378666-148.224 76.928-51.285333 263.808 175.872a85.333333 85.333333 0 0 1-118.357334 23.637333z
0xe69d	M853.333333 512A341.333333 341.333333 0 0 0 216.362667 341.333333H298.666667a42.666667 42.666667 0 0 1 0 85.333334H128a42.666667 42.666667 0 0 1-42.666667-42.666667V213.333333a42.666667 42.666667 0 0 1 85.333334 0v42.666667a425.984 425.984 0 0 1 341.333333-170.666667c235.648 0 426.666667 191.018667 426.666667 426.666667s-191.018667 426.666667-426.666667 426.666667c-185.856 0-343.808-118.784-402.346667-284.458667a42.666667 42.666667 0 1 1 80.384-28.416A341.546667 341.546667 0 0 0 512 853.333333a341.333333 341.333333 0 0 0 341.333333-341.333333z m-384-170.666667a42.666667 42.666667 0 1 1 85.333334 0v153.002667l115.498666 115.498667a42.666667 42.666667 0 1 1-60.330666 60.330666l-128-128A42.666667 42.666667 0 0 1 469.333333 512V341.333333z
0xe699	M512 170.6496c162.304 0 320.3072 89.9072 429.568 260.864a149.6576 149.6576 0 0 1 0 160.9728c-109.2608 170.9568-267.264 260.864-429.568 260.864-162.304 0-320.3072-89.9072-429.568-260.864a149.6576 149.6576 0 0 1 0-160.9728C191.744 260.608 349.696 170.6496 512 170.6496zM362.6496 512a149.3504 149.3504 0 1 0 298.7008 0 149.3504 149.3504 0 0 0-298.7008 0z
0xe69a	M384 362.6496V384h-21.3504a21.3504 21.3504 0 1 1 21.3504-21.3504zM469.3504 554.6496V469.3504h85.2992v85.2992H469.3504zM362.6496 640H384v21.3504a21.3504 21.3504 0 1 1-21.3504-21.3504zM640 661.3504V640h21.3504a21.3504 21.3504 0 1 1-21.3504 21.3504zM661.3504 384H640v-21.3504a21.3504 21.3504 0 1 1 21.3504 21.3504z M298.6496 128A170.6496 170.6496 0 0 0 128 298.6496v426.7008A170.6496 170.6496 0 0 0 298.6496 896h426.7008a170.6496 170.6496 0 0 0 170.6496-170.6496V298.6496A170.6496 170.6496 0 0 0 725.3504 128H298.6496zM362.6496 256c58.88 0 106.7008 47.7696 106.7008 106.6496V384h85.2992v-21.3504a106.6496 106.6496 0 1 1 106.7008 106.7008H640v85.2992h21.3504a106.6496 106.6496 0 1 1-106.7008 106.7008V640H469.3504v21.3504a106.6496 106.6496 0 1 1-106.7008-106.7008H384V469.3504h-21.3504a106.6496 106.6496 0 0 1 0-213.3504z
0xe69b	M512 85.3504a426.6496 426.6496 0 1 0 0 853.2992 426.6496 426.6496 0 0 0 0-853.2992z m-85.3504 384c0-23.552 19.0976-42.7008 42.7008-42.7008H512c23.552 0 42.6496 19.0976 42.6496 42.7008v213.2992a42.6496 42.6496 0 1 1-85.2992 0V512a42.6496 42.6496 0 0 1-42.7008-42.6496zM512 298.6496A42.6496 42.6496 0 1 1 512 384a42.6496 42.6496 0 0 1 0-85.3504z
0xe696	M640 85.3504a42.6496 42.6496 0 0 0-42.6496 42.6496v42.6496H256a170.6496 170.6496 0 0 0-170.6496 170.7008v341.2992A170.6496 170.6496 0 0 0 256 853.3504h341.3504v42.6496a42.6496 42.6496 0 1 0 85.2992 0v-768a42.6496 42.6496 0 0 0-42.6496-42.6496zM322.8672 388.1984a42.6496 42.6496 0 0 1 45.1072 5.12L474.6752 478.72a42.6496 42.6496 0 0 1 0 66.6624l-106.7008 85.2992a42.6496 42.6496 0 0 1-69.3248-33.28V426.6496c0-16.384 9.4208-31.3344 24.2176-38.4z M938.6496 682.6496A170.6496 170.6496 0 0 1 768 853.3504V170.6496a170.6496 170.6496 0 0 1 170.6496 170.7008v341.2992z
0xe697	M341.2992 554.6496c34.2016 0 67.072 5.8368 97.6896 16.4352l-50.176 175.616H298.6496A106.7008 106.7008 0 0 0 200.9088 896H85.2992c-23.552 0-42.8544-19.2-40.6016-42.5984 15.36-159.744 117.248-298.752 296.6016-298.752z M876.4416 512a89.6 89.6 0 0 1 87.5008 108.8512l-1.3824 5.376-59.392 207.872a85.3504 85.3504 0 0 1-82.0224 61.9008H298.6496a42.6496 42.6496 0 0 1 0-85.3504h138.4448l63.232-221.2864 2.816-8.3968A106.7008 106.7008 0 0 1 602.9312 512h273.5104zM362.6496 149.3504a170.6496 170.6496 0 1 1 0 341.2992 170.6496 170.6496 0 0 1 0-341.2992zM789.3504 85.3504c10.5472 0 19.456 7.936 20.6848 18.432 7.3216 64.7168 43.9808 104.2944 109.6192 110.1312a20.8384 20.8384 0 0 1 0 41.472c-64.768 5.632-103.9872 44.8512-109.568 109.568a20.7872 20.7872 0 0 1-41.472 0.1024c-5.8368-65.6896-45.4656-102.4-110.1312-109.7216a20.8384 20.8384 0 0 1-0.0512-41.3184c65.5872-7.5776 102.656-44.6464 110.1824-110.2848a20.8384 20.8384 0 0 1 20.736-18.432z
0xe698	M656.9984 591.104h-27.6992V430.8992h27.6992c42.2912 0 67.2768 27.2896 67.2768 77.9264 0 55.3984-23.0912 82.2784-67.2768 82.2784z M85.3504 341.3504A170.6496 170.6496 0 0 1 256 170.6496h512a170.6496 170.6496 0 0 1 170.6496 170.7008v341.2992A170.6496 170.6496 0 0 1 768 853.3504H256a170.6496 170.6496 0 0 1-170.6496-170.7008V341.3504z m131.4304 278.9376c0 29.5936 16.0768 46.2336 44.1856 46.2336 28.16 0 44.1344-16.64 44.1344-46.2336v-75.2128h105.8816v75.264c0 29.5424 16.0256 46.1824 44.1344 46.1824 28.16 0 44.1856-16.64 44.1856-46.2336V401.7664c0-29.5936-16.0768-46.2848-44.1856-46.2848-28.16 0-44.1344 16.6912-44.1344 46.2848v73.1136H305.1008V401.7664c0-29.5936-16.0256-46.2848-44.1344-46.2848-28.16 0-44.1856 16.6912-44.1856 46.2848v218.5216z m324.1984-5.2224c0 29.5936 16.0256 46.2848 44.1344 46.2848h84.3776c91.0336 0 144.7936-56.2688 144.7936-152.5248 0-96.256-53.5552-148.1216-144.7936-148.1216h-84.3776c-28.16 0-44.1344 16.6912-44.1344 46.2336v208.128z
0xe695	M384 554.688c79.488 0 146.176 54.4 165.12 128h304.256a42.688 42.688 0 0 1 0 85.312H549.12a170.496 170.496 0 0 1-330.24 0h-48.192a42.688 42.688 0 1 1 0-85.312h48.256c18.944-73.6 85.504-128 165.056-128zM384 640a85.312 85.312 0 1 0 0 170.624A85.312 85.312 0 0 0 384 640z m256-512c79.488 0 146.048 54.4 165.056 128h48.32a42.688 42.688 0 0 1 0 85.376h-48.32a170.496 170.496 0 0 1-330.112 0H170.688a42.688 42.688 0 0 1 0-85.376H474.88C493.888 182.4 560.448 128 640 128z m0 85.376a85.248 85.248 0 1 0-0.064 170.56 85.248 85.248 0 0 0 0-170.56z
0xe694	M811.84 544A298.624 298.624 0 0 0 513.28 245.376c-84.16 0-145.088 28.992-204.16 85.312H384A42.688 42.688 0 0 1 384 416H234.752a64 64 0 0 1-64-64V202.688a42.688 42.688 0 0 1 85.312 0v60.8c69.248-64 148.288-103.488 257.28-103.488a384 384 0 1 1-362.24 512 42.688 42.688 0 0 1 80.512-28.48A298.688 298.688 0 0 0 811.84 544z
0xe691	M93.8496 768V213.2992a76.8 76.8 0 0 1 76.8-76.8h233.216c25.6512 0 49.664 12.8512 63.8976 34.2016l60.0064 90.0096a8.5504 8.5504 0 0 0 7.0656 3.7888h318.5152a76.8 76.8 0 0 1 76.8 76.8V768a76.8 76.8 0 0 1-76.8 76.8H170.6496a76.8 76.8 0 0 1-76.8-76.8z m68.3008 0c0 4.7104 3.7888 8.4992 8.4992 8.4992h682.7008a8.4992 8.4992 0 0 0 8.4992-8.4992V341.2992a8.4992 8.4992 0 0 0-8.4992-8.4992h-318.464a76.8 76.8 0 0 1-63.9488-34.2016L410.9312 208.64A8.5504 8.5504 0 0 0 403.8656 204.8H170.6496a8.4992 8.4992 0 0 0-8.4992 8.4992V768z
0xe68d	M2.987029 490.753399a484.815913 484.815913 0 1 1 969.559107 0A484.815913 484.815913 0 0 1 2.987029 490.753399z m373.628942-179.760753a48.503407 48.503407 0 1 0-68.573782 68.573783l111.18697 111.18697-111.18697 111.114251a48.503407 48.503407 0 1 0 68.573782 68.573783L487.802942 559.327181l111.114251 111.259689a48.503407 48.503407 0 0 0 68.573782-68.646501L556.376724 490.753399l111.259689-111.18697a48.503407 48.503407 0 0 0-68.646501-68.573783L487.802942 422.179617 376.615971 310.992646z
0xe68e	M170.666667 640v213.333333h256v-213.333333H170.666667z m682.666666-42.666667V213.333333H213.333333v213.333334a42.666667 42.666667 0 1 1-85.333333 0V213.333333a85.333333 85.333333 0 0 1 85.333333-85.333333h640a85.333333 85.333333 0 0 1 85.333334 85.333333v384a85.333333 85.333333 0 0 1-85.333334 85.333334h-213.333333a42.666667 42.666667 0 1 1 0-85.333334h213.333333z m-341.333333 256a85.333333 85.333333 0 0 1-85.333333 85.333334H170.666667a85.333333 85.333333 0 0 1-85.333334-85.333334v-213.333333a85.333333 85.333333 0 0 1 85.333334-85.333333h256a85.333333 85.333333 0 0 1 85.333333 85.333333v213.333333z m256-384a42.666667 42.666667 0 1 1-85.333333 0v-25.002666l-55.168 55.168a42.666667 42.666667 0 1 1-60.330667-60.330667L622.336 384H597.333333a42.666667 42.666667 0 1 1 0-85.333333h128a42.666667 42.666667 0 0 1 42.666667 42.666666v128z
0xe68f	M256 469.312v384h512v-384H256z m213.312 256v-128a42.688 42.688 0 0 1 85.312 0v128a42.688 42.688 0 1 1-85.312 0zM640 298.688a128 128 0 0 0-256 0V384h256V298.688zM725.312 384H768c47.104 0 85.312 38.208 85.312 85.312v384c0 47.104-38.144 85.376-85.312 85.376H256a85.376 85.376 0 0 1-85.376-85.376v-384C170.624 422.208 208.896 384 256 384h42.624V298.688a213.376 213.376 0 0 1 426.688 0V384z
0xe690	M682.666667 640H341.333333v213.333333h341.333334v-213.333333z m-298.666667-213.333333a42.666667 42.666667 0 1 1 0 85.333333H298.666667a42.666667 42.666667 0 1 1 0-85.333333h85.333333zM170.666667 341.333333v341.333334h85.333333v-85.333334a42.666667 42.666667 0 0 1 42.666667-42.666666h426.666666a42.666667 42.666667 0 0 1 42.666667 42.666666v85.333334h85.333333V341.333333H170.666667z m170.666666-170.666666v85.333333h341.333334V170.666667H341.333333z m426.666667 85.333333h85.333333a85.333333 85.333333 0 0 1 85.333334 85.333333v341.333334a85.333333 85.333333 0 0 1-85.333334 85.333333h-85.333333v85.333333a85.333333 85.333333 0 0 1-85.333333 85.333334H341.333333a85.333333 85.333333 0 0 1-85.333333-85.333334v-85.333333H170.666667a85.333333 85.333333 0 0 1-85.333334-85.333333V341.333333a85.333333 85.333333 0 0 1 85.333334-85.333333h85.333333V170.666667a85.333333 85.333333 0 0 1 85.333333-85.333334h341.333334a85.333333 85.333333 0 0 1 85.333333 85.333334v85.333333z
0xe687	M553.984 131.584a85.2992 85.2992 0 0 1 133.4784-16.384l221.3888 221.2864c39.2704 39.2704 31.1296 105.0112-16.4352 133.5808l-152.1664 91.2896-81.7152 277.76a85.3504 85.3504 0 0 1-142.1824 36.2496l-153.7024-153.7024-161.792 161.8432a42.7008 42.7008 0 0 1-60.3648-60.3648l161.792-161.792-153.6-153.7024a85.3504 85.3504 0 0 1 36.1984-142.1824l277.76-81.7152L553.984 131.584z m-18.176 196.096a85.4016 85.4016 0 0 1-49.152 37.9904V365.568L209.0496 447.2832l367.7184 367.7184 81.6128-277.76c6.0416-20.48 19.6608-38.0416 38.0416-49.1008l152.1152-91.2896-221.3376-221.3888L535.808 327.68z
0xe688	M687.4624 115.1488a85.3504 85.3504 0 0 0-133.4784 16.384L462.6432 283.8016 184.9344 365.4656a85.3504 85.3504 0 0 0-36.3008 142.1824l153.7024 153.6512-161.792 161.8432a42.6496 42.6496 0 1 0 60.3136 60.3648l161.792-161.8432 153.7024 153.6512c45.7728 45.824 123.904 25.9072 142.1824-36.2496l81.7152-277.7088L892.416 470.016a85.3504 85.3504 0 0 0 16.4352-133.5296L687.4624 115.2z
0xe689	M495.616 85.312A128 128 0 0 1 622.08 233.088l-16.896 108.224h165.504a170.688 170.688 0 0 1 169.152 193.728l-29.184 213.312A170.688 170.688 0 0 1 741.632 896H170.688a85.376 85.376 0 0 1-85.376-85.312V512c0-47.104 38.272-85.312 85.376-85.312h101.632l158.848-317.76 3.072-5.12a42.688 42.688 0 0 1 35.072-18.496h26.304zM341.312 479.424v331.264h400.32c42.624 0 78.72-31.552 84.48-73.792l29.12-213.376a85.312 85.312 0 0 0-84.544-96.832H555.392a42.752 42.752 0 0 1-42.24-49.28l24.576-157.504a42.624 42.624 0 0 0-42.112-49.216L341.312 479.424z m-170.624 331.264H256V512H170.688v298.688z
0xe68a	M298.688 853.376V170.688a42.688 42.688 0 0 1 85.312 0v682.688a42.624 42.624 0 0 1-85.312 0zM640 768V256a42.688 42.688 0 0 1 85.376 0v512A42.688 42.688 0 0 1 640 768z m-170.624-85.312V341.376a42.688 42.688 0 1 1 85.312 0v341.312a42.688 42.688 0 0 1-85.312 0zM128 597.376V426.688a42.688 42.688 0 0 1 85.376 0v170.688a42.688 42.688 0 0 1-85.376 0z m682.688 0V426.688a42.688 42.688 0 0 1 85.312 0v170.688a42.624 42.624 0 0 1-85.312 0z
0xe68b	M768 213.376V512h85.312V213.376H768z m-483.456 0c-42.304 0-78.336 31.36-84.096 73.728L171.52 500.48a85.12 85.12 0 0 0 84.032 96.896h214.592a42.688 42.688 0 0 1 42.176 49.152l-24.512 157.504a42.56 42.56 0 0 0 41.6 49.28l153.28-308.736V213.376h-398.08zM938.688 512c0 47.104-38.272 85.376-85.376 85.376h-101.504L605.76 891.52a84.928 84.928 0 0 1-76.096 47.168 127.936 127.936 0 0 1-126.144-147.712l16.832-108.288H255.552A170.496 170.496 0 0 1 86.912 488.96l28.992-213.376A170.432 170.432 0 0 1 284.544 128h568.768c47.104 0 85.376 38.208 85.376 85.376V512z
0xe68c	M138.688 588.16c22.72 0 41.088 18.432 41.088 41.152 0 57.344 40.576 105.152 94.592 116.352v-43.776c0-21.696 26.24-32.64 41.6-17.28l87.424 87.488a24.384 24.384 0 0 1 0 34.496l-87.36 87.424c-15.36 15.36-41.6 4.48-41.6-17.28v-47.808a201.088 201.088 0 0 1-176.896-199.616c0-22.72 18.432-41.088 41.152-41.088zM746.688 128c23.552 0 42.624 19.072 42.624 42.688v512a42.688 42.688 0 1 1-85.312 0v-512c0-23.616 19.136-42.688 42.688-42.688zM281.344 361.6c15.36-15.36 41.6-4.48 41.6 17.28v50.816a201.088 201.088 0 0 1 176.832 199.68 41.088 41.088 0 1 1-82.24 0c0-57.344-40.576-105.216-94.592-116.416v40.768c0 21.76-26.24 32.64-41.6 17.28L193.92 483.456a24.384 24.384 0 0 1 0-34.496L281.344 361.6zM597.312 256c23.616 0 42.688 19.072 42.688 42.688v170.624a42.688 42.688 0 1 1-85.312 0V298.688c0-23.616 19.072-42.688 42.624-42.688zM896 341.312c23.552 0 42.688 19.136 42.688 42.688v85.312a42.688 42.688 0 0 1-85.376 0V384c0-23.552 19.136-42.688 42.688-42.688zM448 170.688c23.552 0 42.688 19.072 42.688 42.624V320a42.688 42.688 0 1 1-85.376 0V213.312c0-23.552 19.136-42.624 42.688-42.624z
0xe685	M619.24324921 880.22216477c13.31525063 0.83220366 27.0188635 4.21649635 41.16631666 10.15287808s25.96473856 13.37073095 35.45185507 22.41400604c6.76858539 6.21378333 6.65762589 12.20564651-0.44384142 17.80914745a105.96720413 105.96720413 0 0 1-39.00258873 17.75366827 116.95228587 116.95228587 0 0 1-42.49784206 3.88361443 130.10109667 130.10109667 0 0 1-41.16631666-11.09604238 120.50301952 120.50301952 0 0 1-35.89569764-22.41400491c-7.98915015-7.32338745-7.10146731-13.98101333 2.66305082-19.9173962 10.92960142-6.49118493 23.63456967-11.42892317 38.05942442-14.81321699 14.75773667-3.32881237 28.62778937-4.66033778 41.61015922-3.77265379z m88.54641778-137.70188573c6.21378333-8.43299271 12.87140921-8.87683413 19.97287651-1.22056477 9.09875427 9.59807715 16.64406301 21.13796096 22.52496555 34.7306132 6.21378333 13.53717191 9.76451698 26.51954062 10.65220096 38.9471084 1.77536683 13.31525063 0.2774016 26.96338318-4.43841764 41.05535602-4.7158181 14.42485475-11.48440349 26.57502094-20.36123762 36.4504997-6.21378333 6.49118493-12.20564651 6.49118493-18.14202936 0a106.85488811 106.85488811 0 0 1-22.58044587-33.84292921 112.18098745 112.18098745 0 0 1-9.76451698-39.83479239 124.83047651 124.83047651 0 0 1 4.88225906-39.39094983c4.10553571-14.14745429 9.87547762-26.40858112 17.25434539-36.89434112z m-207.66243272 28.40586923c12.64948793 3.93909475 25.07705571 10.54124032 37.17174272 19.91739506 12.09468587 9.04327395 21.58180238 19.02971221 28.29490746 30.07027541 4.77129842 7.60078905 2.82949063 13.25977031-5.71446159 16.9214646a108.18641237 108.18641237 0 0 1-42.49784206 8.04463047 112.07002795 112.07002795 0 0 1-42.05400064-6.76858652 123.94279253 123.94279253 0 0 1-36.78338048-20.74959872 125.94008064 125.94008064 0 0 1-28.29490745-30.51411684c-5.3815808-8.98779477-2.99593159-15.09061746 7.04598699-18.19750855a128.71409095 128.71409095 0 0 1 41.61015808-5.54802176c15.36801906 0.33288078 29.07163079 2.60757049 41.22179697 6.82406685z m122.22290717-111.79262749c8.21107143-7.37886777 14.86869618-6.21378333 19.91739506 3.32881351 6.15830301 11.65084445 10.31931904 24.63321429 12.37208747 39.00258873 2.38564921 14.42485475 2.38564921 28.07298731 0 41.05535602a111.73714603 111.73714603 0 0 1-16.36666255 38.55874731 98.08901461 98.08901461 0 0 1-28.79422919 29.68191317c-7.98915015 5.32610048-14.03649365 3.88361443-18.14202937-4.27197667a116.06460302 116.06460302 0 0 1-10.65220096-79.22574223c2.66304967-12.09468587 7.71174969-24.41129301 15.09061746-36.83885966 7.65626937-12.64948793 16.5331035-23.13524793 26.57502208-31.29084018z m-304.25348096-44.93897045c-1.49796523-10.15287922 3.10689223-14.81321699 13.70361173-13.98101334 13.31525063 1.10960413 26.7414619 4.82677874 40.33411414 11.04056207a120.66946048 120.66946048 0 0 1 60.19603 54.20416683c7.10146731 12.76044857 11.53988381 25.52089714 13.31525064 38.55874616 1.16508445 9.32067555-2.99593159 13.70361173-12.42756779 13.09333049a110.12822016 110.12822016 0 0 1-42.49784206-8.04463047 110.40562062 110.40562062 0 0 1-35.45185508-22.85784746 131.48810126 131.48810126 0 0 1-24.79965411-33.45456811 114.45567715 114.45567715 0 0 1-12.37208747-38.55874617z m247.99654571-35.5073354c10.92960142-3.71717461 16.5331035-0.16644096 16.81050396 10.54123918 0.88768285 12.70496825-0.72124302 26.0756992-4.88225792 40.2231535-3.82813411 14.14745429-9.59807715 26.57502094-17.25434652 37.28270222a105.19048078 105.19048078 0 0 1-30.5141157 29.23807175 109.5734181 109.5734181 0 0 1-39.44643129 16.08926208c-9.43163619 1.66440619-14.42485475-1.83084715-15.09061746-10.59672064a118.94957397 118.94957397 0 0 1 23.02428843-77.11749461c7.71174969-10.15287922 17.75366827-19.41807445 30.1257546-27.90654635a124.27567445 124.27567445 0 0 1 37.17174158-17.75366713z m-73.95512206-94.03895922c9.43163619-8.21107143 21.2489216-14.86869618 35.39637475-19.97287651 14.48033507-4.99321856 28.35038777-7.87818951 41.61015922-8.43299157 10.65220096-0.2774016 15.25705842 4.66033778 13.75909205 14.81321586-2.66304967 12.42756779-7.98915015 24.96609507-15.92281998 37.72654478-7.71174969 12.70496825-16.64406301 23.30168889-27.0188635 31.73468046-10.04191858 9.04327395-22.41400605 15.97830144-37.17174158 20.74959872a122.27838635 122.27838635 0 0 1-42.99716381 6.38022428c-8.87683413-0.88768285-12.53852729-5.54802062-11.09604238-13.98101333 2.38564921-12.42756779 7.43434809-24.96609507 15.09061745-37.72654365a114.84403826 114.84403826 0 0 1 28.29490746-31.29083904z m-172.70989824-54.25964714c1.16508445-10.70768128 6.93502635-14.09197397 17.25434538-10.15287808 12.42756779 4.54937714 24.41129301 11.42892317 35.8956965 20.74959872 11.81728541 9.04327395 21.3598811 18.91875271 28.73875001 29.68191317 6.82406571 10.98508174 11.81728541 23.69004999 15.09061745 38.11490589 3.55073365 14.09197397 4.4384165 27.35174429 2.66305082 39.77931093-1.22056477 9.04327395-6.38022429 12.31660715-15.53446002 9.76451698a106.41104555 106.41104555 0 0 1-38.50326699-18.25298887 99.53149952 99.53149952 0 0 1-27.90654635-30.90247794 116.95228587 116.95228587 0 0 1-17.75366712-78.7819008z m196.17802808-82.11071318c12.37208747-4.54937714 26.0756992-6.82406571 41.16631666-6.8240657 15.09061746-0.2774016 28.96067015 1.55344555 41.61015922 5.54802062 10.04191858 3.05141191 12.42756779 8.98779477 7.1014673 17.75366827a116.78584605 116.78584605 0 0 1-27.90654748 30.51411569c-11.81728541 9.59807715-24.18937173 16.64406301-37.17174158 21.13796096a113.51251285 113.51251285 0 0 1-42.49784206 7.65626938 108.96313571 108.96313571 0 0 1-41.61015808-8.4884719c-8.87683413-3.93909475-10.98508174-9.70903666-6.21378446-17.36530716 7.04598699-10.98508174 16.5331035-21.02700032 28.29490858-30.07027428a119.28245475 119.28245475 0 0 1 37.17174158-19.9173962z m-142.58414364-107.6316103c4.99321856-9.04327395 11.65084445-10.43027968 19.91739506-4.21649636 9.70903666 8.21107143 18.41942983 18.64135111 26.07570034 31.34631936a109.62889842 109.62889842 0 0 1 17.25434538 77.94969714c-1.66440619 14.42485475-5.71446158 27.18530333-11.87276572 38.50326698-4.4384165 7.93366983-10.54124032 9.32067555-18.19750856 4.27197668a102.86031189 102.86031189 0 0 1-29.23807174-29.68191318 101.36234667 101.36234667 0 0 1-15.92282112-38.50326698 121.94550557 121.94550557 0 0 1-0.44384143-40.27863382c2.05276729-14.64677603 6.21378333-27.79558571 12.42756779-39.39094982z m220.08999936-9.7090378a139.25533127 139.25533127 0 0 1 42.05400064-0.44384142c15.03513714 1.66440619 28.46134841 5.21513984 40.27863268 10.54124032 9.76451698 4.27197667 11.26248334 10.54124032 4.43841763 18.69683143a125.27431794 125.27431794 0 0 1-32.73332509 26.24214016 132.70866603 132.70866603 0 0 1-39.00258872 15.70089984 105.80076317 105.80076317 0 0 1-43.38552605 2.10824761 105.63432334 105.63432334 0 0 1-40.27863267-13.98101334c-7.71174969-4.82677874-8.59943253-10.59672064-2.66305081-17.36530602 7.93366983-10.15287922 18.41942983-19.08519253 31.40179968-26.68598158 13.31525063-7.60078905 26.63050126-12.59400761 39.89027271-14.813217z m-125.38527858-125.38527744c6.26926365-8.48847189 13.03785017-8.87683413 20.41671794-1.27604508 8.87683413 9.87547762 16.08926094 21.47084174 21.69276302 34.73061205 5.93638286 13.31525063 9.32067555 26.0756992 10.2083584 38.55874731 1.16508445 12.70496825-0.33288078 26.0756992-4.4384165 40.22315349a111.90358699 111.90358699 0 0 1-18.14202936 36.8388608c-5.32610048 7.37886777-11.53988381 8.04463047-18.64135112 2.10824761a114.06731491 114.06731491 0 0 1-24.79965411-33.84292921 100.91850525 100.91850525 0 0 1-9.7090378-39.83479125c-0.88768285-12.70496825 0.72124302-26.0756992 4.88225906-40.2231535 4.4384165-14.42485475 10.59672064-26.85242254 18.58587079-37.28270222z m221.47700508-40.2231535c10.92960142-1.44248605 15.75638016 3.10689223 14.59129572 13.53717192a124.71951587 124.71951587 0 0 1-11.92824604 39.39094983c-6.49118493 13.31525063-14.31389411 24.30033237-23.46812872 33.06620587-9.43163619 9.87547762-21.30440078 17.92010809-35.45185621 24.13389254-13.87005269 6.21378333-27.57366557 9.43163619-41.16631665 9.70903666-9.15423459 0.55480206-13.31525063-3.66169429-12.42756779-12.70496824a112.07002795 112.07002795 0 0 1 11.53988494-38.50326699c6.49118493-13.31525063 14.42485475-24.41129301 23.85649095-33.51004843 9.48711651-8.71039317 21.02700032-16.36666254 34.5641711-22.85784633a132.04290333 132.04290333 0 0 1 39.8902727-12.26112683z
0xe686	M404.75675079 880.22216477c-13.31525063 0.83220366-27.0188635 4.21649635-41.16631666 10.15287808a114.6775973 114.6775973 0 0 0-35.45185507 22.41400604c-6.76858539 6.21378333-6.65762589 12.20564651 0.44384142 17.80914745 10.92960142 8.21107143 23.91197127 14.09197397 39.00258873 17.75366827 14.75773667 3.99457507 28.90518983 5.27062016 42.49784206 3.88361443 13.31525063-1.16508445 27.0188635-4.82677874 41.16631666-11.09604238 14.20293461-5.88090254 26.13117952-13.31525063 35.89569764-22.41400491 7.98915015-7.32338745 7.10146731-13.98101333-2.66305082-19.9173962a133.92923079 133.92923079 0 0 0-38.05942442-14.81321699 144.41499079 144.41499079 0 0 0-41.61015922-3.77265379z m-88.54641778-137.70188573c-6.21378333-8.43299271-12.87140921-8.87683413-19.97287651-1.22056477-9.09875427 9.59807715-16.64406301 21.13796096-22.52496555 34.7306132a113.29059271 113.29059271 0 0 0-10.65220096 38.9471084c-1.77536683 13.31525063-0.2774016 26.96338318 4.43841764 41.05535602 4.7158181 14.42485475 11.48440349 26.57502094 20.36123762 36.4504997 6.21378333 6.49118493 12.20564651 6.49118493 18.14202936 0 9.15423459-9.04327395 16.69954333-20.36123762 22.58044587-33.84292921 5.93638286-13.59265223 9.15423459-26.85242254 9.76451698-39.83479239 0.55480206-12.42756779-1.05412381-25.57637746-4.88225906-39.39094983a123.38799047 123.38799047 0 0 0-17.25434539-36.89434112z m207.66243272 28.40586923c-12.64948793 3.93909475-25.07705571 10.54124032-37.17174272 19.91739506a109.73985906 109.73985906 0 0 0-28.29490746 30.07027541c-4.77129842 7.60078905-2.82949063 13.25977031 5.71446159 16.9214646 12.70496825 5.3815808 26.85242254 8.04463047 42.49784206 8.04463047 15.36801906 0.2774016 29.40451271-1.94180779 42.05400064-6.76858652 12.42756779-4.21649635 24.68869461-11.1515227 36.78338048-20.74959872 11.81728541-9.32067555 21.2489216-19.47355477 28.29490745-30.51411684 5.3815808-8.98779477 2.99593159-15.09061746-7.04598699-18.19750855a128.71409095 128.71409095 0 0 0-41.61015808-5.54802176 131.5990619 131.5990619 0 0 0-41.22179697 6.82406685z m-122.22290717-111.79262749c-8.26655175-7.37886777-14.86869618-6.21378333-19.91739506 3.32881351a117.06324651 117.06324651 0 0 0-12.37208747 39.00258873c-2.38564921 14.42485475-2.38564921 28.07298731 0 41.05535602 2.66304967 13.03785017 8.10011079 25.85377906 16.36666255 38.55874731 7.98915015 12.42756779 17.58722731 22.30304541 28.79422919 29.68191317 7.98915015 5.32610048 14.03649365 3.88361443 18.14202937-4.27197667a115.95364238 115.95364238 0 0 0 10.65220096-79.22574223 124.44211427 124.44211427 0 0 0-15.09061746-36.83885966 119.89273714 119.89273714 0 0 0-26.57502208-31.29084018z m304.25348096-44.93897045c1.49796523-10.15287922-3.10689223-14.81321699-13.70361173-13.98101334-13.31525063 1.10960413-26.7414619 4.82677874-40.33411414 11.04056207a120.66946048 120.66946048 0 0 0-60.19603 54.20416683c-7.10146731 12.76044857-11.53988381 25.52089714-13.31525064 38.55874616-1.16508445 9.32067555 2.94045127 13.70361173 12.42756779 13.09333049 13.87005269 0.33288078 28.01750699-2.38564921 42.49784206-8.04463047a110.40562062 110.40562062 0 0 0 35.45185508-22.85784746c9.43163619-9.04327395 17.69818795-20.19479666 24.79965411-33.45456811 6.76858539-13.31525063 10.92960142-26.0756992 12.37208747-38.55874617z m-247.99654571-35.5073354c-10.92960142-3.71717461-16.5331035-0.16644096-16.81050396 10.54123918-0.88768285 12.70496825 0.72124302 26.0756992 4.88225792 40.2231535 3.82813411 14.14745429 9.59807715 26.57502094 17.25434652 37.28270222 7.37886777 11.04056206 17.58722731 20.74959872 30.5141157 29.23807175 12.76044857 8.15559111 25.85377906 13.53717191 39.44643129 16.08926208 9.43163619 1.66440619 14.42485475-1.83084715 15.03513714-10.59672064a118.89409365 118.89409365 0 0 0-23.02428843-77.11749461 126.88324381 126.88324381 0 0 0-30.07027428-27.90654635 124.27567445 124.27567445 0 0 0-37.17174158-17.75366713z m73.95512206-94.03895922a110.29466112 110.29466112 0 0 0-35.39637475-19.97287651 144.08211001 144.08211001 0 0 0-41.61015922-8.43299157c-10.65220096-0.2774016-15.25705842 4.66033778-13.75909205 14.81321586 2.66304967 12.42756779 7.98915015 24.96609507 15.92281998 37.72654478 7.71174969 12.70496825 16.64406301 23.30168889 27.0188635 31.73468046 10.04191858 9.04327395 22.41400605 15.97830144 37.17174158 20.74959872 14.81321699 4.82677874 29.12711111 6.93502635 42.99716381 6.38022428 8.87683413-0.88768285 12.53852729-5.54802062 11.09604238-13.98101333a114.28923619 114.28923619 0 0 0-15.09061745-37.72654365 114.73307762 114.73307762 0 0 0-28.29490746-31.29083904z m172.70989824-54.25964714c-1.16508445-10.70768128-6.93502635-14.09197397-17.25434538-10.15287808a125.32979826 125.32979826 0 0 0-35.8956965 20.74959872 131.32166144 131.32166144 0 0 0-28.73875001 29.68191317 123.94279253 123.94279253 0 0 0-15.09061745 38.11490589 103.19319381 103.19319381 0 0 0-2.66305082 39.77931093c1.16508445 9.04327395 6.38022429 12.31660715 15.53446002 9.76451698 13.31525063-3.10689223 26.0756992-9.20971491 38.50326699-18.25298887 12.09468587-8.98779477 21.41536142-19.30711381 27.90654635-30.90247794a117.06324651 117.06324651 0 0 0 17.75366712-78.7819008z m-196.17802808-82.11071318a119.55985635 119.55985635 0 0 0-41.16631666-6.8240657 131.09974016 131.09974016 0 0 0-41.61015922 5.54802062c-10.04191858 3.05141191-12.42756779 8.98779477-7.1014673 17.75366827 6.49118493 10.70768128 15.75638016 20.91603968 27.90654748 30.51411569 11.76180509 9.59807715 24.18937173 16.64406301 37.17174158 21.13796096 12.70496825 5.1041792 26.85242254 7.65626937 42.49784206 7.65626938 15.36801906-0.2774016 29.23807175-3.10689223 41.61015808-8.4884719 8.87683413-3.93909475 10.98508174-9.70903666 6.26926478-17.36530716a119.44889571 119.44889571 0 0 0-28.3503889-30.07027428 119.28245475 119.28245475 0 0 0-37.17174158-19.9173962z m142.58414364-107.6316103c-4.99321856-9.04327395-11.65084445-10.43027968-19.91739506-4.21649636a124.60855523 124.60855523 0 0 0-26.07570034 31.34631936 109.68437874 109.68437874 0 0 0-17.25434538 77.94969714c1.66440619 14.42485475 5.71446158 27.18530333 11.87276572 38.50326698 4.4384165 7.93366983 10.54124032 9.32067555 18.19750856 4.27197668 11.20700302-7.37886777 20.91603968-17.19886507 29.23807174-29.68191318 8.26655175-12.42756779 13.53717191-25.24349667 15.92282112-38.50326698 2.33016889-12.42756779 2.49660985-25.85377906 0.44384143-40.27863382a117.50708793 117.50708793 0 0 0-12.42756779-39.39094982z m-220.08999936-9.7090378a139.25533127 139.25533127 0 0 0-42.05400064-0.44384142c-15.03513714 1.66440619-28.51682873 5.21513984-40.27863268 10.54124032-9.76451698 4.27197667-11.26248334 10.54124032-4.43841763 18.69683143 8.54395221 9.87547762 19.47355477 18.64135111 32.73332509 26.24214016 13.03785017 7.65626937 26.02021888 12.87140921 39.00258872 15.70089984 13.59265223 3.66169429 28.01750699 4.32745699 43.38552605 2.10824761s28.79423033-6.93502635 40.27863267-13.98101334c7.71174969-4.82677874 8.59943253-10.59672064 2.66305081-17.36530602a110.12822016 110.12822016 0 0 0-31.40179968-26.68598158 120.66946048 120.66946048 0 0 0-39.89027271-14.813217z m125.38527858-125.38527744c-6.26926365-8.48847189-13.03785017-8.87683413-20.41671794-1.27604508a123.72087239 123.72087239 0 0 0-21.69276302 34.73061205c-5.93638286 13.31525063-9.32067555 26.0756992-10.2083584 38.55874731-1.16508445 12.70496825 0.33288078 26.0756992 4.4384165 40.22315349 4.16101603 14.14745429 10.2083584 26.40858112 18.14202936 36.8388608 5.32610048 7.37886777 11.53988381 8.04463047 18.64135112 2.10824761 9.98643826-9.32067555 18.30847033-20.5831589 24.79965411-33.84292921 6.15830301-13.59265223 9.43163619-26.85242254 9.7090378-39.83479125a114.45567715 114.45567715 0 0 0-4.88225906-40.2231535 117.89545017 117.89545017 0 0 0-18.58587079-37.28270222zM334.74072349 65.38429667c-10.92960142-1.44248605-15.81186048 3.10689223-14.59129572 13.53717078 1.44248605 12.76044857 5.43706112 25.85377906 11.92824604 39.39095097 6.49118493 13.31525063 14.31389411 24.30033237 23.46812985 33.06620587 9.43163619 9.87547762 21.2489216 17.92010809 35.45185508 24.13389254 13.87005269 6.21378333 27.57366557 9.43163619 41.16631665 9.70903666 9.15423459 0.55480206 13.31525063-3.66169429 12.42756779-12.70496824a111.90358699 111.90358699 0 0 0-11.5398838-38.50326699c-6.49118493-13.31525063-14.42485475-24.41129301-23.85649209-33.51004843a137.92380587 137.92380587 0 0 0-34.5641711-22.85784633 132.04290333 132.04290333 0 0 0-39.8902727-12.26112683z
0xe682	M512 298.6496a128 128 0 0 0 128 128h213.3504V768a170.6496 170.6496 0 0 1-170.7008 170.6496H364.544l17.2544-44.9024 59.648-22.8864a110.1824 110.1824 0 0 0 0-205.7216l-59.648-22.9376-22.9376-59.5968-3.328-7.7824a110.1824 110.1824 0 0 0-184.832-22.272V256a170.6496 170.6496 0 0 1 170.7008-170.6496H512v213.2992z M389.7856 736.7168l20.992 8.0896-77.3632-29.696 56.3712 21.6064zM828.3136 341.3504H640a42.6496 42.6496 0 0 1-42.6496-42.7008V110.336l230.9632 231.0144z M308.9408 690.5856l-29.7472-77.312a24.832 24.832 0 0 0-46.3872 0l-29.696 77.312a42.6496 42.6496 0 0 1-24.576 24.4736l-77.312 29.7472a24.832 24.832 0 0 0 0 46.3872l77.312 29.696c11.264 4.352 20.224 13.312 24.576 24.576l29.696 77.312a24.832 24.832 0 0 0 46.3872 0l29.696-77.312a42.6496 42.6496 0 0 1 24.576-24.576l77.312-29.696a24.832 24.832 0 0 0 0-46.3872l-77.3632-29.696a42.6496 42.6496 0 0 1-24.4736-24.576z
0xe683	M298.8032 213.333333a42.666667 42.666667 0 0 1 4.394667 85.12l-9.642667 0.426667a58.069333 58.069333 0 0 0-52.053333 48.298667L231.816533 405.333333H277.469867a42.666667 42.666667 0 0 1 0 85.333334H217.608533l-33.365333 200.149333A143.402667 143.402667 0 0 1 42.8032 810.666667a42.666667 42.666667 0 0 1-4.394667-85.12l9.642667-0.426667a58.069333 58.069333 0 0 0 52.053333-48.298667l30.976-186.154666H106.8032a42.666667 42.666667 0 1 1 0-85.333334h38.485333l12.074667-72.149333A143.402667 143.402667 0 0 1 298.8032 213.333333z m130.858667 69.973334a42.666667 42.666667 0 0 1 79.616 30.72c-53.077333 137.258667-53.077333 258.688 0 395.946666a42.666667 42.666667 0 0 1-79.616 30.72c-60.714667-157.013333-60.714667-300.373333 0-457.386666z m493.781333-24.448a42.666667 42.666667 0 0 1 55.168 24.448c60.672 157.013333 60.672 300.373333 0 457.386666a42.666667 42.666667 0 0 1-79.616-30.72c53.077333-137.258667 53.077333-258.688 0-395.946666a42.666667 42.666667 0 0 1 24.448-55.168z m-167.296 119.808a42.666667 42.666667 0 0 1 66.645333 53.333333L758.792533 512l64 80a42.666667 42.666667 0 0 1-66.645333 53.333333L704.136533 580.352l-52.010666 64.981333a42.666667 42.666667 0 0 1-66.645334-53.333333l64-80-64-80a42.666667 42.666667 0 0 1 66.645334-53.333333l52.010666 64.981333 52.010667-64.981333z
0xe684	M552.8576 115.712a42.6496 42.6496 0 0 0-81.7152 0c-30.72 102.3488-70.5024 175.3088-125.3376 230.0928-54.784 54.8352-127.744 94.6176-230.0416 125.3376a42.6496 42.6496 0 0 0 0 81.7152c102.2976 30.72 175.2576 70.5024 230.0416 125.2864 54.8352 54.8352 94.6176 127.7952 125.3376 230.0928a42.6496 42.6496 0 0 0 81.7152 0c30.72-102.2976 70.5024-175.2576 125.2864-230.0928 54.8352-54.784 127.7952-94.5664 230.0928-125.2864a42.6496 42.6496 0 0 0 0-81.7152c-102.2976-30.72-175.2576-70.5024-230.0928-125.3376-54.784-54.784-94.5664-127.744-125.2864-230.0416z
0xe665	M170.6496 640c23.552 0 42.7008 19.0976 42.7008 42.6496v128h128a42.6496 42.6496 0 0 1 0 85.3504h-128c-47.104 0-85.3504-38.1952-85.3504-85.3504v-128c0-23.552 19.0976-42.6496 42.6496-42.6496zM853.3504 640c23.552 0 42.6496 19.0976 42.6496 42.6496v128c0 47.104-38.1952 85.3504-85.3504 85.3504h-128a42.6496 42.6496 0 0 1 0-85.3504h128v-128c0-23.552 19.0976-42.6496 42.7008-42.6496zM554.6496 554.6496a42.6496 42.6496 0 1 1 0 85.3504H384a42.6496 42.6496 0 0 1 0-85.3504h170.6496zM640 384a42.6496 42.6496 0 0 1 0 85.3504h-256a42.6496 42.6496 0 0 1 0-85.3504h256zM341.3504 128a42.6496 42.6496 0 0 1 0 85.3504h-128v128a42.6496 42.6496 0 0 1-85.3504 0v-128c0-47.104 38.1952-85.3504 85.3504-85.3504h128zM810.6496 128c47.104 0 85.3504 38.1952 85.3504 85.3504v128a42.6496 42.6496 0 0 1-85.3504 0v-128h-128a42.6496 42.6496 0 0 1 0-85.3504h128z
0xe667	M97.792 97.792a42.6496 42.6496 0 0 1 60.416 0l768 768a42.6496 42.6496 0 1 1-60.416 60.416l-115.456-115.5584h-476.672l55.1936 55.1936a42.6496 42.6496 0 1 1-60.3648 60.3136l-128-128a42.6496 42.6496 0 0 1 0-60.3136l128-128a42.6496 42.6496 0 0 1 60.3648 60.3136l-55.1936 55.1936h391.3216L238.336 298.6496h-24.9856v170.7008a42.6496 42.6496 0 1 1-85.3504 0V298.6496c0-29.952 15.4624-56.32 38.8096-71.5264L97.792 158.208a42.6496 42.6496 0 0 1 0-60.3136z m597.3504 0a42.6496 42.6496 0 0 1 60.3648 0l128 128a42.6496 42.6496 0 0 1 0 60.416l-128 128a42.6496 42.6496 0 0 1-60.3648-60.416l55.1936-55.1424H469.3504a42.6496 42.6496 0 1 1 0-85.2992h280.9856l-55.1936-55.1936a42.6496 42.6496 0 0 1 0-60.3136z m200.8576 456.8576V640a42.6496 42.6496 0 0 1-85.3504 0v-85.3504a42.6496 42.6496 0 0 1 85.3504 0z
0xe669	M853.3504 512a341.3504 341.3504 0 1 0-682.7008 0 341.3504 341.3504 0 0 0 682.7008 0zM512 384a128 128 0 1 1 0 256 128 128 0 0 1 0-256z m426.6496 128A426.6496 426.6496 0 0 1 512 938.6496 426.6496 426.6496 0 0 1 85.3504 512 426.6496 426.6496 0 0 1 512 85.3504 426.6496 426.6496 0 0 1 938.6496 512z
0xe66a	M128 277.3504a149.3504 149.3504 0 1 1 298.6496 0v64h170.7008v-64a149.3504 149.3504 0 1 1 149.2992 149.2992h-64v170.7008h64a149.3504 149.3504 0 1 1-149.2992 149.2992v-64H426.6496v64a149.3504 149.3504 0 1 1-149.2992-149.2992h64V426.6496h-64A149.3504 149.3504 0 0 1 128 277.3504z m213.3504 64v-64a64 64 0 1 0-64 64h64z m85.2992 85.2992v170.7008h170.7008V426.6496H426.6496z m-85.2992 256h-64a64 64 0 1 0 64 64v-64z m341.2992 0v64a64 64 0 1 0 64-64h-64z m0-341.2992h64a64 64 0 1 0-64-64v64z
0xe66c	M593.9712 85.3504c-38.912 0-70.5536 31.7952-70.5536 71.1168v260.7104a23.6032 23.6032 0 0 1-23.5008 23.7056 23.6032 23.6032 0 0 1-23.5008-23.7056V203.8272c0-39.2704-31.5904-71.0656-70.5536-71.0656-38.912 0-70.5024 31.7952-70.5024 71.0656v284.4672a23.7056 23.7056 0 0 1-14.5408 21.9136 23.3472 23.3472 0 0 1-25.6-5.12l-43.264-43.6224a70.144 70.144 0 0 0-104.96 5.8368l-18.9952 23.9616 135.9872 274.2272a310.4256 310.4256 0 0 0 277.9136 173.1584c171.5712 0 310.6816-140.2368 310.6816-313.2416V440.8832c0-2.048 0.256-4.0448 0.768-5.9392a23.7568 23.7568 0 0 1-0.768-5.888V239.4112c0-39.2704-31.5904-71.1168-70.5024-71.1168-38.9632 0-70.5536 31.8464-70.5536 71.1168v213.3504a23.6032 23.6032 0 0 1-23.552 23.7056 23.6032 23.6032 0 0 1-23.4496-23.7056V156.4672c0-39.3216-31.5904-71.168-70.5536-71.168z
0xe66d	M128 213.3504c0-47.104 38.1952-85.3504 85.3504-85.3504h597.2992c47.104 0 85.3504 38.1952 85.3504 85.3504v597.2992c0 47.104-38.1952 85.3504-85.3504 85.3504H213.3504c-47.104 0-85.3504-38.1952-85.3504-85.3504V213.3504zM213.3504 640v170.6496h597.2992V640H213.3504z m597.2992-85.3504V213.3504H213.3504v195.6352l67.6352-67.6352c33.3312-33.3312 87.3472-33.3312 120.6784 0l213.3504 213.2992h195.6352z m-256-192a106.6496 106.6496 0 1 1 213.3504 0 106.6496 106.6496 0 0 1-213.3504 0zM256 725.3504c0-23.552 19.0976-42.7008 42.6496-42.7008H512A42.6496 42.6496 0 0 1 512 768H298.6496A42.6496 42.6496 0 0 1 256 725.3504z m341.3504 0c0-23.552 19.0976-42.7008 42.6496-42.7008h85.3504a42.6496 42.6496 0 0 1 0 85.3504H640a42.6496 42.6496 0 0 1-42.6496-42.6496z
0xe66e	M576 820.4288a42.7008 42.7008 0 0 1 42.6496 73.8816l-64 36.9664a85.3504 85.3504 0 0 1-85.2992 0l-64-36.9664a42.6496 42.6496 0 1 1 42.6496-73.8816l64 36.9664 64-36.9664zM170.6496 565.2992c23.552 0 42.6496 19.1488 42.7008 42.7008v76.7488l64.0512 37.1712a42.7008 42.7008 0 0 1-42.8032 73.8304l-64.1024-37.1712a85.4016 85.4016 0 0 1-42.496-73.8304v-76.8c0-23.552 19.0976-42.6496 42.6496-42.6496zM853.3504 565.2992c23.552 0 42.6496 19.1488 42.6496 42.7008v76.7488c0 30.4128-16.1792 58.5728-42.496 73.8304l-64.1024 37.1712a42.7008 42.7008 0 1 1-42.8032-73.7792l64.0512-37.2224v-76.8c0-23.552 19.0976-42.6496 42.7008-42.6496zM512 320c11.5712 0 21.9136 7.1168 26.112 17.92l27.4944 71.4752c8.6528 22.528 26.4704 40.3456 48.9984 48.9984l71.4752 27.4944a27.9552 27.9552 0 0 1 0 52.224l-71.4752 27.4432c-22.528 8.704-40.3456 26.5216-48.9984 49.0496l-27.5456 71.4752a27.9552 27.9552 0 0 1-52.1216 0l-27.5456-71.4752a85.4016 85.4016 0 0 0-48.9984-49.0496L337.92 538.112a28.0064 28.0064 0 0 1 0-52.224l71.4752-27.4944c22.528-8.704 40.3456-26.4704 48.9984-48.9984L485.9392 337.92A27.9552 27.9552 0 0 1 512 320zM234.5984 228.2496a42.7008 42.7008 0 0 1 42.8032 73.7792l-64.0512 37.2224v76.7488a42.6496 42.6496 0 1 1-85.3504 0v-76.8c0-30.3616 16.1792-58.5216 42.496-73.7792l64.1024-37.1712zM731.0848 243.712a42.7008 42.7008 0 0 1 58.368-15.4624l64 37.1712c26.368 15.2576 42.496 43.4176 42.5472 73.8304v76.7488a42.6496 42.6496 0 1 1-85.3504 0v-76.8L746.5984 302.08a42.7008 42.7008 0 0 1-15.5136-58.368zM469.3504 92.672a85.3504 85.3504 0 0 1 85.2992 0l64 36.9664a42.6496 42.6496 0 1 1-42.6496 73.8816L512 166.5536l-64 36.9664a42.7008 42.7008 0 0 1-42.6496-73.8816l64-36.9664z
0xe66f	M640 636.2624L512 745.0624v75.5712l128-76.8v-107.5712z m-213.3504 106.752l-145.664-145.664H203.3664c-66.3552 0-107.3152-72.3968-73.216-129.28l76.8-128c15.4624-25.7024 43.2128-41.4208 73.216-41.4208h181.248c107.7248-113.92 229.8368-197.5808 388.2496-211.3536a80.2304 80.2304 0 0 1 87.04 87.04c-13.824 158.4128-97.4336 280.5248-211.3536 388.2496v181.248c0 30.0032-15.7184 57.7536-41.472 73.216l-128 76.8c-56.832 34.0992-129.2288-6.8608-129.2288-73.216v-77.6192zM387.7376 384H280.1664l-76.8 128h75.5712l108.8-128z m-302.3872 426.6496a128 128 0 1 1 128 128h-42.7008c-47.104 0-85.2992-38.1952-85.2992-85.2992v-42.7008z
0xe670	M512 170.6496c0 23.552-19.0976 42.7008-42.6496 42.7008h-256v366.336l97.792-97.8432a42.6496 42.6496 0 0 1 60.3648 0L512 622.336l55.1936-55.1424a42.6496 42.6496 0 0 1 60.3136 0l183.1424 183.1424v-195.6864a42.6496 42.6496 0 0 1 85.3504 0v256c0 8.7552-1.3312 17.2032-3.7376 25.1392a42.7008 42.7008 0 0 1-38.912 60.2112H170.6496a42.6496 42.6496 0 0 1-42.6496-42.6496v-640c0-47.104 38.1952-85.3504 85.3504-85.3504h256c23.552 0 42.6496 19.0976 42.6496 42.6496z M820.9408 178.5856l-29.7472-77.312a24.832 24.832 0 0 0-46.3872 0l-29.696 77.312a42.6496 42.6496 0 0 1-24.576 24.4736l-77.312 29.7472a24.832 24.832 0 0 0 0 46.3872l77.312 29.696c11.264 4.352 20.224 13.312 24.576 24.576l29.696 77.312a24.832 24.832 0 0 0 46.3872 0l29.696-77.312a42.6496 42.6496 0 0 1 24.576-24.576l77.312-29.696a24.832 24.832 0 0 0 0-46.3872l-77.312-29.696a42.6496 42.6496 0 0 1-24.576-24.576z
0xe671	M863.5904 178.5856l-29.696-77.312a24.832 24.832 0 0 0-46.4384 0l-29.696 77.312a42.6496 42.6496 0 0 1-24.5248 24.4736l-77.312 29.7472a24.832 24.832 0 0 0 0 46.3872l77.312 29.696c11.264 4.352 20.1728 13.312 24.5248 24.576l29.696 77.312a24.832 24.832 0 0 0 46.3872 0l29.7472-77.312a42.6496 42.6496 0 0 1 24.5248-24.576l77.312-29.696a24.832 24.832 0 0 0 0-46.3872l-77.312-29.696a42.6496 42.6496 0 0 1-24.5248-24.576z M684.9024 130.2016l-130.2528 50.176v151.296l130.2016 50.0736 50.176 130.2528h151.296l50.0736-130.2528 2.3552-0.9216v346.0608c0 47.104-38.1952 85.2992-85.3504 85.2992h-197.376l-116.8896 96.8704a42.7008 42.7008 0 0 1-54.6304-0.1536L369.152 812.1856H170.752c-47.104 0-85.3504-38.1952-85.3504-85.2992V213.3504c0-47.104 38.2464-85.3504 85.3504-85.3504h514.9696l-0.8704 2.2016z
0xe673	M170.6496 640c23.552 0 42.7008 19.0976 42.7008 42.6496v128h128a42.6496 42.6496 0 0 1 0 85.3504h-128c-47.104 0-85.3504-38.1952-85.3504-85.3504v-128c0-23.552 19.0976-42.6496 42.6496-42.6496zM554.6496 554.6496a42.6496 42.6496 0 1 1 0 85.3504H384a42.6496 42.6496 0 0 1 0-85.3504h170.6496zM640 384a42.6496 42.6496 0 0 1 0 85.3504h-256a42.6496 42.6496 0 0 1 0-85.3504h256zM341.3504 128a42.6496 42.6496 0 0 1 0 85.3504h-128v128a42.6496 42.6496 0 0 1-85.3504 0v-128c0-47.104 38.1952-85.3504 85.3504-85.3504h128zM810.6496 128c47.104 0 85.3504 38.1952 85.3504 85.3504v128a42.6496 42.6496 0 0 1-85.3504 0v-128h-128a42.6496 42.6496 0 0 1 0-85.3504h128zM820.9408 690.5856l-29.7472-77.312a24.832 24.832 0 0 0-46.3872 0l-29.696 77.312a42.6496 42.6496 0 0 1-24.576 24.4736l-77.312 29.7472a24.832 24.832 0 0 0 0 46.3872l77.312 29.696c11.264 4.352 20.224 13.312 24.576 24.576l29.696 77.312a24.832 24.832 0 0 0 46.3872 0l29.696-77.312a42.6496 42.6496 0 0 1 24.576-24.576l77.312-29.696a24.832 24.832 0 0 0 0-46.3872l-77.312-29.696a42.6496 42.6496 0 0 1-24.576-24.576z
0xe674	M469.3504 128h317.0816c10.752 0 21.248 0 30.1056 0.7168 9.7792 0.8192 21.2992 2.6624 32.8704 8.6016 16.0768 8.192 29.1328 21.1968 37.2736 37.2736 5.9392 11.5712 7.7824 23.0912 8.6016 32.8192 0.7168 8.9088 0.7168 19.4048 0.7168 30.1568v548.864c0 10.752 0 21.248-0.7168 30.1056-0.8192 9.7792-2.6624 21.2992-8.6016 32.8704-8.192 16.0768-21.1968 29.1328-37.2736 37.2736a86.272 86.272 0 0 1-32.8704 8.6016c-8.8576 0.7168-19.3536 0.7168-30.1056 0.7168H237.568c-10.752 0-21.248 0-30.1568-0.7168a86.272 86.272 0 0 1-32.8192-8.6016 85.2992 85.2992 0 0 1-37.2736-37.2736 86.272 86.272 0 0 1-8.6016-32.8704 391.5264 391.5264 0 0 1-0.7168-30.1056V469.3504h256V896h85.3504V469.3504H896V384H469.3504v-256z M128 384h256v-256H237.568c-10.752 0-21.248 0-30.1568 0.7168-9.728 0.8192-21.248 2.6624-32.8192 8.6016-16.0768 8.192-29.1328 21.1968-37.2736 37.2736a86.272 86.272 0 0 0-8.6016 32.8192 391.6288 391.6288 0 0 0-0.7168 30.208V384z
0xe675	M256 213.3504A85.3504 85.3504 0 1 0 256 384a85.3504 85.3504 0 0 0 0-170.6496zM85.3504 298.6496a170.6496 170.6496 0 1 1 341.2992 0 170.6496 170.6496 0 0 1-341.2992 0zM256 640a85.3504 85.3504 0 1 0 0 170.6496A85.3504 85.3504 0 0 0 256 640z m-170.6496 85.3504a170.6496 170.6496 0 1 1 341.2992 0 170.6496 170.6496 0 0 1-341.2992 0z M837.3248 219.136a85.3504 85.3504 0 0 0-90.368-11.9296l-228.096 105.2672c-30.208 13.9776-49.5616 44.2368-49.5616 77.5168V451.072L314.9824 387.2256l-32.6656 78.848L393.2672 512l-110.9504 45.9264 32.6656 78.848 154.3168-63.8976v61.184c0 33.28 19.3536 63.488 49.5616 77.4656l228.096 105.2672c29.9008 13.824 65.0752 9.1648 90.368-11.9296l107.3152-89.3952a42.6496 42.6496 0 0 0-11.008-72.192L616.448 512l317.184-131.2256a42.6496 42.6496 0 0 0 11.008-72.192L837.3248 219.136z
0xe677	M512 64a149.3504 149.3504 0 0 0-148.7872 136.5504 385.024 385.024 0 0 0-216.064 234.1376 42.6496 42.6496 0 0 0 81.0496 26.624 299.6736 299.6736 0 0 1 153.2928-175.36 149.2992 149.2992 0 0 0 279.8592-72.6016A149.3504 149.3504 0 0 0 512 64zM801.5872 302.4896A42.6496 42.6496 0 1 0 737.28 358.5536a297.3696 297.3696 0 0 1 72.6528 217.4464 149.2992 149.2992 0 0 0-77.2608 278.6304 149.2992 149.2992 0 0 0 160.3072-251.5968 382.6688 382.6688 0 0 0-91.392-300.544zM345.6512 650.7008a149.2992 149.2992 0 1 0-65.8944 209.8176A382.464 382.464 0 0 0 512 938.6496c24.576 0 48.64-2.304 71.936-6.7072a42.6496 42.6496 0 1 0-15.872-83.8656 300.1856 300.1856 0 0 1-223.5392-46.08c26.8288-44.9536 29.184-102.7584 1.1264-151.296z
0xe678	M512 170.6496A170.6496 170.6496 0 0 1 658.944 428.032l267.1616 267.2128a42.6496 42.6496 0 0 1-60.3136 60.3136l-267.1616-267.1616A169.8304 169.8304 0 0 1 512 512a169.8304 169.8304 0 0 1-86.7328-23.6544L158.208 755.5072a42.6496 42.6496 0 1 1-60.3136-60.3136l267.1104-267.2128A170.6496 170.6496 0 0 1 512 170.6496z
0xe679	M597.4016 102.4512c0-63.3344-82.1248-88.1664-117.248-35.4816L136.0384 583.168a64 64 0 0 0 53.248 99.4816h237.4656V921.6c0 63.3344 82.1248 88.1664 117.248 35.4816L888.1152 440.832a64 64 0 0 0-53.248-99.4816h-237.4656V102.4z
0xe67a	M341.3504 128c23.552 0 42.6496 19.0976 42.6496 42.6496v42.7008H512a42.6496 42.6496 0 0 1 0 85.2992h-26.7776c-13.312 81.5616-39.6288 150.3744-82.5344 205.6192 32 22.3744 71.3728 39.6288 119.6544 51.712a42.6496 42.6496 0 0 1-20.6848 82.7392c-62.3104-15.5648-115.9168-39.5776-160.3072-73.6256-44.3904 34.048-97.9968 58.0608-160.3072 73.6256a42.6496 42.6496 0 0 1-20.736-82.7904c48.2816-12.0832 87.6544-29.2864 119.7056-51.6608C237.056 449.024 210.7904 380.2112 197.4784 298.6496h-26.7776a42.6496 42.6496 0 0 1 0-85.2992h128v-42.7008c0-23.552 19.0976-42.6496 42.6496-42.6496zM284.1088 298.6496c11.3152 60.3648 30.5152 107.8272 57.2416 145.152 26.7264-37.3248 45.9264-84.7872 57.2416-145.152H284.16z m362.5984 183.5008c29.2864-69.632 128-69.632 157.2864 0l131.328 311.9616a42.6496 42.6496 0 0 1-78.6432 33.1264L831.744 768H619.008l-24.9344 59.2384a42.6496 42.6496 0 0 1-78.6944-33.1264l131.3792-311.9616z m8.192 200.4992h140.9024l-70.4512-167.3728-70.5024 167.424z
0xe67b	M202.9056 220.0576a12.1856 12.1856 0 0 0-21.8112 0l-27.8528 55.7568a12.1856 12.1856 0 0 1-5.4272 5.4272l-55.7568 27.8528a12.1856 12.1856 0 0 0 0 21.8112l55.7568 27.8528c2.3552 1.1776 4.2496 3.072 5.4272 5.4272l27.8528 55.7568a12.1856 12.1856 0 0 0 21.8112 0l27.8528-55.7568a12.1856 12.1856 0 0 1 5.4272-5.4272l55.7568-27.8528a12.1856 12.1856 0 0 0 0-21.8112l-55.7568-27.8528a12.1856 12.1856 0 0 1-5.4272-5.4272l-27.8528-55.7568zM395.264 92.3136a12.5952 12.5952 0 0 0-22.528 0l-20.48 40.96a12.5952 12.5952 0 0 1-5.632 5.632l-40.96 20.48a12.5952 12.5952 0 0 0 0 22.528l40.96 20.48a12.5952 12.5952 0 0 1 5.632 5.632l20.48 40.96c4.608 9.3184 17.92 9.3184 22.528 0l20.48-40.96a12.5952 12.5952 0 0 1 5.632-5.632l40.96-20.48a12.5952 12.5952 0 0 0 0-22.528l-40.96-20.48a12.5952 12.5952 0 0 1-5.632-5.632l-20.48-40.96zM800.256 646.7072a12.1856 12.1856 0 0 0-21.8112 0l-27.8528 55.808a12.1856 12.1856 0 0 1-5.4784 5.376l-55.7056 27.904a12.1856 12.1856 0 0 0 0 21.76l55.7056 27.8528c2.3552 1.1776 4.3008 3.072 5.4784 5.4784l27.8528 55.7056a12.1856 12.1856 0 0 0 21.76 0l27.904-55.7056a12.1856 12.1856 0 0 1 5.4272-5.4784l55.7568-27.8528a12.1856 12.1856 0 0 0 0-21.76l-55.808-27.904a12.1856 12.1856 0 0 1-5.376-5.4272l-27.904-55.7568zM764.3136 149.3504a85.3504 85.3504 0 0 0-120.6784 0L153.0368 640a85.3504 85.3504 0 0 0-24.9856 60.3136v152.9856c0 23.552 19.0976 42.7008 42.6496 42.7008h152.9856c22.6816 0 44.3392-9.0112 60.3648-24.9856l490.6496-490.7008c33.3312-33.28 33.3312-87.3472 0-120.6784L764.416 149.3504z
0xe67c	M152.7808 172.6976c-30.7712 5.8368-58.9312 34.1504-65.536 65.8944-2.6624 12.7488-2.6624 534.0672 0 546.816 6.656 32 34.048 59.392 65.9968 66.048 12.8 2.6624 704.7168 2.6624 717.5168 0a87.8592 87.8592 0 0 0 65.9968-66.048c2.6624-12.7488 2.6624-534.0672 0-546.816-6.7584-32.512-34.8672-60.2112-67.072-66.0992-13.1584-2.3552-704.3072-2.2016-716.9024 0.2048m135.7312 84.5824c0.0512 0.7168-5.5296 29.4912-12.3392 64L263.7312 384H170.6496V256h58.88c32.4096 0 58.9312 0.5632 58.9824 1.28m191.8976 2.56C479.4368 264.0384 455.68 382.6688 455.68 383.488c0 1.1776-104.0896 0.4096-104.192-0.768-0.0512-0.7168 5.5296-29.4912 12.3392-64L376.2688 256h105.0624l-0.9216 3.84m192.1024-2.56c0.0512 0.7168-5.5296 29.4912-12.3392 64L647.7312 384h-105.0624l0.9216-3.84c0.9728-4.1984 24.7296-122.8288 24.7296-123.648 0-1.1776 104.0896-0.4096 104.192 0.768m180.8384 62.72V384h-58.88c-32.4096 0-58.9312-0.5632-58.9824-1.28-0.0512-0.7168 5.5296-29.4912 12.3392-64L760.2688 256h93.0816v64
0xe67d	M487.2704 171.776c-34.1504 4.096-57.856 9.472-81.1008 18.432A298.0864 298.0864 0 0 0 248.32 329.5744l-10.24 19.0464-14.4896 4.096c-18.2272 5.2224-49.3056 20.0192-67.328 32.1024a259.7888 259.7888 0 0 0-109.6192 165.8368c-4.608 22.8864-4.1984 74.1376 0.768 96.6144 23.04 104.3456 97.7408 178.7904 202.0864 201.4208l17.6128 3.7888h263.68c286.464 0 271.4624 0.4608 302.6944-9.6256a214.1184 214.1184 0 0 0 137.3184-137.1648c7.9872-24.7296 9.6768-36.6592 9.5744-67.3792-0.0512-24.7296-0.6144-30.464-4.6592-46.5408-20.2752-81.408-78.1312-138.9056-160.8192-159.8976l-6.8608-1.7408-2.2016-13.9264c-5.7344-36.3008-27.5456-88.064-51.0464-120.8832a359.0656 359.0656 0 0 0-64.4608-65.3824 304.4864 304.4864 0 0 0-118.8352-53.0944c-24.5248-5.0176-64.3072-7.424-84.224-5.0688m56.576 167.6288c4.3008 2.4064 88.7296 80.896 92.3136 85.8624 4.5568 6.3488 5.0688 16.6912 1.1264 22.7328-2.6624 4.0448-79.3088 75.6736-90.88 84.8896-10.0864 8.0896-22.9888 5.7856-30.5152-5.376-3.5328-5.2224-3.8912-7.7312-3.8912-26.88 0-11.5712-0.256-21.0432-0.5632-21.0432-0.256 0-5.0176 0.8192-10.5984 1.8432-51.8656 9.5744-70.7072 73.5232-32.1536 109.056 4.2496 3.9424 12.0832 9.216 17.408 11.6736 8.3456 3.9424 11.9296 4.5568 25.9584 4.5568 14.848 0 17.2032-0.4608 27.4432-5.5296a72.704 72.704 0 0 0 21.4016-16.4352c13.4144-14.4384 21.9648-18.7904 36.608-18.688a41.0112 41.0112 0 0 1 40.9088 31.9488c5.12 20.2752-6.656 42.0864-34.1504 63.232a145.92 145.92 0 0 1-100.1984 31.232c-54.272-2.4064-101.12-33.2288-125.8496-82.688-11.264-22.6304-13.8752-35.1232-13.7728-67.072 0.0512-27.0336 0.3072-28.8256 5.5296-44.3904a168.96 168.96 0 0 1 22.5792-43.9808 164.9664 164.9664 0 0 1 56.4736-45.5168c13.3632-6.3488 36.096-12.8512 44.9024-12.9024 2.9184 0 8.1408-0.512 11.6736-1.0752L512 393.7792v-20.8384c0-18.8928 0.3584-21.4016 3.8912-26.6752a22.4256 22.4256 0 0 1 27.9552-6.8608
0xe67e	M483.84 87.296a210.2272 210.2272 0 0 0-64.8704 20.1216 211.3536 211.3536 0 0 0-109.056 123.2896c-9.3696 27.8528-9.8816 32.512-10.752 94.8224L298.3424 384h-24.2688c-13.3632 0-28.8256 0.8192-34.4064 1.8432-32.256 5.888-60.3136 33.536-67.1232 66.0992-2.6624 12.6976-2.6624 406.0672 0 418.816 6.656 31.9488 34.048 59.3408 66.048 65.9968 12.7488 2.6624 534.0672 2.6624 546.816 0a87.8592 87.8592 0 0 0 66.048-65.9968c2.6624-12.7488 2.6624-406.1184 0-418.816-6.8096-32.5632-34.8672-60.2112-67.1232-66.0992a267.5712 267.5712 0 0 0-34.4064-1.8432h-24.2688l-0.768-58.4704c-0.7168-56.4224-0.8704-59.0336-5.2736-76.032a214.528 214.528 0 0 0-40.1408-82.5856A215.04 215.04 0 0 0 483.84 87.296m60.416 87.5008c14.3872 3.9424 35.7888 14.9504 47.6672 24.4736 14.7968 11.9296 26.7776 27.392 35.4304 45.6192 11.008 23.2448 12.6464 35.072 12.6464 91.4944v47.616H383.6928l0.768-54.1696c0.5632-43.2128 1.28-56.1152 3.4816-63.5904 4.3008-14.6432 17.2032-39.168 26.0608-49.4592a136.192 136.192 0 0 1 76.8-44.4416c11.3664-2.048 42.1376-0.6656 53.4528 2.4576m-17.7664 382.72a45.6704 45.6704 0 0 1 15.5648 10.0352c12.2368 12.2368 12.5952 14.9504 12.5952 93.7984 0 78.7968-0.3584 81.5104-12.5952 93.7472a41.984 41.984 0 0 1-59.9552 0.1536c-12.544-12.544-12.7488-14.1312-12.7488-93.9008 0-79.872 0.2048-81.3568 12.7488-93.952a41.6768 41.6768 0 0 1 44.3904-9.8816
0xe680	M753.664 88.0128a43.008 43.008 0 0 0-22.7328 19.1488c-4.5568 7.7312-4.7616 9.0112-5.3248 35.7888l-0.5632 27.6992H508.7744c-147.968 0-219.4944 0.6144-226.4576 1.8432-32.2048 5.888-60.3136 33.5872-67.072 66.0992-1.1264 5.3248-1.8944 28.2624-1.8944 55.9104v46.848h-45.7728c-25.4976 0-50.2784 0.8192-55.9104 1.8432-32.256 5.888-60.3136 33.536-67.1232 66.048-2.6624 12.7488-2.6624 448.768 0 461.5168 6.656 31.9488 34.048 59.3408 66.048 65.9968 12.8 2.7136 790.016 2.7136 802.816 0a87.8592 87.8592 0 0 0 66.048-65.9968c2.6624-12.7488 2.6624-448.768 0-461.5168-6.8096-32.512-34.8672-60.16-67.1232-66.048-7.0144-1.28-102.5536-1.8432-311.9104-1.8432H298.6496V256h217.5488c152.1664 0 220.2112-0.5632 226.56-1.8944a87.8592 87.8592 0 0 0 65.9968-66.048c3.072-14.6944 2.4576-64.6656-0.9216-74.5472-7.2704-21.3504-32.768-33.3312-54.1696-25.4976M278.8864 506.7776c10.7008 5.2224 19.7632 14.2848 25.0368 24.9856 5.9392 12.0832 5.9392 33.7408-0.0512 45.9264-24.064 48.8448-97.3312 34.3552-100.5056-19.8656-0.3584-6.2464 0.3072-14.336 1.4336-17.92 5.12-16.128 17.92-29.6448 33.7408-35.6352 9.8816-3.7888 30.1056-2.5088 40.3456 2.5088m170.7008 0c10.6496 5.2224 19.712 14.2848 24.9856 24.9856 5.9904 12.0832 5.9392 33.7408-0.0512 45.9264-24.0128 48.8448-97.3312 34.3552-100.4544-19.8656a61.44 61.44 0 0 1 1.4336-17.92c5.12-16.128 17.8688-29.6448 33.6896-35.6352 9.9328-3.7888 30.1056-2.5088 40.3968 2.5088m170.6496 0c10.7008 5.2224 19.7632 14.2848 25.0368 24.9856 5.9392 12.0832 5.9392 33.7408-0.0512 45.9264-19.5584 39.7312-76.3904 39.7312-95.6928 0-4.9152-10.0864-6.5024-27.9552-3.3792-37.7856 5.12-16.128 17.8688-29.6448 33.6896-35.6352 9.9328-3.7888 30.1056-2.5088 40.3968 2.5088m170.6496 0c10.7008 5.2224 19.7632 14.2848 25.0368 24.9856 5.9392 12.0832 5.9392 33.7408-0.0512 45.9264-19.5584 39.7312-76.3392 39.7312-95.6928 0-4.9152-10.0864-6.5024-27.9552-3.3792-37.7856 5.12-16.128 17.92-29.6448 33.7408-35.6352 9.8816-3.7888 30.1056-2.5088 40.3456 2.5088m-512 170.6496c10.7008 5.2224 19.7632 14.2848 25.0368 24.9856 5.9392 12.1344 5.9392 33.792-0.0512 45.9264-24.064 48.896-97.3312 34.4064-100.5056-19.8656-0.3584-6.2464 0.3072-14.336 1.4336-17.92 5.12-16.128 17.92-29.5936 33.7408-35.6352 9.8816-3.7376 30.1056-2.5088 40.3456 2.5088m512 0c10.7008 5.2224 19.7632 14.2848 25.0368 24.9856 5.9392 12.1344 5.9392 33.792-0.0512 45.9264-19.5584 39.7312-76.3392 39.7312-95.6928 0-4.9152-10.0352-6.5024-27.9552-3.3792-37.7856 5.12-16.128 17.92-29.5936 33.7408-35.6352 9.8816-3.7376 30.1056-2.5088 40.3456 2.5088m-179.0464 8.0896c15.7696 5.3248 28.16 22.8864 28.16 39.8336a45.056 45.056 0 0 1-12.7488 29.9008c-12.9024 12.9024-11.6736 12.7488-115.2512 12.7488-103.5776 0-102.3488 0.1536-115.2512-12.7488a41.984 41.984 0 0 1 0.0512-59.8528c12.6464-12.6464 10.6496-12.4416 114.4832-12.5952 81.6128-0.1024 93.2352 0.2048 100.5568 2.7136
0xe681	M725.3504 746.6496a42.6496 42.6496 0 1 0 0 85.3504H768a42.6496 42.6496 0 0 0 0-85.3504h-42.6496z M213.3504 128c-47.104 0-85.3504 38.1952-85.3504 85.3504V640h-42.6496a42.6496 42.6496 0 0 0-42.7008 42.6496v128c0 47.104 38.2464 85.3504 85.3504 85.3504h395.4176c14.7456 25.4976 42.3424 42.6496 73.9328 42.6496H896c47.104 0 85.3504-38.1952 85.3504-85.2992V426.6496c0-47.104-38.2464-85.2992-85.3504-85.2992v-128c0-47.104-38.1952-85.3504-85.3504-85.3504H213.3504zM512 725.3504v85.2992H128v-85.2992H512z m85.3504 128V426.6496H896v426.7008h-298.6496z
0xe664	M270.165333 810.666667c-17.706667 0-33.152-5.632-46.293333-16.853334a75.690667 75.690667 0 0 1-25.301333-42.794666l-53.76-288.341334a14.634667 14.634667 0 0 1-5.077334 1.024 108.842667 108.842667 0 0 1-5.12 0.128 46.933333 46.933333 0 0 1-35.242666-14.592A49.066667 49.066667 0 0 1 85.333333 413.909333c0-14.378667 4.693333-26.581333 14.08-36.608 9.386667-10.026667 21.162667-15.061333 35.328-15.061333 14.165333 0 26.24 5.034667 36.181334 15.061333 9.898667 10.026667 14.848 22.229333 14.848 36.608 0 3.157333-0.128 6.101333-0.384 8.789334a19.285333 19.285333 0 0 1-2.645334 8.021333l124.288 50.602667c5.802667 2.304 11.562667 2.602667 17.365334 0.853333a28.928 28.928 0 0 0 14.677333-10.496l121.685333-166.656a46.549333 46.549333 0 0 1-15.488-17.152 47.530667 47.530667 0 0 1-5.717333-22.912c0-14.293333 4.949333-26.496 14.933333-36.565333 9.898667-10.026667 21.930667-15.061333 36.138667-15.061334 14.165333 0 26.24 4.992 36.224 15.018667 9.941333 10.026667 14.933333 22.186667 14.933333 36.437333a47.488 47.488 0 0 1-21.205333 40.234667l121.685333 166.656a28.672 28.672 0 0 0 14.677334 10.496 25.173333 25.173333 0 0 0 17.322666-0.853333l124.330667-50.602667a70.997333 70.997333 0 0 1-2.133333-7.978667 51.754667 51.754667 0 0 1 13.141333-45.44c9.386667-10.026667 21.162667-15.061333 35.328-15.061333 14.165333 0 26.24 5.034667 36.181333 15.061333 9.941333 10.026667 14.890667 22.229333 14.890667 36.608 0 13.781333-4.992 25.557333-14.933333 35.285334a50.005333 50.005333 0 0 1-36.309334 14.634666 16.042667 16.042667 0 0 1-3.882666-0.554666 20.821333 20.821333 0 0 0-4.778667-0.597334l-53.333333 288.298667a75.818667 75.818667 0 0 1-25.301334 42.837333c-13.098667 11.221333-28.586667 16.810667-46.293333 16.853334H270.165333z
0xe662	M139.093333 121.002667a37.333333 37.333333 0 0 0-18.730666 47.573333c1.792 4.266667 20.650667 24.362667 57.386666 61.184 30.122667 30.165333 54.485333 55.552 54.144 56.448a145.834667 145.834667 0 0 1-14.293333 13.653333c-17.578667 15.488-43.776 42.24-57.386667 58.538667-25.130667 30.122667-57.002667 77.610667-68.736 102.357333-4.906667 10.368-5.290667 12.458667-5.290666 29.909334 0 22.101333 1.450667 25.984 22.528 60.330666a546.218667 546.218667 0 0 0 89.472 112.042667c27.562667 26.837333 40.234667 37.205333 68.565333 56.106667 122.368 81.749333 266.325333 92.373333 396.501333 29.354666l22.4-10.837333 59.52 59.733333c39.04 39.168 61.866667 60.8 66.346667 62.890667a38.272 38.272 0 0 0 42.154667-8.021333 38.485333 38.485333 0 0 0 7.296-39.509334C857.301333 803.882667 179.584 125.610667 169.813333 121.045333a40.106667 40.106667 0 0 0-30.72-0.042666m311.466667 73.728c-22.570667 2.517333-71.722667 12.928-77.269333 16.341333-0.896 0.554667 95.36 98.005333 213.930666 216.576l215.552 215.552 6.912-7.850667c16.384-18.432 33.237333-40.661333 50.218667-66.176 47.616-71.509333 47.616-85.504 0-157.013333-24.149333-36.309333-43.434667-60.074667-71.338667-87.936-40.32-40.234667-75.690667-65.92-122.965333-89.344-43.989333-21.76-84.778667-34.090667-130.901333-39.466667a467.157333 467.157333 0 0 0-84.138667-0.682666m-33.408 294.528c0.128 19.029333 0.426667 20.821333 5.589333 31.701333 7.594667 16.042667 20.224 28.885333 36.138667 36.736 12.586667 6.229333 13.269333 6.357333 33.109333 6.485333l20.266667 0.128 27.434667 27.434667 27.434666 27.477333-10.410666 5.248a195.072 195.072 0 0 1-25.429334 9.856c-13.44 4.053333-17.706667 4.565333-40.618666 4.565334-22.912 0-27.178667-0.512-40.618667-4.565334a147.2 147.2 0 0 1-68.778667-42.624 148.864 148.864 0 0 1-25.472-164.437333l6.144-13.269333 27.52 27.562666 27.562667 27.52 0.128 20.181334
0xe663	M85.333333 512C85.333333 276.352 276.352 85.333333 512 85.333333s426.666667 191.018667 426.666667 426.666667-191.018667 426.666667-426.666667 426.666667S85.333333 747.648 85.333333 512z m597.333334 42.666667a42.666667 42.666667 0 1 0 0-85.333334h-128V341.333333a42.666667 42.666667 0 1 0-85.333334 0v128H341.333333a42.666667 42.666667 0 0 0 0 85.333334h128v128a42.666667 42.666667 0 1 0 85.333334 0v-128h128z
0xf408	M392.362667 48a233.514667 233.514667 0 0 0-205.866667 187.221333C183.68 249.002667 183.466667 268.117333 183.466667 512s0.213333 262.997333 3.029333 276.778667c20.992 103.082667 104.789333 178.218667 208.896 187.349333 26.197333 2.304 207.018667 2.304 233.216 0a238.378667 238.378667 0 0 0 111.402667-39.168c17.493333-11.690667 50.432-44.8 61.909333-62.293333a248.96 248.96 0 0 0 35.584-85.845334c2.816-13.824 3.029333-32.64 3.029333-276.821333 0-243.882667-0.213333-262.997333-3.029333-276.778667-20.992-103.082667-104.789333-178.218667-208.896-187.349333-23.893333-2.090667-212.309333-2.005333-236.245333 0.128m257.578666 81.365333a159.146667 159.146667 0 0 1 109.824 112.981334l3.968 14.506666v510.293334l-3.968 14.506666c-15.488 56.448-55.082667 96.938667-110.72 113.066667-13.269333 3.84-13.653333 3.84-137.045333 3.84-123.392 0-123.776 0-137.045333-3.84a153.258667 153.258667 0 0 1-66.645334-37.930667c-20.992-19.754667-35.84-45.141333-44.074666-75.136l-3.968-14.506666V256.853333l3.968-14.506666c4.48-16.469333 14.336-38.485333 22.656-50.645334A163.669333 163.669333 0 0 1 362.666667 133.248c23.850667-8.448 24.405333-8.490667 153.6-8.064 120.234667 0.341333 121.258667 0.384 133.674666 4.181333M494.933333 215.936a65.066667 65.066667 0 0 0-42.666666 39.594667c-5.674667 15.104-4.48 35.072 3.029333 50.346666 22.997333 46.634667 90.410667 46.634667 113.408 0 7.424-15.146667 8.704-35.242667 3.114667-50.133333a63.786667 63.786667 0 0 0-37.632-38.186667 74.581333 74.581333 0 0 0-39.253334-1.621333m2.56 175.573333a41.813333 41.813333 0 0 0-19.84 18.858667c-2.944 6.528-3.114667 14.762667-3.157333 146.773333l-0.042667 139.861334-36.352-36.138667c-25.258667-25.045333-38.698667-37.162667-43.946666-39.552-23.125333-10.453333-48.853333 3.669333-53.546667 29.44a37.802667 37.802667 0 0 0 1.621333 16.213333c2.730667 9.514667 4.48 11.434667 74.752 81.664 39.594667 39.552 74.666667 73.344 77.952 75.050667 8.106667 4.181333 26.026667 4.181333 34.133334 0 3.285333-1.706667 38.357333-35.498667 77.952-75.050667 70.272-70.229333 72.021333-72.149333 74.752-81.664 9.130667-31.744-22.058667-59.178667-51.882667-45.653333-5.248 2.389333-18.517333 14.293333-43.050667 38.656l-35.456 35.2-0.512-138.069333c-0.426667-128.810667-0.682667-138.581333-3.541333-144.938667A37.12 37.12 0 0 0 512 389.205333a46.208 46.208 0 0 0-14.506667 2.304
0xe661	M868.9 688.6H725v154.8c0 17.6-14.2 31.8-31.8 31.8h-16.7v-0.9H165.9v0.9h-16.7c-17.6 0-31.8-14.2-31.8-31.8V385c0-17.6 14.2-31.8 31.8-31.8h154.1V199.1c0-17.6 14.2-31.8 31.8-31.8h550.4c17.6 0 31.8 14.2 31.8 31.8v457.7c0 17.6-14.2 31.8-31.8 31.8h-16.6zM197.7 825.8h447c17.6 0 31.8-14.2 31.8-31.8V512.4c0-17.6-14.2-31.8-31.8-31.8h-447c-17.6 0-31.8 14.2-31.8 31.8V794c0 17.5 14.2 31.8 31.8 31.8z m639.4-565H383.6c-17.6 0-31.8 14.2-31.8 31.8v60.6h341.3c17.6 0 31.8 14.2 31.8 31.8v255.1H837c17.6 0 31.8-14.2 31.8-31.8V292.6c0.1-17.5-14.1-31.8-31.7-31.8z m31.8 0
0xe660	M817.152 134.4512a51.2 51.2 0 0 1 72.3456 72.3968L206.848 889.4976a51.2 51.2 0 1 1-72.3968-72.3968L817.152 134.4512z
0xe65f	M428.202667 328.448c-70.442667 79.402667-150.314667 193.962667-219.349334 332.117333a42.666667 42.666667 0 1 1-76.373333-38.186666c72.192-144.341333 156.16-265.173333 231.850667-350.549334 37.802667-42.624 74.24-77.226667 106.922666-101.546666 16.298667-12.16 32.426667-22.314667 47.914667-29.568 14.976-7.082667 32.128-12.714667 49.749333-12.714667a52.906667 52.906667 0 0 1 47.616 29.44c6.698667 13.312 7.424 27.52 7.253334 37.12-0.341333 20.352-5.76 45.781333-12.714667 71.68-14.293333 53.034667-39.381333 123.349333-64.298667 192.768l-3.498666 9.728c-24.149333 67.157333-47.914667 133.248-63.36 186.026667-4.181333 14.250667-7.552 27.008-10.197334 38.186666 29.610667-23.765333 66.133333-59.562667 104.832-97.621333l1.28-1.237333c37.589333-36.949333 77.397333-76.032 110.933334-102.869334 16.682667-13.312 34.645333-25.984 51.968-33.28 14.506667-6.186667 47.786667-16.213333 73.685333 9.685334 16.384 16.384 20.906667 37.717333 22.101333 53.589333 1.28 16.64-0.682667 34.56-3.712 51.626667-5.973333 34.133333-18.090667 73.941333-29.141333 109.866666l-1.749333 5.76c-9.898667 32.042667-18.688 60.672-23.68 83.626667 11.093333-11.093333 24.746667-28.757333 40.704-54.826667a42.666667 42.666667 0 1 1 72.789333 44.586667c-23.168 37.802667-47.146667 68.522667-72.576 87.594667-26.624 19.968-61.44 31.232-96.682667 13.610666-25.941333-13.013333-31.829333-38.826667-33.152-53.162666-1.408-15.488 0.853333-32.384 3.797334-47.573334 5.546667-28.714667 16.426667-63.872 26.666666-97.109333l2.346667-7.594667c11.392-37.034667 21.76-71.637333 26.666667-99.584l1.024-6.186666a356.266667 356.266667 0 0 0-7.722667 5.973333c-29.781333 23.850667-66.602667 59.946667-105.728 98.389333l-1.28 1.28c-37.589333 36.906667-77.397333 76.032-110.933333 102.826667-16.682667 13.354667-34.688 26.026667-51.968 33.322667-14.506667 6.186667-47.786667 16.213333-73.685334-9.685334-13.184-13.184-16.554667-29.824-17.621333-39.936a148.821333 148.821333 0 0 1 0.981333-34.261333c2.901333-22.528 9.642667-49.92 18.176-78.933333 16.213333-55.381333 40.746667-123.733333 64.512-189.824l3.925334-10.88c25.301333-70.485333 49.024-137.130667 62.165333-186.026667l3.157333-12.202667a294.229333 294.229333 0 0 0-9.557333 6.826667c-26.581333 19.797333-58.752 49.92-94.037333 89.728z
0xe631	M821.333333 213.333333a32 32 0 0 1 0 64H202.666667a32 32 0 0 1 0-64h618.666666zM778.666667 661.333333a74.666667 74.666667 0 1 1 0 149.333334H245.333333a74.666667 74.666667 0 1 1 0-149.333334h533.333334zM800 416a53.333333 53.333333 0 1 1 0 106.666667H224a53.333333 53.333333 0 1 1 0-106.666667h576z
0xe65e	M667.712 288.64a48 48 0 0 1 72.576 62.72l-313.6 362.688a48 48 0 0 1-70.4 2.368l-134.4-136a48.064 48.064 0 0 1 68.224-67.456l97.92 99.008 279.68-323.328z
0xe65d	M360.917333 429.354667l-30.122666 30.122666 90.624 90.581334L512 640.64l90.581333-90.581333 90.624-90.624-30.378666-30.336-30.378667-30.378667-60.202667 60.245333L512 519.168l-59.989333-59.989333a4738.432 4738.432 0 0 0-60.501334-59.946667c-0.256 0-14.037333 13.525333-30.592 30.122667
0xe623	M366.08 130.005333c-30.762667 5.888-58.922667 34.176-65.536 65.92C289.664 248.149333 330.709333 298.666667 384 298.666667c46.08 0 85.333333-39.253333 85.333333-85.333334 0-22.314667-8.96-43.392-25.429333-59.904-20.949333-20.906667-48.085333-29.098667-77.824-23.424m256 0c-30.762667 5.888-58.922667 34.176-65.536 65.92C545.664 248.149333 586.709333 298.666667 640 298.666667c46.08 0 85.333333-39.253333 85.333333-85.333334 0-22.314667-8.96-43.392-25.429333-59.904-20.949333-20.906667-48.085333-29.098667-77.824-23.424m-256 298.666667c-30.762667 5.888-58.922667 34.176-65.536 65.92C289.664 546.816 330.709333 597.333333 384 597.333333c39.253333 0 75.434667-29.44 83.456-67.925333a83.370667 83.370667 0 0 0-23.552-77.312c-20.949333-20.906667-48.085333-29.098667-77.824-23.424m256 0C584.832 435.797333 554.666667 473.045333 554.666667 512c0 39.253333 29.44 75.434667 67.925333 83.456C674.816 606.336 725.333333 565.290667 725.333333 512c0-22.314667-8.96-43.392-25.429333-59.904-20.949333-20.906667-48.085333-29.098667-77.824-23.424m-256 298.666667c-30.762667 5.888-58.922667 34.176-65.536 65.92C289.664 845.482667 330.709333 896 384 896c39.253333 0 75.434667-29.44 83.456-67.925333a83.370667 83.370667 0 0 0-23.552-77.312c-20.949333-20.906667-48.085333-29.098667-77.824-23.424m256 0c-30.762667 5.888-58.922667 34.176-65.536 65.92C545.664 845.482667 586.709333 896 640 896c46.08 0 85.333333-39.253333 85.333333-85.333333 0-22.314667-8.96-43.392-25.429333-59.904-20.949333-20.906667-48.085333-29.098667-77.824-23.424
0xe65c	M155.306667 450.346667c-17.024 3.754667-34.218667 18.048-41.813334 34.688-15.104 33.109333-1.834667 69.205333 31.189334 84.693333 8.448 3.925333 11.946667 4.565333 25.984 4.565333 13.994667 0 17.536-0.64 25.898666-4.522666 13.568-6.357333 24.277333-16.853333 30.848-30.208 5.077333-10.325333 5.546667-12.629333 5.546667-27.52 0-14.293333-0.597333-17.536-4.906667-26.88a65.536 65.536 0 0 0-30.805333-30.506667c-9.941333-4.522667-31.061333-6.698667-41.941333-4.309333m341.333333 0c-17.024 3.754667-34.218667 18.048-41.813333 34.688-15.104 33.109333-1.834667 69.205333 31.189333 84.693333 8.448 3.925333 11.946667 4.565333 25.984 4.565333 13.994667 0 17.536-0.64 25.898667-4.522666 13.568-6.357333 24.277333-16.853333 30.848-30.208 5.077333-10.325333 5.546667-12.629333 5.546666-27.52 0-14.293333-0.597333-17.536-4.906666-26.88a65.536 65.536 0 0 0-30.805334-30.506667c-9.941333-4.522667-31.061333-6.698667-41.941333-4.309333m341.333333 0c-17.024 3.754667-34.218667 18.048-41.813333 34.688-15.104 33.109333-1.834667 69.205333 31.189333 84.693333 8.448 3.925333 11.946667 4.565333 25.984 4.565333 13.994667 0 17.536-0.64 25.898667-4.522666 13.568-6.357333 24.277333-16.853333 30.848-30.208 5.077333-10.325333 5.546667-12.629333 5.546667-27.52 0-14.293333-0.597333-17.536-4.906667-26.88a65.536 65.536 0 0 0-30.805333-30.506667c-9.941333-4.522667-31.061333-6.698667-41.941334-4.309333
0xe745	M231.808 129.706667c-25.173333 4.010667-51.712 14.506667-72.618667 28.672-33.109333 22.528-57.045333 56.533333-68.309333 97.152-4.096 14.848-4.608 19.626667-4.608 43.136 0 23.594667 0.512 28.288 4.693333 43.392a172.629333 172.629333 0 0 0 101.888 115.114666c7.04 2.816 20.864 6.784 30.72 8.789334 44.458667 9.216 96.853333-2.261333 131.968-28.842667 6.016-4.522667 11.861333-8.832 13.013334-9.557333 1.237333-0.768 26.624 15.104 65.877333 41.173333 35.114667 23.338667 63.829333 42.794667 63.829333 43.264 0 0.469333-28.714667 19.925333-63.829333 43.264-42.965333 28.544-64.554667 41.984-66.090667 41.045333a195.413333 195.413333 0 0 1-9.6-6.997333 183.466667 183.466667 0 0 0-66.048-30.634667c-20.053333-4.608-56.277333-4.224-76.714666 0.853334a204.714667 204.714667 0 0 0-56.789334 25.514666c-33.109333 22.528-57.045333 56.533333-68.309333 97.152-4.096 14.848-4.608 19.626667-4.608 43.136 0 23.594667 0.512 28.288 4.693333 43.392a172.629333 172.629333 0 0 0 101.888 115.114667c56.149333 22.357333 122.282667 12.586667 169.002667-24.96 32.768-26.325333 52.821333-59.306667 61.44-101.12a170.752 170.752 0 0 0-1.834667-73.088c-2.688-10.837333-3.370667-16.298667-2.133333-17.066667 28.288-17.749333 534.613333-356.650667 534.656-357.845333 0-0.981333-4.309333-6.144-9.642667-11.562667a90.282667 90.282667 0 0 0-42.709333-23.509333c-13.653333-2.816-34.986667-1.237333-47.402667 3.498667-6.4 2.474667-59.221333 36.650667-143.36 92.714666-73.216 48.810667-133.930667 88.746667-134.869333 88.746667-1.28 0-153.685333-100.522667-157.696-104.021333-0.384-0.298667 1.152-8.064 3.413333-17.237334 5.930667-24.234667 5.717333-59.178667-0.554666-82.602666a171.477333 171.477333 0 0 0-68.352-97.408 203.093333 203.093333 0 0 0-55.936-25.258667c-16.469333-4.010667-50.133333-5.802667-65.066667-3.413333m40.533333 85.461333c34.218667 6.272 62.122667 35.370667 67.584 70.485333C347.861333 336.810667 307.584 384 256 384a86.016 86.016 0 0 1-83.925333-72.32c-4.266667-27.392 4.224-53.077333 24.021333-72.917333 20.864-20.821333 47.018667-28.928 76.245333-23.594667m380.672 349.013333l-37.333333 24.917334 109.866667 73.344c60.416 40.32 114.304 75.605333 119.722666 78.378666 5.418667 2.816 14.634667 6.314667 20.48 7.808 29.056 7.466667 67.968-6.4 84.949334-30.250666l3.498666-4.864-130.645333-87.125334c-71.850667-47.872-131.2-87.082667-131.925333-87.082666-0.725333 0-18.090667 11.221333-38.613334 24.874666m-380.672 77.653334c34.218667 6.272 62.122667 35.370667 67.584 70.485333C347.861333 763.477333 307.584 810.666667 256 810.666667a86.016 86.016 0 0 1-83.925333-72.32c-4.266667-27.392 4.224-53.077333 24.021333-72.917334 20.864-20.821333 47.018667-28.928 76.245333-23.594666
0xe64b	M231.808 129.706667c-25.173333 4.010667-51.712 14.506667-72.618667 28.672-33.109333 22.528-57.045333 56.533333-68.309333 97.152-4.096 14.848-4.608 19.626667-4.608 43.136 0 23.594667 0.512 28.288 4.693333 43.392a172.629333 172.629333 0 0 0 101.888 115.114666 172.117333 172.117333 0 0 0 139.050667-5.888l11.946667-5.888 32.853333 32.853334 32.896 32.853333-33.536 33.578667-33.536 33.578666-9.557333-4.864c-26.709333-13.482667-45.866667-17.877333-77.824-17.749333-28.885333 0.128-46.506667 3.925333-70.101334 15.061333-48.426667 22.954667-79.957333 60.288-94.165333 111.488-4.096 14.848-4.608 19.626667-4.608 43.136 0 23.594667 0.512 28.288 4.693333 43.392 17.792 64.213333 67.2 110.549333 132.010667 123.733334 101.717333 20.736 198.186667-54.997333 203.178667-159.445334a167.381333 167.381333 0 0 0-17.365334-83.2l-5.504-10.666666 33.450667-33.706667 33.408-33.706667 89.216 89.173334 89.173333 89.130666 29.866667-29.824 29.866667-29.824-89.173334-89.216L529.92 512l89.173333-89.173333 89.173334-89.173334-30.293334-30.293333-30.293333-30.293333-89.173333 89.173333L469.333333 451.370667l-33.024-32.981334-33.024-32.981333 5.632-11.392c37.290667-75.648 13.098667-168.618667-56.106666-215.637333a203.093333 203.093333 0 0 0-55.936-25.258667c-16.469333-4.010667-50.133333-5.802667-65.066667-3.413333M469.333333 170.666667v42.666666h341.333334v597.333334h-341.333334v85.333333h195.114667c219.349333 0 205.226667 0.810667 218.794667-12.757333 13.866667-13.866667 12.757333 18.901333 12.757333-371.242667s1.109333-357.376-12.757333-371.242667c-13.568-13.568 0.554667-12.757333-218.794667-12.757333H469.333333v42.666667M272.341333 215.168c34.218667 6.272 62.122667 35.370667 67.584 70.485333C347.861333 336.810667 307.584 384 256 384a86.016 86.016 0 0 1-83.925333-72.32c-4.266667-27.392 4.224-53.077333 24.021333-72.917333 20.864-20.821333 47.018667-28.928 76.245333-23.594667m0 426.666667c34.218667 6.272 62.122667 35.370667 67.584 70.485333C347.861333 763.477333 307.584 810.666667 256 810.666667a86.016 86.016 0 0 1-83.925333-72.32c-4.266667-27.392 4.224-53.077333 24.021333-72.917334 20.864-20.821333 47.018667-28.928 76.245333-23.594666
0xf304	M156.330667 130.688a42.88 42.88 0 0 0-22.741334 19.114667L128.853333 157.866667l-0.426666 350.464c-0.298667 237.909333 0.128 352.597333 1.322666 357.077333 2.602667 9.642667 11.605333 20.394667 21.248 25.386667l8.490667 4.352 197.589333 0.426666 197.589334 0.469334V810.666667H213.333333V213.333333h341.333334V128l-195.84 0.128c-165.504 0.085333-196.864 0.512-202.496 2.56m587.477333-0.981333a181.333333 181.333333 0 0 0-92.458667 44.416c-54.058667 49.408-69.504 134.997333-36.138666 200.064l5.504 10.666666-33.450667 33.706667-33.408 33.706667-89.216-89.173334L375.466667 273.962667l-29.866667 29.824-29.866667 29.824L404.906667 422.826667 494.08 512l-89.173333 89.173333-89.173334 89.173334 30.293334 30.293333 30.293333 30.293333 89.173333-89.173333L554.666667 572.629333l33.024 32.981334 33.024 32.981333-5.632 11.392a171.434667 171.434667 0 0 0 65.877333 222.208c70.954667 42.026667 164.352 26.24 217.258667-36.778667 51.114667-60.885333 53.76-149.248 6.314666-212.181333-17.664-23.424-37.12-39.04-65.578666-52.522667-23.594667-11.136-41.216-14.933333-70.101334-15.061333-32.170667-0.128-51.114667 4.224-78.378666 18.048l-10.112 5.12-32.981334-32.981333-32.981333-32.938667 33.450667-33.493333 33.408-33.450667 11.392 5.632c88.96 43.904 196.992 2.304 233.941333-90.069333 29.184-72.96 2.986667-159.146667-61.781333-203.136a203.093333 203.093333 0 0 0-55.936-25.258667c-16.469333-4.010667-50.133333-5.802667-65.066667-3.413333m40.533333 85.461333c34.218667 6.272 62.122667 35.370667 67.584 70.485333C859.861333 336.810667 819.584 384 768 384a86.016 86.016 0 0 1-83.925333-72.32c-4.266667-27.392 4.224-53.077333 24.021333-72.917333 20.864-20.821333 47.018667-28.928 76.245333-23.594667m0 426.666667c34.218667 6.272 62.122667 35.370667 67.584 70.485333C859.861333 763.477333 819.584 810.666667 768 810.666667a86.016 86.016 0 0 1-83.925333-72.32c-4.266667-27.392 4.224-53.077333 24.021333-72.917334 20.864-20.821333 47.018667-28.928 76.245333-23.594666
0xf305	M274.474667 87.04c-25.173333 4.010667-51.712 14.506667-72.618667 28.672-33.109333 22.528-57.045333 56.533333-68.309333 97.152-4.096 14.848-4.608 19.626667-4.608 43.136 0 23.594667 0.512 28.288 4.693333 43.392 17.792 64.213333 67.2 110.549333 132.010667 123.733333 36.437333 7.424 76.373333 2.133333 108.544-14.336l10.666666-5.504 33.706667 33.450667 33.706667 33.408-89.173334 89.216-89.130666 89.173333 29.824 29.866667 29.824 29.866667 89.216-89.173334L512 529.92l89.173333 89.173333 89.173334 89.173334 30.293333-30.293334 30.293333-30.293333-89.173333-89.173333L572.629333 469.333333l32.981334-33.024 32.981333-33.024 11.392 5.632c88.96 43.904 196.992 2.304 233.941333-90.069333 29.184-72.96 2.986667-159.146667-61.781333-203.136a207.36 207.36 0 0 0-56.789333-25.557333c-21.717333-5.376-58.325333-5.376-80.042667 0a207.36 207.36 0 0 0-56.789333 25.557333c-69.504 47.232-93.482667 139.946667-55.808 216.192l5.888 11.946667-32.853334 32.853333-32.853333 32.896-33.493333-33.450667-33.450667-33.408 5.632-11.392c37.290667-75.648 13.098667-168.618667-56.106667-215.637333a203.093333 203.093333 0 0 0-55.936-25.258667c-16.469333-4.010667-50.133333-5.802667-65.066666-3.413333m40.533333 85.461333c34.218667 6.272 62.122667 35.370667 67.584 70.485334C390.528 294.144 350.250667 341.333333 298.666667 341.333333a86.016 86.016 0 0 1-83.925334-72.32c-4.266667-27.392 4.224-53.077333 24.021334-72.917333 20.864-20.821333 47.018667-28.928 76.245333-23.594667m426.666667 0c34.218667 6.272 62.122667 35.370667 67.584 70.485334C817.194667 294.144 776.917333 341.333333 725.333333 341.333333a86.016 86.016 0 0 1-83.925333-72.32c-4.266667-27.392 4.224-53.077333 24.021333-72.917333 20.864-20.821333 47.018667-28.928 76.245334-23.594667M128.384 667.733333l0.469333 198.4 4.736 8.064c2.602667 4.394667 7.253333 9.984 10.368 12.330667 13.226667 10.112-11.434667 9.472 367.957334 9.472 390.229333 0 357.461333 1.109333 371.328-12.757333 13.568-13.568 12.757333 0.554667 12.757333-218.794667V469.333333h-85.333333v341.333334H213.333333v-341.333334H127.957333l0.426667 198.4
0xf306	M156.330667 130.688a42.88 42.88 0 0 0-22.741334 19.114667L128.853333 157.866667l-0.469333 198.4-0.426667 198.4H213.333333V213.333333h597.333334v341.333334h85.333333V359.552c0-219.349333 0.810667-205.226667-12.757333-218.794667-13.866667-13.909333 19.029333-12.757333-371.968-12.629333-297.813333 0.085333-349.269333 0.469333-354.944 2.56M303.36 346.026667l-30.293333 30.293333 89.173333 89.173333L451.370667 554.666667l-33.066667 33.109333-33.109333 33.152-9.557334-4.864c-26.709333-13.482667-45.866667-17.877333-77.824-17.749333-28.885333 0.128-46.506667 3.925333-70.101333 15.061333-48.426667 22.954667-79.957333 60.288-94.165333 111.488-4.096 14.848-4.608 19.626667-4.608 43.136 0 23.594667 0.512 28.288 4.693333 43.392 24.32 87.850667 110.336 141.610667 198.058667 123.733333a167.082667 167.082667 0 0 0 100.266666-60.970666 170.752 170.752 0 0 0 19.328-182.058667l-5.888-11.946667 32.853334-32.853333 32.853333-32.896 33.493333 33.450667 33.450667 33.408-5.632 11.392a171.434667 171.434667 0 0 0 65.877333 222.208c80.384 47.616 186.922667 20.266667 233.984-60.117334 45.184-77.184 23.082667-177.28-50.133333-227.029333a204.714667 204.714667 0 0 0-56.789333-25.514667c-20.437333-5.077333-56.661333-5.461333-76.714667-0.853333-13.994667 3.242667-35.242667 11.264-44.373333 16.768l-5.12 3.072-33.706667-33.664-33.706667-33.664 89.173334-89.216 89.130666-89.173333-29.824-29.866667-29.824-29.866667-89.216 89.173334L512 494.08 422.826667 404.906667 333.653333 315.733333l-30.293333 30.293334m11.648 338.474666c34.218667 6.272 62.122667 35.370667 67.584 70.485334C390.528 806.144 350.250667 853.333333 298.666667 853.333333a86.016 86.016 0 0 1-83.925334-72.32c-4.266667-27.392 4.224-53.077333 24.021334-72.917333 20.864-20.821333 47.018667-28.928 76.245333-23.594667m426.666667 0c34.218667 6.272 62.122667 35.370667 67.584 70.485334C817.194667 806.144 776.917333 853.333333 725.333333 853.333333a86.016 86.016 0 0 1-83.925333-72.32c-4.266667-27.392 4.224-53.077333 24.021333-72.917333 20.864-20.821333 47.018667-28.928 76.245334-23.594667
0xe672	M657.35548718 717.67521366l90.05948718 210.05128205H276.53251282l90.00697436-210.05128205h290.816zM827.07692308 87.52136751a105.02564103 105.02564103 0 0 1 105.02564102 105.02564102v630.15384616a105.02564103 105.02564103 0 0 1-72.62523077 99.93189743L560.31179487 224.36977776l-3.04574359-6.03897435a52.56533333 52.56533333 0 0 0-90.47958974 0l-2.99323077 6.03897435-299.21805128 698.26297436A105.02564103 105.02564103 0 0 1 91.8974359 822.70085469V192.54700853a105.02564103 105.02564103 0 0 1 105.02564102-105.02564102h630.15384616zM511.94748718 378.33736751L612.352 612.64957264H411.49046154l100.45702564-234.31220513z
0xe60a	M379.23498667 627.07029333h346.84928l75.63946666 182.24469334h84.21376L591.02549333 129.70666667h-76.45866666L219.92789333 809.31498667H304.46933333z m173.45194666-420.52266666l150.13205334 363.61557333H403.10101333zM167.936 845.74208V899.75466667h770.048v-54.01258667z
0xe6f3	M872.75039062 800.95657483c17.53647723 7.71605012 25.55315237 28.15857256 17.93731089 45.69504888-27.95815527 64.08329865-65.8870506 100.05812909-115.39002067 100.05812909-30.36315817 0-48.25036474-12.67636798-68.44236559-39.33181273l-10.72230308-14.93105794c-14.07928627-19.94148013-20.59283451-24.95190232-32.91847314-24.95190232-11.22334539 0-18.38824888 4.00833758-33.16899474 19.54064646l-8.21709243 8.81834249c-32.61784811 35.57399676-55.96641486 50.85578404-97.4527089 50.85578404-38.42993764 0-60.67621114-12.87678439-89.48613895-43.08962961l-9.01875977-9.77032278c-19.24002054-21.34439841-26.70554995-26.35482061-40.73473191-26.3548206-12.77657663 0-20.29220948 4.45927557-34.07086983 20.74314747l-9.26928135 11.5239704c-25.95398604 32.26711787-45.69504978 46.94765509-80.41727399 46.94765512-51.80776434 0-93.99551885-34.77232941-127.01420063-97.85354346a34.67212078 34.67212078 0 1 1 61.47787937-32.11680493c22.24627439 42.53848385 44.19192285 60.57600338 65.53632126 60.5760025 5.71188089 0 10.12105302-2.35489858 18.28804024-11.47386609l12.52605503-15.13147521c28.91013556-36.07503906 52.05828593-52.60943167 92.9433299-52.60943168 36.27545634 0 57.41943747 12.32563864 85.17717547 41.58650357l8.71813474 9.41959344c20.44252243 22.64710806 28.80992694 28.20867598 45.34432042 28.20867597 15.03126657 0 23.84960906-4.75990059 40.48421031-22.09596141l8.81834249-9.51980208c30.56357455-33.36941113 51.95807729-47.59900947 89.53624327-47.59900949 37.8286867 0 60.32548179 15.28178729 84.07488221 46.69713352l13.92897332 19.44043781 5.11063083 6.61375774 2.00416924 2.30479338 3.25677366 2.90604521c1.40291828 0.95198029 2.50521065 1.25260533 3.70771255 1.25260532 15.88303823 0 33.67003616-16.83501853 51.75766001-58.37141688 7.66594581-17.53647723 28.10846823-25.60325669 45.69504977-17.93731176zM505.98749319 103.00477672l3.90812983-0.50104231 5.61167224 0.15031297 3.25677457 0.5010423 5.01042218 1.40291827 3.00625297 1.20250102a34.82243374 34.82243374 0 0 1 6.2129232 3.80792118l3.55740047 3.10646159 4.3089626 5.26094291 1.60333468 2.60541929 0.90187597 1.85385628 277.52728008 589.72668092a34.67212078 34.67212078 0 0 1-60.27537748 33.97066119l-2.50521153-4.50937988-105.01844695-223.06399125-2.35489858 0.2004164H373.26141256l-2.45510721-0.2004164-104.91823832 223.11409557a34.67212078 34.67212078 0 0 1-64.63444527-24.75148504l1.85385627-4.81000491L480.6347581 122.3450059l1.70354332-3.25677368 3.3569823-4.60958852 2.70562793-2.80583656 3.70771255-3.00625296 4.15865053-2.50521154 3.50729527-1.50312604 6.16281887-1.7035442zM512 218.49500604L403.32394482 449.2750474h217.15169308L512 218.49500604z
0xeca6	M173.65925375 431.44670733v176.98040535h131.38898979l154.59352598 123.40978719V311.36393747l-149.60299997 120.08276986H173.65925375z m116.53019202-56.39012437l179.997277-144.47149865a28.19506219 28.19506219 0 0 1 45.84517113 21.99214851v537.84900628a28.19506219 28.19506219 0 0 1-45.788781 22.02034357l-184.95960795-147.62934561H145.46419156a28.19506219 28.19506219 0 0 1-28.19506219-28.19506219v-233.37052972a28.19506219 28.19506219 0 0 1 28.19506219-28.19506219h144.72525421zM651.90389857 695.38068447a28.19506219 28.19506219 0 0 1-39.50128212-40.23435375 188.62496604 188.62496604 0 0 0 56.672075-135.08254294 188.48399072 188.48399072 0 0 0-49.1439934-127.27251071 28.19506219 28.19506219 0 1 1 41.72869204-37.92235864 244.8741151 244.8741151 0 0 1 63.80542573 165.19486935 245.01509041 245.01509041 0 0 1-73.56091725 175.31689669zM785.94322421 817.63447411a28.19506219 28.19506219 0 1 1-40.43171917-39.30391668A369.18614428 369.18614428 0 0 0 850.34074625 520.06378778c0-95.77862625-36.45621541-185.77726475-100.82554238-254.09390042a28.19506219 28.19506219 0 0 1 41.05201054-38.65543026c74.15301355 78.6642235 116.16365621 182.42205236 116.16365622 292.74933069 0 112.63927344-43.8433217 218.42714677-120.78764642 297.57068632z
0xeca9	M159.33333333 428.03594443v184.47405557h136.95222223l161.13927777 128.63516667V302.86866667l-155.93744444 125.16727776H159.33333333z m121.46427778-58.77777776l187.61866666-150.58866667a29.38888889 29.38888889 0 0 1 47.78633334 22.92333333v560.62244444a29.38888889 29.38888889 0 0 1-47.72755555 22.95272223l-192.7911111-153.88022223H129.94444444a29.38888889 29.38888889 0 0 1-29.38888888-29.38888888v-243.25183333a29.38888889 29.38888889 0 0 1 29.38888888-29.38888889h150.85316667zM732.41666667 463.00872223L841.15555555 318.03333333a29.38888889 29.38888889 0 1 1 47.02222222 35.26666667L769.15277777 512l119.025 158.7a29.38888889 29.38888889 0 0 1-47.0222222 35.26666667l-108.7388889-144.9753889-108.7388889 144.9753889a29.38888889 29.38888889 0 0 1-47.02222221-35.26666667l119.025-158.7-119.025-158.7a29.38888889 29.38888889 0 0 1 47.02222221-35.26666667l108.7388889 144.9753889z
0xe848	M409.6 136.448a341.205333 341.205333 0 0 0-273.621333 233.386667 335.701333 335.701333 0 0 0 1.536 211.669333c39.637333 119.296 140.373333 205.866667 265.685333 228.437333a362.197333 362.197333 0 0 0 81.493333 3.968c66.474667-4.864 121.642667-25.6 183.594667-68.949333 1.877333-1.28 19.456 15.36 78.805333 74.496 81.834667 81.578667 80.512 80.512 97.877334 80.597333 22.698667 0.085333 42.496-19.712 42.496-42.453333 0-16.725333 1.237333-15.232-80.469334-97.28l-76.458666-76.8 12.842666-18.773333a340.693333 340.693333 0 0 0 58.752-191.445334 337.322667 337.322667 0 0 0-99.797333-240.384 337.749333 337.749333 0 0 0-200.533333-98.005333c-22.144-2.730667-69.461333-1.962667-92.202667 1.536m104.96 86.826667c21.205333 4.736 34.346667 9.344 56.704 19.968a236.330667 236.330667 0 0 1 70.528 50.218666c36.864 36.864 58.965333 77.824 70.101333 129.792 3.2 15.018667 3.797333 23.210667 3.797334 50.346667 0 35.029333-2.688 53.418667-11.904 81.066667-21.674667 64.938667-73.6 123.178667-134.656 150.997333a256.042667 256.042667 0 0 1-189.653334 10.282667 255.274667 255.274667 0 0 1-166.912-181.674667A254.378667 254.378667 0 0 1 279.893333 293.546667a252.373333 252.373333 0 0 1 140.8-72.661334c20.522667-3.413333 73.984-2.090667 93.866667 2.389334
0xe6a8	M276.138667 215.168c-28.629333 4.224-56.277333 18.773333-79.018667 41.642667-27.221333 27.349333-34.730667 45.056-45.098667 105.984-3.84 22.613333-6.954667 41.642667-6.954666 42.24 0 0.64-10.794667 1.152-23.936 1.152-25.685333 0-31.274667 1.28-42.112 9.557333a45.184 45.184 0 0 0-10.197334 13.141333c-10.666667 20.821333-2.816 45.056 18.304 56.533334 7.765333 4.224 11.477333 5.077333 25.813334 5.76 14.677333 0.682667 16.768 1.194667 16.768 3.84 0 1.706667-6.912 44.8-15.402667 95.786666-16.853333 101.546667-17.450667 103.808-31.146667 117.589334-9.813333 9.813333-22.058667 15.146667-38.784 16.853333-16.853333 1.664-27.733333 6.869333-35.370666 16.896-17.749333 23.296-7.850667 55.936 20.138666 66.090667 15.018667 5.461333 48.810667 0.384 74.410667-11.221334 23.509333-10.666667 48.384-33.194667 62.037333-56.234666 13.141333-22.101333 15.573333-32.256 34.261334-144.597334l17.408-104.362666 35.157333-0.597334 35.157333-0.554666 9.173334-5.077334c21.589333-11.946667 29.312-36.352 18.090666-57.045333a51.114667 51.114667 0 0 0-10.24-13.141333c-10.666667-8.149333-16-9.216-45.141333-9.216-18.688 0-27.349333-0.597333-27.349333-1.877334 0-1.024 2.346667-15.786667 5.162666-32.853333 5.802667-34.517333 9.429333-44.288 20.650667-55.509333 9.386667-9.429333 22.101333-15.317333 35.626667-16.554667 17.066667-1.578667 26.922667-5.376 34.986666-13.44a41.984 41.984 0 0 0 0.042667-59.861333c-11.733333-11.733333-26.282667-14.762667-52.437333-10.922667m178.858666 43.52a42.282667 42.282667 0 0 0-22.186666 18.261333c-9.642667 16.725333-32.853333 94.634667-39.338667 132.053334-11.136 64.426667-12.245333 124.373333-3.370667 184.874666 8.064 55.04 32.981333 140.8 45.781334 157.610667 19.754667 25.813333 62.848 18.986667 73.301333-11.648 4.309333-12.672 3.498667-19.029333-5.632-44.928-23.68-67.2-33.322667-120.149333-33.322667-182.912s9.642667-115.712 33.322667-182.912c4.650667-13.141333 8.448-26.752 8.448-30.293333 0-28.885333-30.037333-50.005333-57.002667-40.106667m468.437334 0.256c-15.104 5.333333-27.434667 23.253333-27.434667 39.936 0 3.541333 3.84 17.408 8.576 30.805333 23.68 67.370667 33.194667 119.509333 33.194667 182.314667 0 62.805333-9.514667 114.944-33.194667 182.314667-4.736 13.397333-8.576 27.264-8.576 30.805333 0 31.829333 34.048 52.224 62.677333 37.504 12.074667-6.229333 17.578667-14.848 27.52-43.178667 37.973333-108.330667 46.72-204.245333 28.330667-310.442666-6.442667-37.205333-29.696-115.285333-39.253333-131.84-10.112-17.536-32-25.216-51.84-18.218667m-320.896 107.264c-15.658667 6.784-26.325333 22.357333-26.325334 38.442667 0 14.037333 4.565333 21.632 39.082667 64.896 18.261333 22.869333 33.194667 41.984 33.194667 42.453333 0 0.469333-14.933333 19.584-33.194667 42.453333-20.053333 25.173333-34.389333 44.672-36.138667 49.322667a40.362667 40.362667 0 0 0 1.450667 32.981333c9.728 21.290667 34.346667 29.952 56.405333 19.882667 8.704-4.010667 11.818667-7.253333 38.016-39.936 15.658667-19.584 28.970667-35.242667 29.568-34.816 0.597333 0.426667 13.653333 16.426667 29.013334 35.584 25.685333 32.085333 28.672 35.157333 37.546666 39.253333 34.986667 16.128 71.893333-18.346667 57.514667-53.717333-1.621333-3.925333-17.834667-25.813333-36.053333-48.64a1372.586667 1372.586667 0 0 1-33.109334-42.368c0-0.469333 14.890667-19.541333 33.109334-42.368 18.218667-22.826667 34.432-44.714667 36.053333-48.64 4.266667-10.496 3.754667-22.784-1.322667-33.92-9.728-21.248-35.754667-29.866667-57.472-19.072-7.893333 3.968-12.544 8.917333-36.906666 39.338667-15.36 19.157333-28.416 34.858667-28.970667 34.858666-0.554667 0-13.610667-15.701333-28.970667-34.858666-24.362667-30.421333-29.013333-35.370667-36.906666-39.338667-10.496-5.205333-25.898667-6.016-35.584-1.792
0xe659	M165.034667 128.384a42.666667 42.666667 0 0 1 47.914666 36.693333l85.333334 640A42.666667 42.666667 0 0 1 298.666667 810.666667h554.666666a42.666667 42.666667 0 1 1 0 85.333333H298.666667a85.248 85.248 0 0 1-85.12-80.725333L128.384 176.298667a42.666667 42.666667 0 0 1 36.693333-47.914667z
0xe658	M706.967241 938.666667a26.665833 26.665833 0 0 1-18.852745-7.81309L305.939773 548.678854a53.331667 53.331667 0 0 1 0-75.384311L686.087893 93.173088a26.665833 26.665833 0 0 1 37.705488 37.705489L343.645261 511.000031 725.819985 893.148089a26.665833 26.665833 0 0 1-18.852744 45.518578z
0xf303	M319.04603 938.666667a26.665833 26.665833 0 0 1-18.852744-45.518578l380.121454-380.14812L298.166682 130.851911A26.665833 26.665833 0 0 1 335.872171 93.146423l382.148058 382.148057a53.331667 53.331667 0 0 1 0 75.410977L337.898774 930.853577a26.665833 26.665833 0 0 1-18.852744 7.81309z
0xe657	M178.462407 938.666667a26.570349 26.570349 0 0 1-10.203014-2.045917 26.570349 26.570349 0 0 1-14.294848-34.754017L487.342716 101.674098a26.570349 26.570349 0 0 1 34.754017-14.294848 26.570349 26.570349 0 0 1 14.294848 34.754017L202.986839 922.299332a26.570349 26.570349 0 0 1-24.524432 16.367335z M845.537593 938.666667a26.570349 26.570349 0 0 1-24.524432-16.367335L487.581849 122.133267a26.570349 26.570349 0 0 1 14.294848-34.754017 26.570349 26.570349 0 0 1 34.754017 14.294848l333.404741 800.192635a26.570349 26.570349 0 0 1-24.524432 36.799934z M845.537593 938.666667a26.570349 26.570349 0 0 1-24.524432-16.367335L487.581849 122.133267a26.570349 26.570349 0 0 1 14.294848-34.754017 26.570349 26.570349 0 0 1 34.754017 14.294848l333.404741 800.192635a26.570349 26.570349 0 0 1-24.524432 36.799934z M752.46166 715.316312H272.122888a26.570349 26.570349 0 0 1-26.570349-26.570349 26.570349 26.570349 0 0 1 26.570349-26.57035h480.338772a26.570349 26.570349 0 0 1 26.570349 26.57035 26.570349 26.570349 0 0 1-26.570349 26.570349z
0xe8c7	M294.222098 648.193a198.994097 198.994097 0 1 1 109.656487-365.085298 29.749454 29.749454 0 0 1-32.724399 49.59234 139.524938 139.524938 0 1 0-76.81309 255.845303 140.744666 140.744666 0 0 0 34.806861-4.37317 29.749454 29.749454 0 1 1 14.874727 57.654441 200.303073 200.303073 0 0 1-49.800586 6.366384z M837.14963 360.545531a29.749454 29.749454 0 0 1-29.749453-28.559476 195.215916 195.215916 0 0 0-388.349371-19.188398 29.749454 29.749454 0 0 1-58.933668-8.210849 254.714824 254.714824 0 0 1 506.752197 25.019291 29.749454 29.749454 0 0 1-28.529726 30.939432z M848.305676 650.810952a453.530423 453.530423 0 0 1-49.265096-2.796449 29.749454 29.749454 0 1 1 6.455632-59.141914c71.398689 7.794357 126.91117-3.27244 156.601124-31.147678a88.921117 88.921117 0 0 0 25.406034-73.362154 113.047925 113.047925 0 0 0-66.936271-102.814112 211.221122 211.221122 0 0 0-83.298471-20.973365 29.749454 29.749454 0 0 1 0-59.498908 269.381304 269.381304 0 0 1 110.072979 27.339748 172.546832 172.546832 0 0 1 99.601172 153.179938 148.747269 148.747269 0 0 1-44.11844 119.503556 220.324455 220.324455 0 0 1-154.518663 49.711338z M570.624274 938.696416a29.749454 29.749454 0 0 1-29.749454-29.749454V475.913913a29.749454 29.749454 0 0 1 29.749454-29.749454 29.749454 29.749454 0 0 1 29.749454 29.749454v433.033049a29.749454 29.749454 0 0 1-29.749454 29.749454z M570.683773 938.696416a29.749454 29.749454 0 0 1-21.032864-8.71659 29.749454 29.749454 0 0 1 0-42.065728l183.762376-183.792125a29.749454 29.749454 0 0 1 42.065728 0 29.749454 29.749454 0 0 1 0 42.065727l-183.762377 183.792126a29.749454 29.749454 0 0 1-21.032863 8.71659z M570.683773 938.696416a29.749454 29.749454 0 0 1-21.032864-8.71659l-169.988379-169.988379a29.749454 29.749454 0 0 1 0-42.065728 29.749454 29.749454 0 0 1 42.065727 0l169.988379 169.95863a29.749454 29.749454 0 0 1-21.032863 50.782318z
0xe656	M384.3296498 156.21844085C214.27377094 156.21844085 75.04373157 271.81533774 75.04373157 419.26560069c0 84.77105736 46.23875842 154.64295912 123.81712045 208.58817783l-30.82583866 92.99128096 107.89043659-54.45898199c38.53229895 7.70645945 69.87190175 15.41291976 108.40420072 15.41291975 9.76151598 0 19.52303111-0.51376414 28.77078296-1.02752827-6.16516791-20.55055939-9.76151598-42.12864704-9.76151598-64.73426212 0-135.119928 116.11066016-244.55165613 263.04715984-244.55165613 10.27527926 0 20.03679525 0.51376414 29.79831123 2.05505568C669.46866143 248.69595852 536.40378912 156.21844085 384.3296498 156.21844085zM280.54932545 364.8066187c-21.06432352 0-38.01853482-16.95421131-38.01853482-38.01853484 0-21.06432352 16.95421131-38.01853482 38.01853482-38.01853482s38.01853482 16.95421131 38.01853483 38.01853482C318.56786028 347.85240738 301.61364812 364.8066187 280.54932545 364.8066187zM497.87149014 364.8066187c-21.06432352 0-38.01853482-16.95421131-38.01853481-38.01853484 0-21.06432352 16.95421131-38.01853482 38.01853482-38.01853482s38.01853482 16.95421131 38.01853483 38.01853482C535.89002498 347.85240738 518.93581368 364.8066187 497.87149014 364.8066187zM948.95626843 612.44085877c0-123.81712045-123.81712045-224.51486087-262.53339569-224.51486087-146.93649967 0-263.04715985 100.69774127-263.04715985 224.51486087 0 123.81712045 116.11066016 224.51486087 263.04715985 224.51486086 30.82583865 0 61.65167817-7.70645945 92.99128096-15.41291975l84.77105736 46.23875841-23.1193792-77.06459791C902.71751 743.96443867 948.95626843 682.31276052 948.95626843 612.44085877zM604.73439931 573.39479569c-16.95421131 0-30.82583865-13.87162735-30.82583864-30.82583869s13.87162735-30.82583865 30.82583864-30.82583865 30.82583865 13.87162735 30.82583865 30.82583865S621.68861063 573.39479569 604.73439931 573.39479569zM772.73522166 573.39479569c-16.95421131 0-30.82583865-13.87162735-30.82583867-30.82583869s13.87162735-30.82583865 30.82583867-30.82583865 30.82583865 13.87162735 30.82583865 30.82583865S790.2031971 573.39479569 772.73522166 573.39479569z
0xe80e	M218.666667 85.333333h586.666666a133.493333 133.493333 0 0 1 133.333334 133.333334v586.666666a133.493333 133.493333 0 0 1-133.333334 133.333334H218.666667a133.493333 133.493333 0 0 1-133.333334-133.333334V218.666667a133.493333 133.493333 0 0 1 133.333334-133.333334z m586.666666 800a80 80 0 0 0 80-80V218.666667a80 80 0 0 0-80-80H218.666667a80 80 0 0 0-80 80v586.666666a80 80 0 0 0 80 80z M484.96 218.666667m27.04 0l0 0q27.04 0 27.04 27.04l0 0q0 27.04-27.04 27.04l0 0q-27.04 0-27.04-27.04l0 0q0-27.04 27.04-27.04Z M484.96 351.813333m27.04 0l0 0q27.04 0 27.04 27.04l0 0q0 27.04-27.04 27.04l0 0q-27.04 0-27.04-27.04l0 0q0-27.04 27.04-27.04Z M484.96 484.96m27.04 0l0 0q27.04 0 27.04 27.04l0 0q0 27.04-27.04 27.04l0 0q-27.04 0-27.04-27.04l0 0q0-27.04 27.04-27.04Z M351.813333 483.973333m27.04 0l0 0q27.04 0 27.04 27.04l0 0q0 27.04-27.04 27.04l0 0q-27.04 0-27.04-27.04l0 0q0-27.04 27.04-27.04Z M218.666667 483.973333m27.04 0l0 0q27.04 0 27.04 27.04l0 0q0 27.04-27.04 27.04l0 0q-27.04 0-27.04-27.04l0 0q0-27.04 27.04-27.04Z M618.106667 484.96m27.04 0l0 0q27.04 0 27.04 27.04l0 0q0 27.04-27.04 27.04l0 0q-27.04 0-27.04-27.04l0 0q0-27.04 27.04-27.04Z M751.253333 484.96m27.04 0l0 0q27.04 0 27.04 27.04l0 0q0 27.04-27.04 27.04l0 0q-27.04 0-27.04-27.04l0 0q0-27.04 27.04-27.04Z M484.96 618.08m27.04 0l0 0q27.04 0 27.04 27.04l0 0q0 27.04-27.04 27.04l0 0q-27.04 0-27.04-27.04l0 0q0-27.04 27.04-27.04Z M484.96 751.226667m27.04 0l0 0q27.04 0 27.04 27.04l0 0q0 27.04-27.04 27.04l0 0q-27.04 0-27.04-27.04l0 0q0-27.04 27.04-27.04Z
0xe65a	M372.434824 631.747765a34.063059 34.063059 0 0 1-45.116236-13.793883l-2.228706-4.909176-93.214117-204.528941a17.076706 17.076706 0 0 1 25.660235-20.87153l109.989647 78.305883a50.838588 50.838588 0 0 0 45.477647 5.210353L930.273882 240.941176C837.511529 131.704471 684.815059 60.295529 512 60.295529c-282.774588 0-512 191.006118-512 426.646589 0 128.572235 68.969412 244.284235 176.911059 322.499764 8.673882 6.174118 14.336 16.323765 14.336 27.798589 0 3.794824-0.813176 7.258353-1.807059 10.87247l-23.070118 86.076235c-1.084235 4.035765-2.770824 8.252235-2.770823 12.468706 0 9.426824 7.649882 17.076706 17.076706 17.076706a19.456 19.456 0 0 0 9.84847-3.162353l112.097883-64.692706c8.432941-4.879059 17.347765-7.890824 27.196235-7.890823 5.240471 0 10.300235 0.813176 15.058823 2.258823 52.284235 15.028706 108.694588 23.401412 167.122824 23.401412 282.774588 0 512-191.036235 512-426.676706 0-71.378824-21.142588-138.601412-58.307765-197.692235l-589.522823 340.329412-3.734588 2.138353z
0xe655	M492.343 777.511c-67.093 32.018-144.129 51.939-227.552 32.27-83.424-19.678-142.626-73.023-132.453-171.512 10.192-98.496 115.478-132.461 202.07-132.461 86.622 0 250.938 56.122 250.938 56.122s13.807-30.937 27.222-66.307c13.405-35.365 17.21-63.785 17.21-63.785H279.869v-35.067h169.995v-67.087l-211.925 1.526v-44.218h211.925v-100.63h111.304v100.629H788.35v44.218l-227.181 1.524v62.511l187.584 1.526s-3.391 35.067-27.17 98.852c-23.755 63.783-46.061 96.312-46.061 96.312L960 685.279V243.2C960 144.231 879.769 64 780.8 64H243.2C144.231 64 64 144.231 64 243.2v537.6C64 879.769 144.231 960 243.2 960h537.6c82.487 0 151.773-55.806 172.624-131.668L625.21 672.744s-65.782 72.748-132.867 104.767z M297.978 559.871c-104.456 6.649-129.974 52.605-129.974 94.891s25.792 101.073 148.548 101.073c122.727 0 226.909-123.77 226.909-123.77s-141.057-78.842-245.483-72.194z
0xe654	M921.386667 938.666667H248.838095A151.497143 151.497143 0 0 1 97.52381 787.352381V236.678095A151.497143 151.497143 0 0 1 248.838095 85.333333h476.464762a30.47619 30.47619 0 0 1 0 60.952381H248.838095A90.48381 90.48381 0 0 0 158.47619 236.678095v550.674286A90.453333 90.453333 0 0 0 248.838095 877.714286h672.548572a90.48381 90.48381 0 0 0 90.392381-90.361905V427.489524a30.47619 30.47619 0 1 1 60.952381 0v359.862857A151.497143 151.497143 0 0 1 921.386667 938.666667z M1042.255238 244.845714h-197.12a30.47619 30.47619 0 0 1-30.47619-30.47619 30.47619 30.47619 0 0 1 30.47619-30.476191h197.12a30.47619 30.47619 0 0 1 30.476191 30.476191 30.47619 30.47619 0 0 1-30.476191 30.47619z M943.695238 343.405714a30.47619 30.47619 0 0 1-30.47619-30.47619V115.809524a30.47619 30.47619 0 0 1 30.47619-30.476191 30.47619 30.47619 0 0 1 30.476191 30.476191v197.12a30.47619 30.47619 0 0 1-30.476191 30.47619z M707.565714 285.927619a106.666667 106.666667 0 1 1-106.666666 106.666667 106.666667 106.666667 0 0 1 106.666666-106.666667z m0 152.380952a45.714286 45.714286 0 1 0-45.714285-45.714285 45.714286 45.714286 0 0 0 45.714285 45.714285z M761.6 938.666667a30.47619 30.47619 0 0 1-22.186667-9.569524l-380.952381-404.08381a20.419048 20.419048 0 0 0-25.173333-3.535238l-189.714286 113.28a30.47619 30.47619 0 0 1-31.238095-52.327619l189.714286-113.28a81.737143 81.737143 0 0 1 100.815238 14.049524l380.952381 404.08381A30.47619 30.47619 0 0 1 761.660952 938.666667z M996.08381 912.670476a30.47619 30.47619 0 0 1-22.186667-9.569524l-241.036191-255.725714a20.266667 20.266667 0 0 0-25.264762-3.504762l-130.590476 78.049524a30.47619 30.47619 0 0 1-31.268571-52.327619l130.681905-78.049524a80.88381 80.88381 0 0 1 100.815238 14.019048l241.03619 255.725714a30.47619 30.47619 0 0 1-22.186666 51.382857z
0xe653	M551.485242 341.597257a28.687331 28.687331 0 0 1-28.687331-28.687331V114.020664a28.687331 28.687331 0 0 1 28.687331-28.687331 28.687331 28.687331 0 0 1 28.68733 28.687331v198.889262a28.687331 28.687331 0 0 1-28.68733 28.687331z M757.202089 341.597257a28.687331 28.687331 0 0 1-18.618078-6.88496 28.687331 28.687331 0 0 1-3.184293-40.391761l82.045765-96.07387a28.687331 28.687331 0 0 1 40.391761-3.184293 28.687331 28.687331 0 0 1 3.184294 40.420448l-82.017078 96.131245a28.687331 28.687331 0 0 1-21.802371 9.983191z M345.768395 341.597257a28.687331 28.687331 0 0 1-21.773684-9.983191l-82.045765-96.131245a28.687331 28.687331 0 0 1 3.184293-40.420448 28.687331 28.687331 0 0 1 40.420449 3.184293l82.017078 96.07387a28.687331 28.687331 0 0 1-21.802371 47.305408z M274.882001 392.28777h546.178086a83.193258 83.193258 0 0 1 70.370021 38.412335l0.258186 0.43031 93.205137 150.608485A166.070956 166.070956 0 0 1 1009.794034 669.177884v173.759161a94.266568 94.266568 0 0 1-92.516641 95.729622H184.287411A94.266568 94.266568 0 0 1 91.799458 842.937045v-175.423026a166.386517 166.386517 0 0 1 22.949864-84.226003l88.729913-150.866671A84.13994 84.13994 0 0 1 274.882001 392.28777z m568.181268 69.279903a26.191533 26.191533 0 0 0-22.003182-11.905242H274.882001a26.421031 26.421031 0 0 0-22.347431 12.450301l-88.356977 150.264237A108.839732 108.839732 0 0 0 149.174119 667.514019v175.423026a36.891907 36.891907 0 0 0 35.113292 38.354961h732.989982A36.891907 36.891907 0 0 0 952.419373 842.937045v-173.759161a108.75367 108.75367 0 0 0-16.294404-57.374661z M953.566866 687.423026h-280.074408a28.687331 28.687331 0 0 1-28.68733-28.68733 28.687331 28.687331 0 0 1 28.68733-28.687331h280.074408a28.687331 28.687331 0 0 1 28.687331 28.687331 28.687331 28.687331 0 0 1-28.687331 28.68733z M428.101033 687.423026H148.026625a28.687331 28.687331 0 0 1-28.68733-28.68733 28.687331 28.687331 0 0 1 28.68733-28.687331h280.074408a28.687331 28.687331 0 0 1 28.687331 28.687331 28.687331 28.687331 0 0 1-28.687331 28.68733z M550.796746 810.176113a151.555167 151.555167 0 0 1-151.383043-151.383043 28.687331 28.687331 0 0 1 57.374661 0 94.008382 94.008382 0 1 0 188.016764 0 28.687331 28.687331 0 0 1 57.374661 0A151.555167 151.555167 0 0 1 550.796746 810.176113z
0xe651	M372.12 936.24H227.773333A139.44 139.44 0 0 1 88.493333 796.96V224.613333A139.44 139.44 0 0 1 227.773333 85.333333h491.226667a139.44 139.44 0 0 1 139.28 139.28v152.586667a26.666667 26.666667 0 0 1-53.333333 0V224.613333A86.053333 86.053333 0 0 0 719 138.666667H227.773333A86.053333 86.053333 0 0 0 141.826667 224.613333v572.346667a86.053333 86.053333 0 0 0 85.946666 85.946667h144.346667a26.666667 26.666667 0 0 1 0 53.333333z M661.613333 324.613333H292.6a26.666667 26.666667 0 0 1-26.666667-26.666666 26.666667 26.666667 0 0 1 26.666667-26.666667h369.013333a26.666667 26.666667 0 0 1 26.666667 26.666667 26.666667 26.666667 0 0 1-26.666667 26.666666z M610.146667 484.426667H292.6a26.666667 26.666667 0 0 1-26.666667-26.666667 26.666667 26.666667 0 0 1 26.666667-26.666667h317.546667a26.666667 26.666667 0 0 1 26.666666 26.666667 26.666667 26.666667 0 0 1-26.666666 26.666667z M793.666667 476.186667a80.213333 80.213333 0 0 1 57.093333 23.653333l61.12 61.146667a80.826667 80.826667 0 0 1 0 114.186666l-239.84 239.84A81.36 81.36 0 0 1 614.893333 938.666667h-0.88l-60.453333-0.72a80.746667 80.746667 0 0 1-79.786667-79.76l-0.693333-60.426667a81.12 81.12 0 0 1 23.626667-58.053333l239.866666-240a80.213333 80.213333 0 0 1 57.093334-23.52zM615 885.333333a27.653333 27.653333 0 0 0 19.44-8l239.84-239.84a27.44 27.44 0 0 0 0-38.773333l-61.12-61.146667a27.413333 27.413333 0 0 0-38.773333 0l-239.866667 239.866667a27.493333 27.493333 0 0 0-8 19.68l0.693333 60.453333a27.573333 27.573333 0 0 0 27.093334 27.066667z
0xe7a6	M113.664 173.354667a42.88 42.88 0 0 0-22.741333 19.114666L86.186667 200.533333v622.933334l4.736 8.064c2.602667 4.394667 7.253333 9.984 10.368 12.330666 13.141333 10.026667-3.328 9.472 282.624 9.472 294.613333 0 272.256 0.981333 285.994666-12.757333 12.629333-12.629333 12.757333-13.568 12.757334-98.474667 0-41.130667 0.384-74.794667 0.810666-74.794666 0.469333 0 45.610667 22.357333 100.352 49.706666 81.194667 40.576 101.12 49.877333 108.202667 50.56a42.410667 42.410667 0 0 0 33.834667-12.288c13.696-13.696 12.8 3.498667 12.8-243.285333 0-247.04 0.938667-229.546667-12.928-243.413333a43.349333 43.349333 0 0 0-34.688-11.989334c-5.632 0.682667-36.053333 15.018667-107.306667 50.517334a8639.488 8639.488 0 0 1-100.266667 49.578666c-0.426667 0-0.810667-33.664-0.810666-74.794666 0-84.906667-0.128-85.845333-12.757334-98.474667-13.738667-13.781333 8.746667-12.757333-286.634666-12.629333-223.744 0.085333-263.936 0.469333-269.610667 2.56M597.333333 512v256H170.666667V256h426.666666v256m256 0c0 78.848-0.384 143.36-0.853333 143.36-0.469333 0-38.869333-18.986667-85.333333-42.24L682.666667 570.88v-117.76l84.053333-42.154667c46.208-23.168 84.608-42.197333 85.333333-42.24 0.725333-0.042667 1.28 64.426667 1.28 143.274667
0xe831	M493.056 88.490667c-85.333333 68.437333-170.666667 159.445333-224.512 239.317333-62.890667 93.312-94.250667 176.256-97.408 257.706667C165.973333 719.872 241.92 845.653333 363.904 904.533333a339.2 339.2 0 0 0 296.32-0.042666c121.770667-58.794667 197.802667-184.746667 192.64-318.976-2.261333-57.898667-17.92-113.365333-50.133333-177.621334-42.069333-84.010667-107.861333-168.490667-198.698667-255.232-36.309333-34.645333-87.594667-77.696-92.373333-77.44-1.194667 0.042667-9.6 6.016-18.602667 13.269334m48.938667 122.837333c110.848 103.594667 190.976 220.501333 215.509333 314.410667 7.893333 30.122667 9.557333 42.88 9.472 72.448-0.085333 41.685333-6.954667 72.96-23.594667 107.733333-35.797333 74.709333-99.029333 124.458667-181.290666 142.592-24.362667 5.376-75.818667 5.376-100.181334 0-106.026667-23.381333-182.570667-102.058667-202.069333-207.658667-3.456-18.858667-3.84-64.384-0.682667-82.773333 15.658667-90.794667 70.016-184.789333 169.770667-293.418667 21.888-23.850667 80.298667-80.341333 83.072-80.341333 0.597333 0 14.122667 12.16 29.994667 27.008
0xe652	M944.372923 509.242484a103.372198 103.372198 0 0 0-57.616836-176.231583l-150.180681-21.588992a60.305067 60.305067 0 0 1-44.341961-32.147922l-67.621491-136.323818a103.344484 103.344484 0 0 0-185.681964 0.554275l-67.039503 136.323818a58.420534 58.420534 0 0 1-44.341961 32.147922l-150.152967 21.588992a103.372198 103.372198 0 0 0-57.616836 176.231583l109.136653 106.392993a58.39282 58.39282 0 0 1 17.18251 52.074091l-25.468914 149.65412a102.540786 102.540786 0 0 0 40.9886 100.850248 100.018837 100.018837 0 0 0 60.388209 19.953883 108.305241 108.305241 0 0 0 48.221883-11.639765l134.660994-70.919424a59.861648 59.861648 0 0 1 54.845463 0l134.660994 69.284314a103.011919 103.011919 0 0 0 149.65412-108.582378l-25.496628-149.654119a58.863954 58.863954 0 0 1 17.18251-52.074091z
0xe7df	M944.372923 509.325625a103.372198 103.372198 0 0 0-57.616836-176.231582l-150.180681-21.588993a60.305067 60.305067 0 0 1-44.341961-32.147922l-67.621491-136.323817a103.344484 103.344484 0 0 0-185.681964 0.554274l-67.039503 136.323818a58.420534 58.420534 0 0 1-44.341961 32.147922l-150.152967 21.588992a103.372198 103.372198 0 0 0-57.616836 176.231583l109.136653 106.392994a58.39282 58.39282 0 0 1 17.18251 52.074091l-25.468914 149.654119a102.374503 102.374503 0 0 0 40.9886 100.822535 100.018837 100.018837 0 0 0 60.388209 19.953883 108.305241 108.305241 0 0 0 48.221883-11.639765l134.660994-70.919425a59.861648 59.861648 0 0 1 54.845463 0l134.660994 69.284315a103.011919 103.011919 0 0 0 149.65412-108.582378l-25.496628-149.65412a58.891667 58.891667 0 0 1 17.18251-52.074091z m-147.409308 73.164237a100.93339 100.93339 0 0 0-29.099412 88.905632l24.803784 145.469347a55.427452 55.427452 0 0 1-22.642114 56.037154 56.785424 56.785424 0 0 1-60.332781 4.323341l-130.947355-68.979463a99.575417 99.575417 0 0 0-93.755534 0l-130.39308 68.425189a57.117989 57.117989 0 0 1-82.974896-60.332781l24.776071-145.497061a101.265954 101.265954 0 0 0-29.099412-88.905633l-105.589296-103.455338a55.704589 55.704589 0 0 1-14.549706-58.725386 56.397432 56.397432 0 0 1 46.33735-39.325777l146.023622-21.007004a100.961103 100.961103 0 0 0 75.436761-54.956318l65.182684-132.554751a57.977115 57.977115 0 0 1 103.981899 1.080835l65.210397 132.527037a99.991123 99.991123 0 0 0 75.436762 54.984033l146.023622 21.007004a57.173416 57.173416 0 0 1 46.337349 39.325777 55.815444 55.815444 0 0 1-14.549706 58.725385z
0xe693	M180.666667 775.04a26.666667 26.666667 0 0 1-26.666667-26.666667V275.6a26.666667 26.666667 0 0 1 26.666667-26.666667 26.666667 26.666667 0 0 1 26.666666 26.666667v472.773333a26.666667 26.666667 0 0 1-26.666666 26.666667z M751.36 865.92H272.666667a26.666667 26.666667 0 0 1-26.666667-26.666667 26.666667 26.666667 0 0 1 26.666667-26.666666h478.693333a26.666667 26.666667 0 0 1 26.666667 26.666666 26.666667 26.666667 0 0 1-26.666667 26.666667z M843.36 775.04a26.666667 26.666667 0 0 1-26.666667-26.666667V275.6a26.666667 26.666667 0 0 1 26.666667-26.666667 26.666667 26.666667 0 0 1 26.666667 26.666667v472.773333a26.666667 26.666667 0 0 1-26.666667 26.666667z M751.36 211.386667H272.666667a26.666667 26.666667 0 0 1-26.666667-26.666667 26.666667 26.666667 0 0 1 26.666667-26.666667h478.693333a26.666667 26.666667 0 0 1 26.666667 26.666667 26.666667 26.666667 0 0 1-26.666667 26.666667z M135.28 85.333333h90.666667A50 50 0 0 1 276 135.28v88.88a50 50 0 0 1-49.973333 49.92h-90.666667A50 50 0 0 1 85.333333 224.16V135.28A50 50 0 0 1 135.28 85.333333z m90.666667 148.746667a9.946667 9.946667 0 0 0 10.053333-9.92V135.28a9.946667 9.946667 0 0 0-9.973333-9.946667h-90.666667a9.946667 9.946667 0 0 0-9.946667 9.946667v88.88a9.946667 9.946667 0 0 0 9.946667 9.946667z M798 85.333333h90.666667a50 50 0 0 1 50.053333 49.946667v88.88a50 50 0 0 1-49.973333 49.92h-90.666667a50 50 0 0 1-50.026667-49.92V135.28A50 50 0 0 1 798 85.333333z m90.666667 148.746667a9.946667 9.946667 0 0 0 10.053333-9.92V135.28a9.946667 9.946667 0 0 0-9.973333-9.946667h-90.666667a9.946667 9.946667 0 0 0-9.946667 9.946667v88.88a9.946667 9.946667 0 0 0 9.946667 9.946667z M135.28 749.893333h90.666667a50 50 0 0 1 50.053333 49.946667v88.88a50 50 0 0 1-49.973333 49.92h-90.666667A50 50 0 0 1 85.333333 888.72v-88.88a50 50 0 0 1 49.946667-49.946667z m90.666667 148.746667a9.946667 9.946667 0 0 0 10.053333-9.92v-88.88a9.946667 9.946667 0 0 0-9.973333-9.946667h-90.666667a9.946667 9.946667 0 0 0-9.946667 9.946667v88.88a9.946667 9.946667 0 0 0 9.946667 9.946667z M798 749.893333h90.666667a50 50 0 0 1 50.053333 49.946667v88.88a50 50 0 0 1-49.973333 49.92h-90.666667a50 50 0 0 1-50.026667-49.92v-88.88a50 50 0 0 1 49.946667-49.946667z m90.666667 148.746667a9.946667 9.946667 0 0 0 10.053333-9.92v-88.88a9.946667 9.946667 0 0 0-9.973333-9.946667h-90.666667a9.946667 9.946667 0 0 0-9.946667 9.946667v88.88a9.946667 9.946667 0 0 0 9.946667 9.946667z M180.666667 454.053333a19.946667 19.946667 0 0 1-14.24-5.946666 20 20 0 0 1 0.186666-28.346667l252.373334-249.28a20 20 0 0 1 28.346666 0.186667 20 20 0 0 1-0.24 28.293333l-252.373333 249.253333a19.946667 19.946667 0 0 1-14.053333 5.84z M180.666667 656.64a19.946667 19.946667 0 0 1-14.24-5.946667 20 20 0 0 1 0.186666-28.293333L621.386667 173.253333a20 20 0 0 1 28.293333 0.186667 20 20 0 0 1-0.186667 28.293333L194.72 650.853333a19.946667 19.946667 0 0 1-14.053333 5.786667z M242.773333 797.92a19.946667 19.946667 0 0 1-14.24-5.946667 20 20 0 0 1 0.186667-28.293333L767.226667 231.84a20 20 0 0 1 28.293333 0.186667 20 20 0 0 1-0.186667 28.293333L256.826667 792.16a19.946667 19.946667 0 0 1-14.053334 5.76z M593.253333 857.04a19.946667 19.946667 0 0 1-14.24-5.946667 20 20 0 0 1 0.186667-28.293333l248.186667-245.12a20 20 0 0 1 28.266666 0.186667 20 20 0 0 1-0.16 28.293333l-248.186666 245.093333a19.946667 19.946667 0 0 1-14.053334 5.786667z M385.813333 859.36a19.946667 19.946667 0 0 1-14.24-5.946667 20 20 0 0 1 0.186667-28.293333l457.546667-452a20 20 0 0 1 28.293333 0.186667 20 20 0 0 1-0.186667 28.293333L399.866667 853.466667a19.946667 19.946667 0 0 1-14.053334 5.893333z
0xe668	M284.190118 499.082876a37.479739 37.479739 0 0 0-3.239321 54.238536l144.966275 153.988183a37.29234 37.29234 0 0 0 60.743948-9.369935 1432.582693 1432.582693 0 0 1 261.180235-362.509385 17.66902 17.66902 0 0 0 3.988915-19.409151 17.909961 17.909961 0 0 0-26.369673-8.031372 1373.712732 1373.712732 0 0 0-272.317072 243.082875 37.319111 37.319111 0 0 1-52.043294 4.604654l-69.283974-56.781804a37.479739 37.479739 0 0 0-47.626039 0.187399z M511.986614 85.360105a426.653281 426.653281 0 0 1 301.711896 728.365176 426.680052 426.680052 0 1 1-603.423791-603.423791A423.869072 423.869072 0 0 1 511.986614 85.360105z m0 803.137254A376.483974 376.483974 0 1 0 135.529412 512.013386a376.885542 376.885542 0 0 0 376.457202 376.483973z
0xe6a1	M222.91539443 360.07503755h583.28136445A150.48858077 150.48858077 0 0 1 956.51960352 510.39788219v3.23185843A150.48858077 150.48858077 0 0 1 806.19675889 663.92496245H222.91539443A150.48858077 150.48858077 0 0 1 72.59254979 513.60211781v-3.20423562A150.48858077 150.48858077 0 0 1 222.91539443 360.07503755z m583.28136445 248.60448411A95.18789473 95.18789473 0 0 0 901.27416272 513.60211781v-3.20423562A95.18789473 95.18789473 0 0 0 806.19675889 415.32047833H222.91539443A95.18789473 95.18789473 0 0 0 127.83799057 510.39788219v3.23185843A95.18789473 95.18789473 0 0 0 222.91539443 608.67952167z M194.82308791 477.47159946m34.52840019 0l179.54768303 0q34.52840054 0 34.52840051 34.52840054l0 0q0 34.52840054-34.5284005 34.52840054l-179.54768304 0q-34.52840054 0-34.52840019-34.52840054l0 0q0-34.52840054 34.52840018-34.52840054Z M408.89917114 574.0958755h-179.54768304a62.15112111 62.15112111 0 0 1 0-124.30224187h179.54768303a62.15112111 62.15112111 0 0 1 1e-8 124.30224187z m-179.54768304-69.05680108a6.90567997 6.90567997 0 0 0 0 13.8113603h179.54768303a6.90567997 6.90567997 0 0 0 1e-8-13.8113603z
0xe64c	M207.21731 85.333333a78.698824 78.698824 0 0 1 38.833571 10.263914c217.341021 121.685577 431.190196 238.741811 611.575837 337.174861a74.069481 74.069481 0 0 1-14.258375 135.996859l-24.495836 7.327588c-30.712381 9.205778-62.456445 18.702544-96.501953 28.252216a3.015686 3.015686 0 0 0-2.169178 2.063364 2.327898 2.327898 0 0 0 0.370348 2.380805 21930.492074 21930.492074 0 0 0 66.847707 85.550251c19.337425 24.681009 39.362639 50.261434 58.805877 75.206977a84.227582 84.227582 0 0 1-12.062744 116.051006l-32.775745 27.881869a94.068241 94.068241 0 0 1-61.239589 23.808048 82.481658 82.481658 0 0 1-62.826793-29.098725c-19.284519-22.644099-39.124558-45.790812-58.197449-68.170377-22.987993-26.823734-46.769587-54.546882-69.810487-81.688056a2.222084 2.222084 0 0 0-1.825283-0.899415 2.460165 2.460165 0 0 0-2.274992 1.402029l-77.958129 141.525616a74.069481 74.069481 0 0 1-136.234939-16.242379c-31.267903-115.23095-66.63608-235.435138-100.866762-351.830037-33.701614-114.516709-68.540724-232.789799-99.491185-346.724533a78.169756 78.169756 0 0 1 13.226693-68.567177A80.418294 80.418294 0 0 1 207.21731 85.333333z m532.982826 798.892265a42.060884 42.060884 0 0 0 26.956001-11.110422l32.749292-27.855416a31.426623 31.426623 0 0 0 4.602889-43.27774c-19.416786-24.945543-39.389092-50.420154-58.700064-75.07471-22.062124-28.146403-44.970757-57.245128-67.006427-85.735425a55.393391 55.393391 0 0 1-8.835431-51.372476 56.028272 56.028272 0 0 1 38.092876-36.452766c33.622254-9.443859 65.15469-18.887718 95.628991-28.014136l24.575196-7.354042a21.162709 21.162709 0 0 0 4.020915-38.860024C651.713559 380.632484 437.785025 263.523343 220.205923 141.679046a26.453386 26.453386 0 0 0-12.988613-3.544754 27.220534 27.220534 0 0 0-21.400789 10.845889 24.99845 24.99845 0 0 0-4.206088 22.538285c30.818195 113.299853 65.577944 231.440676 99.200198 345.719304 34.389402 116.55362 69.75758 237.101701 101.157749 352.86172a20.501374 20.501374 0 0 0 20.474921 15.581044 20.289747 20.289747 0 0 0 18.35865-11.004609l77.958129-141.525616a55.340484 55.340484 0 0 1 90.761568-9.232232c22.961539 27.035361 46.71668 54.732056 69.651766 81.502883 19.205158 22.406018 39.098105 45.605638 58.435531 68.302643a29.257445 29.257445 0 0 0 22.591191 10.607808z
0xe625	M938.666667 512c0 235.648-191.018667 426.666667-426.666667 426.666667S85.333333 747.648 85.333333 512 276.352 85.333333 512 85.333333v85.333334a341.333333 341.333333 0 1 0 192 59.093333V341.333333h-85.333333V85.333333h256v85.333334H768a426.026667 426.026667 0 0 1 170.666667 341.333333z
0xe692	M256 256m64 0l384 0q64 0 64 64l0 384q0 64-64 64l-384 0q-64 0-64-64l0-384q0-64 64-64Z
0xe64d	M199.68430347 163.72423718c-44.72270115 11.71989459-80.48007313 46.98352313-93.60323683 92.32990008l-3.8200094 13.20112245v485.63500419l3.8200094 13.20112328c13.40901439 46.2559026 48.38679223 80.3241548 95.39630299 92.87561546l13.87677021 3.6900779h603.71748822l13.87677104-3.6900779c46.90556438-12.52547471 82.03926055-46.69767245 95.39630298-92.87561546l3.82000942-13.20112328V269.25525972l-3.82000942-13.20112246c-13.20112245-45.58025486-49.19237317-80.86987019-94.25289861-92.38187285-12.83731219-3.30028082-17.93065918-3.35225361-317.55456685-3.24830805-296.06376298 0.07795958-304.84718703 0.15591915-316.85293315 3.30028082m622.6876054 50.69958782c29.41667504 7.66600646 53.09034215 34.40607565 57.35212225 64.81023675 2.23483601 15.72180998 2.23483601 449.95559178 0 465.67740094a80.37612757 80.37612757 0 0 1-22.11447969 43.94310784c-11.25213796 11.1222056-18.91814441 15.87772831-32.48307712 20.11352159-10.36859827 3.24830804-15.98167386 3.30028082-307.91358995 3.30028081-290.84048447 0-297.57097764-0.07795958-307.91358994-3.27429484a79.90837093 79.90837093 0 0 1-54.5975568-64.0826154c-1.01347203-7.17226383-1.63714701-96.66963891-1.63714702-232.83870047s0.62367498-225.66643745 1.63714702-232.83870047c3.22232124-22.97203255 18.71025248-45.76215999 39.03166598-57.37810902 18.08657751-10.3426123-1.32530953-9.74492331 322.72587343-9.87485567 261.31986305-0.10394555 297.23315418 0.20789193 305.91263184 2.44272794m-245.28621557 183.15258469c-6.54858887 2.15687642-10.47254384 4.98940061-12.60343429 9.1732211-1.92299852 3.69007788-2.36476836 17.48888933-2.36476837 74.89298435 0.0259868 44.85263351 0.67564774 72.65814834 1.79306617 76.76400926 2.26082198 8.08178949 13.61690633 20.58127823 22.32237079 24.55720679 5.74300793 2.62463308 11.33009753 3.04041611 41.21452922 3.09238889 25.6226516 0.0259868 35.99124988-0.57170219 40.04513803-2.26082282 7.7959388-3.27429402 17.30698338-12.08370486 21.54277749-20.00957519 3.43021318-6.41865651 3.66409108-9.30315346 4.15783369-49.11441359 0.597689-47.58121213-0.10394555-51.5831275-11.04424684-63.66683237-11.22615199-12.44751512-15.35799887-13.61690633-50.59564145-14.31854087l-31.18375441-0.59768816v-11.90179974c-0.0259868-14.18860852-3.69007788-21.64672305-12.44751593-25.31081412-6.05484542-2.52068669-6.86042635-2.62463308-10.8363541-1.29932353m-289.90497202 38.90173446a24.29734209 24.29734209 0 0 0-7.22423662 3.48218513c-1.4032691 1.14340439-10.05676079 17.09909228-19.22998189 35.4195485l-16.65732161 33.28865807-4.54763159-11.58996226c-2.52068669-6.39266972-8.08178949-20.76318335-12.39554235-31.93736173-8.83539683-22.868087-13.6688791-28.7410273-23.62169351-28.74102729-11.58996225 0-19.67175174 7.76995201-19.51583341 18.81419804 0.05197278 4.00191537 29.26075671 83.65042159 40.48690787 110.41647758 3.97592857 9.4850586 21.12699362 13.01921732 28.66306772 5.9249139 2.18286324-2.05293087 11.79785418-19.07406358 21.33488555-37.83628883 9.56301817-18.76222526 17.77474002-34.12022497 18.24249666-34.12022496 0.46775666 0 8.88737043 16.13759301 18.76222526 35.86131752 16.65732244 33.36661765 18.32045541 36.04322266 23.93353183 38.38200503 7.8219248 3.27429402 15.38398569 1.81905214 20.84114292-4.00191535 5.69103515-6.05484542 44.54079602-107.16816955 44.54079602-115.89962081 0-4.85946826-1.24734994-7.48410132-5.66504918-11.87581376-6.67852039-6.70450719-15.25405333-7.58804687-23.6216935-2.49469989-5.30123809 3.22232124-6.21076457 5.19729254-23.9855046 52.12884288-3.04041611 8.00383074-6.02885945 14.55241878-6.67852122 14.55241878-0.62367498 0-8.54954614-14.63037835-17.56684809-32.50906394-9.04328876-17.87868558-17.93065918-33.47056318-19.74971131-34.66594116a20.19148116 20.19148116 0 0 0-16.34548495-2.59864545m154.22965307 5.5611028c-11.17417838 5.19729254-19.8016841 14.37051365-23.93353181 25.41475967-3.04041611 8.05580352-3.3782404 12.91527177-3.37823959 46.95753716 0 41.11058284 0.88353968 46.54175329 9.2251939 57.48205376 2.39075434 3.14436166 8.18573587 7.61403368 12.86329817 9.95281524 8.41961379 4.20980647 8.88737043 4.23579328 49.73808855 4.23579328h41.21452923l5.43117045-4.85946826c4.78150867-4.26178008 5.43117045-5.84695432 5.43117044-13.27908202 0-7.27620939-0.72762134-9.14723431-5.43117044-13.85078425l-5.43117045-5.43117044-37.39451898-0.49374342-37.39451899-0.51972861v-18.11256431h27.96143316c34.45804842 0 41.81221739-1.76707937 51.53115473-12.2915968 7.61403368-8.26369463 10.29063868-15.92970108 10.3166255-29.39068824 0-20.76318335-10.18669315-37.78431605-27.44170458-45.86610636-7.69199242-3.6121183-10.42057106-3.89796899-36.58893805-3.897969-26.24632658 0-28.87095965 0.28585069-36.71887124 3.9499426m303.72976944-1.35129632a41.63031226 41.63031226 0 0 0-21.30889874 19.5158334l-4.54763077 8.62750489v72.42427043c0 81.23368045-0.31183749 78.99884527 12.18765042 84.24810977 5.30123809 2.23483601 6.96437191 2.26082198 12.60343428 0.28585151 9.95281524-3.50817276 13.04520412-8.96532918 13.95472978-24.66115319l0.75360733-13.38302756h26.94796113c31.39164634 0 40.90269174-2.05293087 50.8035342-11.01826007 3.56014553-3.19633444 8.18573587-9.32914025 10.2906387-13.61690631 3.71606385-7.53607411 3.84599622-9.22519388 3.84599622-51.03741128v-43.2414733l-4.41769842-8.3156674c-5.37919767-10.16070634-9.95281524-14.57840559-19.69773853-18.99610399-6.75647996-3.06640291-10.78438214-3.3782404-41.57833949-3.35225361-26.58415087 0.0259868-35.36757492 0.57170219-39.83724611 2.52068671m-91.94010301 35.36757491c1.63714701 1.01347203 2.02694407 9.40709901 1.66313382 36.14716903l-0.44176986 34.79587272-27.02592071 0.46775663-27.0259207 0.44176985v-73.25583734l25.36278692 0.0259868c13.95472979 0.0259868 26.32428616 0.62367498 27.46769053 1.37728231m-151.91685749 2.88449695a10.65444979 10.65444979 0 0 1 2.62463225 6.65253441v4.02790217h-25.77856995c-24.94700386 0-25.77857077-0.10394555-25.77857076-3.43021317 0-1.89701172 0.77959414-4.88545506 1.71510658-6.65253441 1.55918743-2.93647055 3.66409108-3.22232124 23.1799245-3.22232126 17.28099739 0 21.93257371 0.51972942 24.03747738 2.62463226m309.91454721 33.54852276l-0.44176984 36.17315584-26.19435381 0.46775582-26.19435378 0.44176983v-73.25583651h53.27224729l-0.44176986 36.17315502
0xe64e	M219.15051574 142.17751451h596.63204512A137.86249712 137.86249712 0 0 1 953.4815528 279.87650644v464.24698712a137.86249712 137.86249712 0 0 1-137.69899194 137.69899193H219.15051574A137.86249712 137.86249712 0 0 1 81.45152379 744.12349356V279.87650644A137.86249712 137.86249712 0 0 1 219.15051574 142.17751451z m596.63204512 685.14309385A83.30611912 83.30611912 0 0 0 898.97967566 744.12349356V279.87650644A83.30611912 83.30611912 0 0 0 815.78256087 196.67939163H219.15051574A83.30611912 83.30611912 0 0 0 135.95340007 279.87650644v464.24698712a83.30611912 83.30611912 0 0 0 83.19711566 83.1971148z M241.90504924 625.5001589a20.43820382 20.43820382 0 0 1-20.43820381-20.4382038v-186.12391021a20.43820382 20.43820382 0 0 1 20.43820381-20.4382038 20.43820382 20.43820382 0 0 1 20.43820382 20.4382038v186.12391021a20.43820382 20.43820382 0 0 1-20.43820382 20.4382038z M317.52640303 573.31461146a20.43820382 20.43820382 0 0 1-17.82211337-10.38260794l-75.59410335-133.93836187a20.43820382 20.43820382 0 0 1 7.73926619-27.85045881 20.43820382 20.43820382 0 0 1 27.85045968 7.73926621l75.59410249 133.9383627a20.43820382 20.43820382 0 0 1-17.76761164 30.49379971z M393.09325509 625.5001589a20.43820382 20.43820382 0 0 1-20.43820383-20.4382038v-186.12391021a20.43820382 20.43820382 0 0 1 20.43820383-20.4382038 20.43820382 20.43820382 0 0 1 20.43820381 20.4382038v186.12391021a20.43820382 20.43820382 0 0 1-20.43820381 20.4382038z M317.49915258 573.31461146a20.35645081 20.35645081 0 0 1-10.02834543-2.72509391 20.43820382 20.43820382 0 0 1-7.76651749-27.76870579l75.59410249-133.93836272a20.43820382 20.43820382 0 0 1 27.85045969-7.7392662 20.43820382 20.43820382 0 0 1 7.73926618 27.85045881L335.29401467 562.93200352a20.43820382 20.43820382 0 0 1-17.79486209 10.38260794z M776.5684605 625.5001589a20.43820382 20.43820382 0 0 1-20.4382038-20.4382038v-186.12391021a20.43820382 20.43820382 0 0 1 20.43820382-20.4382038 20.43820382 20.43820382 0 0 1 20.43820381 20.4382038v186.12391021a20.43820382 20.43820382 0 0 1-20.43820381 20.4382038z M802.02083748 566.58362928h-132.33055716a20.43820382 20.43820382 0 0 1-20.43820382-20.4382038 20.43820382 20.43820382 0 0 1 20.43820382-20.43820382h132.33055716a20.43820382 20.43820382 0 0 1 20.43820382 20.43820382 20.43820382 20.43820382 0 0 1-20.43820382 20.4382038z M669.69028032 566.58362928a20.35645081 20.35645081 0 0 1-13.13495227-4.79616453 20.43820382 20.43820382 0 0 1-2.50708613-28.80424197l106.87818018-127.18013014a20.43820382 20.43820382 0 0 1 28.66798724-2.50708614 20.43820382 20.43820382 0 0 1 2.72509389 28.77699155l-106.98718449 127.20737969a20.3837021 20.3837021 0 0 1-15.64203842 7.30325154z M493.64921818 625.5001589a20.43820382 20.43820382 0 0 1-20.43820381-20.4382038v-186.12391021a20.43820382 20.43820382 0 0 1 20.43820381-20.4382038 20.43820382 20.43820382 0 0 1 20.43820382 20.4382038v186.12391021a20.43820382 20.43820382 0 0 1-20.43820382 20.4382038z M495.77479141 398.4998411h57.22697018a69.81690436 69.81690436 0 0 1 69.78965391 69.73515219v15.31502722a69.81690436 69.81690436 0 0 1-69.73515133 69.76240177h-79.8452498v-132.24880416a22.59102834 22.59102834 0 0 1 22.56377704-22.56377702z m57.22697018 113.93617355a28.91324543 28.91324543 0 0 0 28.91324629-28.88599414v-15.31502722a28.91324543 28.91324543 0 0 0-28.85874371-28.85874455h-38.96884217v73.05976591z
0xe64f	M221.20961511 136.93085795h591.32967232A136.63728911 136.63728911 0 0 1 949.01452448 273.40609501v460.12114332a136.63728911 136.63728911 0 0 1-136.47523705 136.47523706H221.20961511A136.63728911 136.63728911 0 0 1 84.73437806 733.52723833V273.40609501A136.63728911 136.63728911 0 0 1 221.20961511 136.93085795z m591.32967232 679.05410798A82.56576314 82.56576314 0 0 0 894.99701498 733.52723833V273.40609501A82.56576314 82.56576314 0 0 0 812.53928744 190.94836741H221.20961511A82.56576314 82.56576314 0 0 0 138.75188667 273.40609501v460.12114332a82.56576314 82.56576314 0 0 0 82.45772843 82.4577276z M352.52617964 640.48207899a109.08835953 109.08835953 0 0 1-76.11067066-33.73393442 147.9269491 147.9269491 0 0 1-43.56512066-102.39018938A140.85065489 140.85065489 0 0 1 268.39390889 411.87998022a128.21055843 128.21055843 0 0 1 84.72646337-45.13162912 118.35236223 118.35236223 0 0 1 67.52188622 16.20525224 27.00875431 27.00875431 0 0 1-26.65764022 46.96822435 63.79467835 63.79467835 0 0 0-36.70489757-9.23699358 74.05800513 74.05800513 0 0 0-48.2376361 26.76567576 88.10255713 88.10255713 0 0 0-22.25521326 56.88043708 94.12550991 94.12550991 0 0 0 27.54892958 64.11878332 55.85410473 55.85410473 0 0 0 38.10935226 18.09586572h0.29709676a58.01480497 58.01480497 0 0 0 38.27140516-14.28763139 29.4935604 29.4935604 0 0 0 6.83321485-20.66169741v-19.66237331h-15.7461043a27.00875431 27.00875431 0 0 1 0-54.01750861h34.51718822a35.11138086 35.11138086 0 0 1 35.11138173 35.11138084v38.54149284a81.70148288 81.70148288 0 0 1-22.90342411 59.14917201 110.73589361 110.73589361 0 0 1-75.81357394 29.87168275z M555.92911026 631.46115481a27.00875431 27.00875431 0 0 1-27.00875432-27.00875516V402.10281049a27.00875431 27.00875431 0 0 1 27.00875431-27.00875431 27.00875431 27.00875431 0 0 1 27.00875431 27.00875431v202.34958916a27.00875431 27.00875431 0 0 1-27.00875431 27.00875516z M686.67849128 631.46115481a27.00875431 27.00875431 0 0 1-27.00875432-27.00875516V402.10281049a27.00875431 27.00875431 0 0 1 27.00875431-27.00875431 27.00875431 27.00875431 0 0 1 27.00875431 27.00875431v202.34958916a27.00875431 27.00875431 0 0 1-27.00875431 27.00875516z M762.68112636 559.26675404h-76.00263508a27.00875431 27.00875431 0 0 1-27.00875432-27.00875517 27.00875431 27.00875431 0 0 1 27.00875432-27.0087543h76.00263509a27.00875431 27.00875431 0 0 1 27.00875517 27.0087543 27.00875431 27.00875431 0 0 1-27.00875517 27.00875517z M773.88975988 429.11156564h-87.2112686a27.00875431 27.00875431 0 0 1-27.00875432-27.00875515 27.00875431 27.00875431 0 0 1 27.00875432-27.00875431h87.2112686a27.00875431 27.00875431 0 0 1 27.00875431 27.00875431 27.00875431 27.00875431 0 0 1-27.00875431 27.00875515z
0xea49	M512 85.333333a426.666667 426.666667 0 0 1 301.706667 728.373334A426.666667 426.666667 0 0 1 210.293333 210.293333 424 424 0 0 1 512 85.333333z m0 800A373.333333 373.333333 0 1 0 138.666667 512a373.76 373.76 0 0 0 373.333333 373.333333z M629.84 507.36l-192-110.746667a5.333333 5.333333 0 0 0-8 4.613334v221.386666a5.333333 5.333333 0 0 0 8 4.613334l192-110.746667a5.333333 5.333333 0 0 0 0-9.253333l-192-110.746667a5.333333 5.333333 0 0 0-8 4.613333v221.52a5.333333 5.333333 0 0 0 8 4.613334l192-110.746667a5.333333 5.333333 0 0 0 0-9.12z M435.306667 369.28a32 32 0 0 1 16 4.32l191.84 110.72a32 32 0 0 1 0 55.44l-192 110.773333a32 32 0 0 1-48-27.706666v-221.546667a32 32 0 0 1 31.386666-32h0.613334z m149.2 142.773333l-128-73.813333v147.626667z
0xea5c	M512 85.333333a426.666667 426.666667 0 0 1 301.706667 728.373334A426.666667 426.666667 0 0 1 210.293333 210.293333 424 424 0 0 1 512 85.333333z m0 800A373.333333 373.333333 0 1 0 138.666667 512a373.76 373.76 0 0 0 373.333333 373.333333z M420.506667 645.413333a26.666667 26.666667 0 0 1-26.666667-26.666666v-213.333334a26.666667 26.666667 0 0 1 26.666667-26.666666 26.666667 26.666667 0 0 1 26.666666 26.666666v213.333334a26.666667 26.666667 0 0 1-26.666666 26.666666z M603.493333 645.413333a26.666667 26.666667 0 0 1-26.666666-26.666666v-213.333334a26.666667 26.666667 0 0 1 26.666666-26.666666 26.666667 26.666667 0 0 1 26.666667 26.666666v213.333334a26.666667 26.666667 0 0 1-26.666667 26.666666z
0xe666	M682.666667 640H341.333333v213.333333h341.333334v-213.333333z m-298.666667-213.333333a42.666667 42.666667 0 1 1 0 85.333333H298.666667a42.666667 42.666667 0 1 1 0-85.333333h85.333333zM170.666667 341.333333v341.333334h85.333333v-85.333334a42.666667 42.666667 0 0 1 42.666667-42.666666h426.666666a42.666667 42.666667 0 0 1 42.666667 42.666666v85.333334h85.333333V341.333333H170.666667z m170.666666-170.666666v85.333333h341.333334V170.666667H341.333333z m426.666667 85.333333h85.333333a85.333333 85.333333 0 0 1 85.333334 85.333333v341.333334a85.333333 85.333333 0 0 1-85.333334 85.333333h-85.333333v85.333333a85.333333 85.333333 0 0 1-85.333333 85.333334H341.333333a85.333333 85.333333 0 0 1-85.333333-85.333334v-85.333333H170.666667a85.333333 85.333333 0 0 1-85.333334-85.333333V341.333333a85.333333 85.333333 0 0 1 85.333334-85.333333h85.333333V170.666667a85.333333 85.333333 0 0 1 85.333333-85.333334h341.333334a85.333333 85.333333 0 0 1 85.333333 85.333334v85.333333z
0xe9ce	M128 256v128h85.333333V213.333333h170.666667V128H128v128m512-85.333333v42.666666h170.666667v170.666667h85.333333V128h-256v42.666667m-172.373333 89.130666c-1.28 2.901333-163.285333 408.490667-182.741334 457.429334l-3.242666 8.106666h91.776l25.429333-63.573333 25.429333-63.573333h175.104l25.258667 63.146666 25.258667 63.146667 46.250666 0.469333 46.250667 0.426667-2.56-6.4-93.696-234.282667-91.136-227.84-42.88-0.469333-42.837333-0.426667-1.664 3.84m71.381333 187.349334l25.557333 64-52.138666 0.469333c-28.672 0.213333-52.394667 0.170667-52.693334-0.128-0.298667-0.298667 11.136-29.824 25.429334-65.621333 14.293333-35.797333 26.496-64.554667 27.136-63.872 0.64 0.64 12.629333 29.952 26.709333 65.152M128 768v128h256v-85.333333H213.333333v-170.666667H128v128m682.666667-42.666667v85.333334h-170.666667v85.333333h256v-256h-85.333333v85.333333
0xe64a	M156.330667 130.688a42.88 42.88 0 0 0-22.741334 19.114667L128.853333 157.866667v708.266666l4.736 8.064c2.602667 4.394667 7.253333 9.984 10.368 12.330667 13.226667 10.112-11.434667 9.472 367.957334 9.472 390.229333 0 357.461333 1.109333 371.328-12.757333 13.866667-13.866667 12.757333 18.901333 12.757333-371.242667s1.109333-357.376-12.757333-371.242667c-13.866667-13.909333 19.029333-12.757333-371.968-12.629333-297.813333 0.085333-349.269333 0.469333-354.944 2.56M384 298.666667v85.333333H213.333333V213.333333h170.666667v85.333334m426.666667 0v85.333333h-341.333334V213.333333h341.333334v85.333334M384 640v170.666667H213.333333v-341.333334h170.666667v170.666667m426.666667 0v170.666667h-341.333334v-341.333334h341.333334v170.666667
0xeaf3	M469.376 853.376V554.688H170.688a42.688 42.688 0 0 1 0-85.312h298.688V170.688a42.688 42.688 0 1 1 85.312 0v298.688h298.688a42.624 42.624 0 0 1 0 85.312H554.688v298.688a42.688 42.688 0 0 1-85.312 0z
0xeafb	M432.742371 742.326979a28.193522 28.193522 0 0 1-28.193522-28.193522v-261.523111a28.193522 28.193522 0 0 1 28.193522-28.193522 28.193522 28.193522 0 0 1 28.193522 28.193522v261.523111a28.193522 28.193522 0 0 1-28.193522 28.193522z M649.888878 742.326979a28.193522 28.193522 0 0 1-28.193522-28.193522v-261.523111a28.193522 28.193522 0 0 1 28.193522-28.193522 28.193522 28.193522 0 0 1 28.193522 28.193522v261.523111a28.193522 28.193522 0 0 1-28.193522 28.193522z M663.872865 141.720378h-245.086288a28.193522 28.193522 0 0 1-28.193522-28.193523 28.193522 28.193522 0 0 1 28.193522-28.193522h245.086288a28.193522 28.193522 0 0 1 28.193522 28.193522 28.193522 28.193522 0 0 1-28.193522 28.193523z M964.218456 274.117157H118.412793a28.193522 28.193522 0 0 1-28.193522-28.193522 28.193522 28.193522 0 0 1 28.193522-28.193522h845.805663a28.193522 28.193522 0 0 1 28.193522 28.193522 28.193522 28.193522 0 0 1-28.193522 28.193522z M203.500843 217.730113h675.629563v571.933789a149.200119 149.200119 0 0 1-149.030958 149.030958H352.5318a149.200119 149.200119 0 0 1-149.030957-149.030958z m619.242519 56.387044H259.887887v515.546745a92.728494 92.728494 0 0 0 92.643913 92.643914h377.595842a92.728494 92.728494 0 0 0 92.643913-92.643914z
0xeb0a	M110.87412076 584.08477901a26.78669525 26.78669525 0 0 1-18.93819299-45.72488912L470.83373509 159.56922924a60.35042498 60.35042498 0 0 1 42.85871276-17.78636628 60.27006517 60.27006517 0 0 1 42.85871276 17.81315316L933.3060324 536.35088794a26.78669525 26.78669525 0 1 1-37.87638771 37.87638685L518.647986 197.44561609A6.99132786 6.99132786 0 0 0 513.61208806 195.35625432a7.25919416 7.25919416 0 0 0-5.0626857 2.08936178L129.73195482 576.23627762a26.78669525 26.78669525 0 0 1-18.85783406 7.84850139z M110.87412076 872.92571684a26.78669525 26.78669525 0 0 1-18.93819299-45.72488998L470.83373509 448.49052688a60.35042498 60.35042498 0 0 1 42.85871276-17.78636627 60.27006517 60.27006517 0 0 1 42.85871276 17.81315229l376.75487179 376.75487265a26.78669525 26.78669525 0 0 1-37.87638771 37.87638687L518.647986 486.36691372a6.8038205 6.8038205 0 0 0-5.06268484-2.08936176 7.04490077 7.04490077 0 0 0-5.06268569 2.08936178L129.70516793 865.18436128a26.78669525 26.78669525 0 0 1-18.83104717 7.74135556z
0xeb0b	M561.68 938.666667a26.666667 26.666667 0 0 1-18.853333-7.813334L165.706667 553.733333a60.533333 60.533333 0 0 1 0-85.493333L540.8 93.146667a26.666667 26.666667 0 0 1 37.706667 37.706666L203.413333 505.946667a7.12 7.12 0 0 0 0 10.08l377.12 377.12A26.666667 26.666667 0 0 1 561.68 938.666667z M849.306667 938.666667a26.666667 26.666667 0 0 1-18.853334-7.813334L453.333333 553.733333a60.453333 60.453333 0 0 1 0-85.493333L828.426667 93.146667a26.666667 26.666667 0 0 1 37.706666 37.706666L491.04 505.946667a7.12 7.12 0 0 0 0 10.08l377.12 377.12A26.666667 26.666667 0 0 1 849.306667 938.666667z
0xeb0c	M599.002613 938.604147a70.678682 70.678682 0 0 1-50.015874-20.662808L109.253425 478.208025a31.259921 31.259921 0 0 1 44.201529-44.201529L593.157008 873.70855a8.408919 8.408919 0 0 0 11.81625 0l442.046548-442.046548a31.259921 31.259921 0 0 1 44.201529 44.201529L649.112267 917.972599a70.741202 70.741202 0 0 1-50.109654 20.631548z M599.002613 601.497155a70.647422 70.647422 0 0 1-50.015874-20.725328L109.284685 141.069773A31.259921 31.259921 0 0 1 153.486214 96.868244l439.702054 439.702054a8.346399 8.346399 0 0 0 11.81625 0L1046.988546 94.58627a31.259921 31.259921 0 0 1 44.201529 44.201529L649.112267 580.865607a70.647422 70.647422 0 0 1-50.109654 20.631548z
0xeb0d	M875.92 513.013333a60.293333 60.293333 0 0 1-17.626667 42.666667L483.173333 930.8a26.666667 26.666667 0 0 1-37.706666-37.706667L820.56 518a7.173333 7.173333 0 0 0 0-10.08L443.466667 130.826667A26.666667 26.666667 0 0 1 481.173333 93.12l377.146667 377.146667a60.346667 60.346667 0 0 1 17.6 42.746666z M588.346667 513.013333a60.266667 60.266667 0 0 1-17.68 42.666667L195.573333 930.773333A26.666667 26.666667 0 0 1 157.866667 893.066667l375.093333-375.093334a7.12 7.12 0 0 0 0-10.08L155.92 130.853333A26.666667 26.666667 0 0 1 193.626667 93.146667l377.12 377.12a60.266667 60.266667 0 0 1 17.6 42.746666z
0xe6ae	M477.866667 87.210667c-60.501333 5.802667-121.728 29.866667-171.989334 67.626666a430.933333 430.933333 0 0 0-58.88 56.746667A345.685333 345.685333 0 0 0 170.666667 426.666667a345.6 345.6 0 0 0 76.330666 215.04c21.248 26.282667 55.978667 57.002667 84.010667 74.325333l10.069333 6.186667 0.682667 58.325333c0.682667 57.173333 0.810667 58.581333 5.333333 74.410667 14.976 52.48 52.522667 94.634667 101.76 114.218666 56.149333 22.357333 122.282667 12.586667 169.002667-24.96a167.808 167.808 0 0 0 61.269333-100.522666c3.114667-15.274667 3.541333-23.509333 3.541334-69.333334v-51.968l10.197333-6.272c28.16-17.408 62.848-48.085333 84.138667-74.410666 111.488-137.941333 99.285333-337.493333-28.16-460.074667A339.712 339.712 0 0 0 477.866667 87.210667m78.549333 87.594666c56.746667 10.069333 110.805333 40.490667 147.84 83.114667A262.144 262.144 0 0 1 764.16 383.146667c4.352 23.68 3.84 69.845333-1.109333 93.013333a259.413333 259.413333 0 0 1-101.461334 158.165333 376.32 376.32 0 0 1-30.421333 18.858667c-29.269333 16.426667-33.834667 23.765333-33.834667 54.442667V725.333333h-170.666666v-17.706666c0-30.208-4.949333-38.485333-31.658667-53.12-71.936-39.381333-117.418667-99.84-134.101333-178.346667-5.504-25.813333-5.504-73.173333 0-98.986667 20.906667-98.005333 92.373333-173.952 186.496-198.058666a276.48 276.48 0 0 1 109.013333-4.309334M54.613333 240.426667a45.482667 45.482667 0 0 0-20.821333 13.525333 41.301333 41.301333 0 0 0 0 55.296c7.68 8.490667 13.184 11.264 39.765333 19.882667 26.24 8.490667 32.938667 9.642667 41.984 7.210666 33.493333-9.002667 44.330667-49.792 19.242667-72.362666-7.125333-6.442667-11.648-8.533333-33.536-15.658667-25.344-8.234667-38.613333-10.496-46.634667-7.893333m873.258667 6.186666c-29.013333 9.514667-35.029333 12.544-42.496 21.248-20.266667 23.68-7.978667 60.117333 23.04 68.48 9.301333 2.517333 17.408 1.066667 43.52-7.68 25.728-8.618667 28.373333-9.898667 35.925333-16.981333 26.624-24.96 10.026667-69.418667-26.88-72.106667-7.850667-0.597333-13.610667 0.64-33.109333 7.04M96.426667 517.290667c-10.666667 2.474667-43.690667 13.610667-50.474667 17.024-8.106667 4.053333-17.706667 14.933333-20.437333 23.125333a42.837333 42.837333 0 0 0 36.138666 56.448c7.253333 0.853333 12.714667-0.341333 36.992-8.192 27.178667-8.789333 28.885333-9.6 37.077334-17.749333 9.386667-9.301333 12.757333-17.365333 12.757333-30.549334 0-25.941333-26.197333-46.122667-52.053333-40.106666m813.013333-0.725334c-8.704 1.450667-22.485333 11.306667-27.733333 19.84a40.832 40.832 0 0 0 6.528 51.541334c8.234667 8.149333 9.941333 9.002667 37.12 17.749333 24.277333 7.850667 29.738667 9.045333 36.992 8.192 34.602667-4.096 50.730667-44.501333 27.861333-69.802667-7.594667-8.405333-12.970667-11.093333-39.594667-19.797333-21.376-6.997333-32.768-9.130667-41.173333-7.722667m-312.917333 303.914667c-2.602667 21.077333-11.776 38.826667-27.605334 53.248-50.730667 46.421333-132.992 15.445333-141.44-53.248L426.282667 810.666667h171.434666l-1.194666 9.813333
0xeace	M512 353.68A158.346667 158.346667 0 1 1 353.68 512 158.506667 158.506667 0 0 1 512 353.68z m0 266.666667A108.346667 108.346667 0 1 0 403.68 512 108.453333 108.453333 0 0 0 512 620.346667z M112 354.213333a26.666667 26.666667 0 0 1-26.666667-26.666666V218.8a133.493333 133.493333 0 0 1 133.333334-133.333333h145.813333a26.666667 26.666667 0 0 1 0 53.333333H218.666667a80 80 0 0 0-80 80v108.746667a26.666667 26.666667 0 0 1-26.666667 26.666666z M912 354.08a26.666667 26.666667 0 0 1-26.666667-26.666667V218.666667a80 80 0 0 0-80-80h-145.813333a26.666667 26.666667 0 0 1 0-53.333334H805.333333a133.493333 133.493333 0 0 1 133.333334 133.333334v108.746666a26.666667 26.666667 0 0 1-26.666667 26.666667z M805.333333 938.533333h-145.813333a26.666667 26.666667 0 0 1 0-53.333333H805.333333a80 80 0 0 0 80-80v-108.746667a26.666667 26.666667 0 0 1 53.333334 0v108.746667a133.493333 133.493333 0 0 1-133.333334 133.333333z M364.48 938.666667H218.666667a133.493333 133.493333 0 0 1-133.333334-133.333334v-108.746666a26.666667 26.666667 0 0 1 53.333334 0V805.333333a80 80 0 0 0 80 80h145.813333a26.666667 26.666667 0 1 1 0 53.333334z
0xe8c0	M853.312 512a345.6 345.6 0 0 0-1.536-32H554.688v64h297.088a345.6 345.6 0 0 0 1.536-32z m-298.624 338.56a339.456 339.456 0 0 0 170.24-71.872h-170.24v71.872z m0-157.248h234.624a42.88 42.88 0 0 1 10.816 1.536c13.056-20.48 24-42.368 32.512-65.536H554.688v64z m245.44-364.224a42.624 42.624 0 0 1-10.816 1.6H554.688v64h277.952a340.16 340.16 0 0 0-32.512-65.6zM554.688 245.312h170.24a339.584 339.584 0 0 0-170.24-71.936v71.936zM170.688 512a341.248 341.248 0 0 0 298.624 338.56V173.376A341.312 341.312 0 0 0 170.688 512z m768 0A426.688 426.688 0 1 1 85.312 512a426.688 426.688 0 0 1 853.376 0z
0xe6d1	M246.98660328 740.60138591a26.36086066 26.36086066 0 0 1-4.37590306-0.36905205 185.02688275 185.02688275 0 0 1 4.66587287-365.62514093 26.36086066 26.36086066 0 1 1 7.38104094 52.19450477 132.30516066 132.30516066 0 0 0-3.34782994 261.44701816 26.36086066 26.36086066 0 0 1-4.32318081 52.35267005z M250.96709356 427.06530598a26.36086066 26.36086066 0 0 1-25.25370529-33.97914916 298.66855425 298.66855425 0 0 1 105.44344343-151.0477336 296.42788044 296.42788044 0 0 1 355.63437489-0.76446484 298.85308027 298.85308027 0 0 1 105.68069095 149.33427712 26.36086066 26.36086066 0 1 1-50.34924376 15.65835129 242.51991995 242.51991995 0 0 0-232.66095844-171.16106945 245.15600656 245.15600656 0 0 0-233.26725801 173.19085571 26.36086066 26.36086066 0 0 1-25.22734377 18.76893292z M771.62045684 740.86499418a26.36086066 26.36086066 0 0 1-4.05957253-52.40539155 132.30516066 132.30516066 0 0 0-3.0842209-261.8160702 26.36086066 26.36086066 0 1 1 6.93290665-52.27358703 185.02688275 185.02688275 0 0 1 4.29682005 366.15235749 26.59810897 26.59810897 0 0 1-4.08593327 0.3426913z M582.77124908 584.70325418a7.69737151 7.69737151 0 0 0 2.87333413 13.5758435l94.55640801 23.11847526a7.72373226 7.72373226 0 0 0 9.54263175-7.40740247l0.39541279-97.53518515a7.64465 7.64465 0 0 0-12.41596587-6.08935879z M349.82032163 659.19904709a26.36086066 26.36086066 0 0 1-26.14997389-29.94593814 187.63660783 187.63660783 0 0 1 343.69290407-75.86655733 26.36086066 26.36086066 0 1 1-44.338968 28.54881219 134.91488573 134.91488573 0 0 0-247.1067098 54.46153857 26.36086066 26.36086066 0 0 1-26.09725238 22.80214471z M436.54755361 724.09948676a7.72373226 7.72373226 0 0 0-2.89969411-13.57584352l-94.55640801-23.09211373a7.72373226 7.72373226 0 0 0-9.54263174 7.40740171l-0.3954128 97.53518514a7.64465 7.64465 0 0 0 12.44232585 6.06299803z M509.75166436 841.589844a187.00394752 187.00394752 0 0 1-157.82247422-86.09457166 26.36086066 26.36086066 0 0 1 44.31260725-28.54881297 134.91488573 134.91488573 0 0 0 247.13307131-54.46153856 26.36086066 26.36086066 0 0 1 52.24722628 7.14379342 187.66296859 187.66296859 0 0 1-185.87043062 161.96112977z
0xe676	M670.57663889 494.43472437a27981.06595109 27981.06595109 0 0 0 268.04176101 165.88463448 21.49079143 21.49079143 0 0 1-6.09687421 39.20207313c-18.09750898 4.41402632-35.64326449 8.80046519-55.17533128 13.24207974a13.24207972 13.24207972 0 0 0-8.02801063 20.4424609c17.46299241 24.9944252 35.45015084 50.26472714 52.96831814 75.28673978a26.12551961 26.12551961 0 0 1-5.5175333 35.86396557l-15.36632979 11.80752113a26.95314983 26.95314983 0 0 1-39.06413437-3.03464337c-17.98715844-23.42192862-36.41571906-47.09214577-54.34770183-70.45889875a13.07655352 13.07655352 0 0 0-21.49079222 1.1310944L748.1255675 845.68088603a21.46320399 21.46320399 0 0 1-39.22966058-6.67621514c-22.78741205-104.58484153-51.53375954-214.65962814-74.48669777-319.32723202a23.89091824 23.89091824 0 0 1 36.16742974-25.24271449z M579.84080622 785.098372h-375.96471009a137.93832899 137.93832899 0 0 1-137.77280357-137.80039101v-305.75410066a137.93832899 137.93832899 0 0 1 137.77280357-137.800391h606.0458429a137.93832899 137.93832899 0 0 1 137.77280357 137.800391v198.10702828a27.58766564 27.58766564 0 0 1-55.17533206 0v-198.10702828a82.7629977 82.7629977 0 0 0-82.59747151-82.62505894h-606.0458429a82.7629977 82.7629977 0 0 0-82.5974715 82.62505894v305.75410066a82.7629977 82.7629977 0 0 0 82.5974715 82.62505894H579.84080622a27.58766564 27.58766564 0 0 1 0 55.17533207z M222.35983239 327.28105751m27.56007821 0l48.85775599 0q27.5600782 0 27.5600782 27.5600782l0 48.857756q0 27.5600782-27.5600782 27.5600782l-48.85775599 0q-27.5600782 0-27.56007821-27.5600782l0-48.857756q0-27.5600782 27.56007821-27.5600782Z M222.35983239 534.9058299m27.56007821 0l220.34268685 0q27.5600782 0 27.5600782 27.56007821l0 35.78120324q0 27.5600782-27.5600782 27.5600782l-220.34268685 0q-27.5600782 0-27.56007821-27.5600782l0-35.78120324q0-27.5600782 27.56007821-27.56007821Z M377.40251395 327.28105751m27.5600782 0l48.85775599 0q27.5600782 0 27.56007821 27.5600782l0 48.857756q0 27.5600782-27.56007821 27.5600782l-48.85775599 0q-27.5600782 0-27.5600782-27.5600782l0-48.857756q0-27.5600782 27.5600782-27.5600782Z M532.41760806 327.28105751m27.56007819 0l48.85775678 0q27.5600782 0 27.5600782 27.5600782l0 48.857756q0 27.5600782-27.5600782 27.5600782l-48.85775678 0q-27.5600782 0-27.56007819-27.5600782l0-48.857756q0-27.5600782 27.56007819-27.5600782Z M687.43270293 327.28105751m27.5600782 0l48.85775599 0q27.5600782 0 27.56007821 27.5600782l0 48.857756q0 27.5600782-27.56007821 27.5600782l-48.85775599 0q-27.5600782 0-27.5600782-27.5600782l0-48.857756q0-27.5600782 27.5600782-27.5600782Z
0xe649	M584.606121 404.423482c114.480682 88.549925 226.981101 173.942131 345.556113 263.615989a29.623683 29.623683 0 0 1-13.621006 52.958689c-25.422311 3.612644-50.095334 7.305569-77.604951 10.704131a18.250544 18.250544 0 0 0-13.781569 26.94765c20.632213 36.661649 41.906673 73.778224 62.619167 110.466634a36.019401 36.019401 0 0 1-12.443552 48.16859l-22.692758 14.156213a37.170095 37.170095 0 0 1-53.199532-9.446396c-21.408262-34.520823-43.646095-69.576852-65.107877-103.937113a17.98294 17.98294 0 0 0-29.623683-1.364777l-60.933267 79.95986a29.436361 29.436361 0 0 1-52.905168-14.423817c-17.233651-146.566315-41.906673-301.455093-59.300886-448.18197a32.941964 32.941964 0 0 1 53.038969-29.623683z M443.953838 899.409266h-160.561966a26.760328 26.760328 0 0 1 0-53.520656h160.561966a26.760328 26.760328 0 0 1 0 53.520656zM134.738251 859.884262a26.760328 26.760328 0 0 1-20.739255-9.847801A123.445392 123.445392 0 0 1 85.633049 771.254056v-93.473825a26.760328 26.760328 0 0 1 53.520656 0v93.473825a70.513464 70.513464 0 0 0 16.3238 44.957351 26.760328 26.760328 0 0 1-20.712494 43.672855zM112.393377 544.112393a26.760328 26.760328 0 0 1-26.760328-26.760327v-160.561967a26.760328 26.760328 0 1 1 53.520656 0v160.561967a26.760328 26.760328 0 0 1-26.680047 26.626526z m801.445058-103.027262a26.760328 26.760328 0 0 1-26.760328-26.760328V279.666834a26.760328 26.760328 0 1 1 53.520655 0v134.604449a26.760328 26.760328 0 0 1-26.760327 26.760328zM114.025757 223.095501a26.760328 26.760328 0 0 1-26.332163-31.630708 127.539722 127.539722 0 0 1 45.760161-75.785248A137.039639 137.039639 0 0 1 219.274126 85.600937h14.584379a26.760328 26.760328 0 0 1 0 53.520655h-14.584379a79.585215 79.585215 0 0 0-78.942967 62.0572 26.760328 26.760328 0 0 1-26.305402 21.782907z m757.638401-63.234655a26.760328 26.760328 0 0 1-15.708313-5.111222 82.796454 82.796454 0 0 0-48.99816-15.735073h-91.44004a26.760328 26.760328 0 0 1 0-53.520656h91.44004a135.995986 135.995986 0 0 1 80.441546 25.957518 26.760328 26.760328 0 0 1-15.735073 48.409433zM394.393711 139.121592a26.760328 26.760328 0 0 1 0-53.520655h160.561967a26.760328 26.760328 0 0 1 0 53.520655h-160.561967z
0xe648	M461.696 90.373333a106.426667 106.426667 0 0 0-20.906667 9.52C428.656 107.68 112.682667 427.28 104.149333 440.4a94.426667 94.426667 0 0 0-13.36 64.613333c1.146667 6.64 4.933333 17.733333 8.88 25.92 7.493333 15.546667-4.133333 3.493333 279.573334 290.186667 59.706667 60.346667 62.16 62.32 86 69.253333 26.506667 7.706667 60.48 0.426667 80.826666-17.306666 4.053333-3.52 78.053333-77.893333 164.453334-165.253334 102.453333-103.6 159.386667-162.4 163.653333-168.986666 17.653333-27.333333 19.013333-61.2 3.68-92.346667-5.92-12.026667-12.853333-19.333333-143.333333-151.333333-199.626667-201.92-189.786667-192.213333-201.386667-198.266667-21.866667-11.36-48.853333-13.84-71.44-6.506667m44.853333 52.96c11.946667 6.56 320.506667 318.746667 325.146667 328.986667 1.76 3.92 3.226667 9.2 3.253333 11.76l0.053334 4.64h-110.773334c-60.933333 0-110.773333 0.293333-110.773333 0.666667 0 0.346667 13.386667 33.226667 29.733333 73.04 31.2 75.973333 32.693333 80.933333 27.226667 91.413333-5.2 9.973333-14.373333 15.84-24.8 15.84-17.226667 0-21.52-5.893333-43.36-59.573333l-18.4-45.226667-94.666667 0.4-94.693333 0.4-18.613333 44.906667c-10.24 24.72-19.76 46.506667-21.173334 48.4-7.013333 9.6-23.333333 13.573333-33.706666 8.213333a33.786667 33.786667 0 0 1-15.28-19.333333c-2.08-7.68-0.72-12.746667 10.906666-40.746667a12320.906667 12320.906667 0 0 0 26.746667-65.12c17.28-41.973333 21.493333-52.293333 21.493333-52.773333 0-0.266667-50.16-0.506667-111.44-0.506667H141.989333l1.626667-7.173333c0.88-3.946667 2.986667-9.36 4.64-12 2.906667-4.56 257.013333-262.933333 301.6-306.666667 22.08-21.653333 25.626667-23.76 40.373333-24.053333 5.6-0.106667 10.293333 1.173333 16.32 4.506666m-29.786666 96.266667c-4.96 2.453333-13.813333 12.746667-13.813334 16.106667 0 0.666667-21.306667 52.986667-47.36 116.213333a11783.12 11783.12 0 0 0-47.333333 115.893333c0 0.506667 12.533333 0.906667 27.893333 0.906667 30.666667 0 29.466667-0.506667 25.306667 11.013333-1.333333 3.706667-2.426667 6.933333-2.453333 7.173334 0 0.24 31.546667 0.426667 70.16 0.426666 38.586667 0 70.186667-0.293333 70.186666-0.64 0-0.346667-1.146667-3.866667-2.533333-7.813333a54.053333 54.053333 0 0 1-2.56-8.666667c0-0.826667 12.666667-1.493333 28.106667-1.493333 25.946667 0 28.053333-0.213333 27.28-2.96-2.64-9.44-98.16-238.32-100.613334-241.066667-6.906667-7.786667-21.973333-10.16-32.266666-5.093333m45.466666 174.106667a6431.173333 6431.173333 0 0 1 30.346667 74.4c0 0.346667-28.613333 0.613333-63.6 0.613333-50.186667 0-63.413333-0.426667-62.773333-2.106667l30.8-74.826666 30.906666-75.013334c1.333333-3.36 0.826667-4.506667 34.32 76.933334m324.453334 304.4c-20.186667 33.706667-43.866667 81.546667-51.466667 103.92-6.213333 18.266667-6.586667 20.453333-6.64 40.453333-0.08 20.346667 0.106667 21.546667 5.333333 32.56a77.466667 77.466667 0 0 0 35.653334 36.32c11.12 5.493333 14.373333 6.293333 28.026666 6.88 12.56 0.56 17.466667 0 26.16-2.933333 23.866667-8.08 39.653333-23.866667 47.76-47.76 3.093333-9.12 3.493333-13.44 2.853334-29.306667-0.96-23.92-6.186667-39.84-26.56-81.173333-14.24-28.853333-40.16-75.12-44.906667-80.106667-1.813333-1.893333-4.586667 1.706667-16.213333 21.146667
0xe67f	M560.706873 349.073056l114.23266 114.207482a45.32043 45.32043 0 0 1 0 64.078052L344.755026 857.543098a114.836933 114.836933 0 0 1-162.196782-0.025178l-16.013219-16.038397a114.836933 114.836933 0 0 1-0.100712-162.22196l330.184508-330.184507a45.32043 45.32043 0 0 1 64.10323 0z m75.055667 146.233919l-107.082104-107.082104L202.046029 714.859278a64.405366 64.405366 0 0 0 0.050356 90.968174l16.013218 16.038396a64.405366 64.405366 0 0 0 91.018529 0z M785.068177 383.441048l26.66352 26.663519a79.814312 79.814312 0 0 1 0 112.495378l-0.302136 0.302136a79.814312 79.814312 0 0 1-112.495378 0l-197.848853-197.848853a79.789134 79.789134 0 0 1 0-112.495378l0.276958-0.302136a79.789134 79.789134 0 0 1 112.495378 0L640.521185 238.919234 M755.20705 571.319407a104.438412 104.438412 0 0 1-74.048547-30.616468l-197.848853-197.848853a104.866438 104.866438 0 0 1-0.402848-147.669067l0.704984-0.730162a104.866438 104.866438 0 0 1 148.097093 0l26.66352 26.663519a25.178016 25.178016 0 1 1-35.601716 35.601715l-26.688697-26.713875a54.46005 54.46005 0 0 0-76.54117-0.37767l-0.62945 0.654628a54.46005 54.46005 0 0 0 0 76.893662l197.848853 197.848853a54.46005 54.46005 0 0 0 76.893662 0l0.327314-0.327314a54.434872 54.434872 0 0 0 0-76.868484l-26.663519-26.663519A25.178016 25.178016 0 0 1 802.919391 365.564656l26.663519 26.66352a104.866438 104.866438 0 0 1 0 148.097092l-0.327314 0.327315a104.3377 104.3377 0 0 1-74.048546 30.666824z M640.546363 238.944412l98.62229-98.622291a102.449349 102.449349 0 0 1 144.496637 0 102.449349 102.449349 0 0 1 0 144.496637L785.042999 383.441048 M785.042999 408.619064a25.178016 25.178016 0 0 1-17.800857-42.978874L865.864432 267.0179a76.994374 76.994374 0 0 0-108.894921-108.894921l-98.62229 98.62229a25.178016 25.178016 0 1 1-35.601716-35.601715l98.496401-98.62229a127.350407 127.350407 0 0 1 180.098351 180.098351l-98.62229 98.622291a25.178016 25.178016 0 0 1-17.674968 7.377158z
0xe646	M964.214792 442.364301H120.946214a28.192591 28.192591 0 0 1-28.192591-28.192591 28.192591 28.192591 0 0 1 28.192591-28.19259h843.268578a28.192591 28.192591 0 0 1 28.192591 28.19259 28.192591 28.192591 0 0 1-28.192591 28.192591z M118.408881 442.364301a28.192591 28.192591 0 0 1-19.932162-8.260429 28.192591 28.192591 0 0 1 0-39.864323L399.122506 93.593762a28.192591 28.192591 0 0 1 39.864323 0 28.192591 28.192591 0 0 1 0 39.864324L138.341042 434.103872a28.192591 28.192591 0 0 1-19.932161 8.260429z M118.408881 638.02088a28.192591 28.192591 0 0 1-28.192591-28.19259 28.192591 28.192591 0 0 1 28.192591-28.192591h843.268578a28.192591 28.192591 0 0 1 28.192591 28.192591 28.192591 28.192591 0 0 1-28.192591 28.19259z M663.540813 938.666667a28.192591 28.192591 0 0 1-19.932161-8.260429 28.192591 28.192591 0 0 1 0-39.864324l300.645786-300.645786a28.192591 28.192591 0 0 1 39.864323 0 28.192591 28.192591 0 0 1 0 39.864323L683.472975 930.406238a28.192591 28.192591 0 0 1-19.932162 8.260429z
0xe647	M156.330667 130.688a42.88 42.88 0 0 0-22.741334 19.114667L128.853333 157.866667l-0.469333 94.336c-0.341333 62.549333 0.128 96.597333 1.322667 101.034666 2.602667 9.685333 11.562667 20.522667 20.949333 25.386667A42.112 42.112 0 0 0 200.533333 371.285333c12.544-12.544 12.8-14.464 12.8-90.837333V213.333333h67.114667c76.330667 0 78.336-0.256 90.794667-12.757333a41.984 41.984 0 0 0 0-59.818667C358.314667 127.829333 359.68 128 255.274667 128.128c-75.648 0.085333-93.482667 0.554667-98.944 2.56m512 0a42.88 42.88 0 0 0-22.741334 19.114667c-4.053333 6.869333-4.736 9.941333-4.736 20.864s0.682667 13.994667 4.736 20.864c2.602667 4.394667 7.253333 9.984 10.368 12.330666 12.032 9.173333 14.805333 9.472 87.509334 9.472H810.666667v66.986667c0 40.874667 0.725333 69.461333 1.792 73.344 2.602667 9.386667 11.648 20.181333 20.864 24.96a42.112 42.112 0 0 0 49.877333-7.338667c12.928-12.928 12.8-11.648 12.8-115.285333 0-103.552 0.128-102.357333-12.757333-115.242667-12.928-12.928-11.562667-12.757333-115.968-12.629333-75.648 0.085333-93.482667 0.554667-98.944 2.56m-169.173334 170.368a55.936 55.936 0 0 0-11.818666 5.376c-2.730667 1.792-35.754667 44.373333-73.429334 94.592-53.376 71.210667-68.992 93.141333-70.741333 99.498667-4.522667 16.042667 1.493333 35.072 14.122667 44.672 12.330667 9.429333 12.885333 9.472 108.842666 9.472H554.666667l-40.874667 54.528c-43.776 58.410667-45.610667 61.696-43.904 78.250666 3.029333 29.653333 34.944 46.336 62.208 32.512 7.296-3.669333 14.72-12.928 76.714667-95.36 49.28-65.450667 69.461333-93.610667 71.466666-99.584 5.504-16.341333-0.384-36.181333-13.781333-46.378666-11.904-9.045333-14.677333-9.301333-109.525333-9.301334H469.333333l40.618667-54.186666c43.861333-58.538667 46.122667-62.592 44.16-79.146667a42.197333 42.197333 0 0 0-54.954667-34.944m-342.826666 341.632a42.88 42.88 0 0 0-22.741334 19.114667l-4.736 8.064v196.266666l4.736 8.064c2.602667 4.394667 7.253333 9.984 10.368 12.330667 12.373333 9.472 12.629333 9.472 111.957334 9.472 103.68 0 102.442667 0.128 115.328-12.757333a41.984 41.984 0 0 0 0-59.818667C358.784 810.922667 356.778667 810.666667 280.448 810.666667H213.333333v-67.114667c0-76.330667-0.256-78.336-12.757333-90.794667a42.496 42.496 0 0 0-44.245333-10.069333m682.666666 0a42.88 42.88 0 0 0-22.741333 19.114667l-4.736 8.064-0.512 70.4-0.469333 70.4h-67.157334c-72.618667 0-75.392 0.298667-87.424 9.472a50.773333 50.773333 0 0 0-10.368 12.330666c-4.053333 6.869333-4.736 9.941333-4.736 20.864s0.682667 13.994667 4.736 20.864c2.602667 4.394667 7.253333 9.984 10.368 12.330667 12.373333 9.472 12.629333 9.472 111.957334 9.472 103.68 0 102.442667 0.128 115.328-12.757333 12.885333-12.885333 12.757333-11.690667 12.757333-115.242667s0.128-102.357333-12.757333-115.242667a42.496 42.496 0 0 0-44.245334-10.069333
0xe6ba	M256 128v42.666667H85.333333v298.666666h170.666667v128h85.333333v-128h170.666667V170.666667H341.333333V85.333333H256v42.666667m341.333333 42.538667V213.333333h67.114667c40.789333 0 71.04 0.725333 77.226667 1.834667 24.576 4.522667 49.408 23.509333 60.032 45.952 7.765333 16.426667 8.96 26.581333 8.96 77.098667V384h85.589333l-0.64-55.893333c-0.64-53.802667-0.853333-56.490667-5.12-72.32-13.738667-50.773333-45.781333-88.789333-94.208-111.744-30.378667-14.378667-33.877333-14.805333-121.728-15.616L597.333333 127.744v42.794667M256 320V384H170.666667V256h85.333333v64m170.666667 0V384H341.333333V256h85.333334v64m254.464 110.464L590.506667 657.066667l-92.330667 230.826666-3.2 8.106667h91.776l25.429333-63.573333 25.429334-63.573334h175.104l25.258666 63.146667 25.258667 63.146667 46.250667 0.469333 46.250666 0.426667-2.56-6.4-93.696-234.282667-91.136-227.84-42.88-0.469333-42.837333-0.426667-1.493333 3.84m71.04 186.069333l25.984 65.28-52.266667 0.469334c-28.757333 0.213333-52.522667 0.170667-52.821333-0.128-0.768-0.768 51.2-130.858667 52.266666-130.858667 0.469333 0 12.544 29.354667 26.837334 65.237333M128.426667 696.746667c0.725333 55.466667 0.810667 57.130667 5.333333 72.874666 18.218667 63.829333 67.498667 109.738667 131.882667 122.837334 15.914667 3.242667 23.296 3.541333 89.173333 3.541333H426.666667v-85.333333H357.888c-74.538667 0-79.189333-0.469333-98.474667-9.728-12.928-6.229333-30.293333-24.064-37.034666-38.058667-7.850667-16.298667-9.045333-26.410667-9.045334-77.098667V640H127.701333l0.725334 56.746667
0xe645	M681.3952 800c-71.2704 0-139.52-26.4448-192-73.8048a32.0256 32.0256 0 0 1 0-47.7952 221.8496 221.8496 0 0 0 74.6496-166.4c0-64-27.2896-124.5952-74.6496-166.4a31.36 31.36 0 0 1-10.6752-23.8848c0-8.96 3.84-17.92 10.6752-23.9104a285.1328 285.1328 0 0 1 192-73.8048c158.72 0 288 129.28 288 288s-128.8448 288-288 288z m-122.4704-100.6848a222.1568 222.1568 0 0 0 122.88 36.6848c123.3152 0 224-100.6848 224-224s-100.6848-224-224-224c-43.9296 0-86.6048 12.8-122.88 36.6848A287.1296 287.1296 0 0 1 628.48 512c0 69.5552-25.1648 135.68-69.5296 187.3152z M340.0448 800c-158.72 0-288-129.28-288-288s129.28-288 288-288c71.2704 0 139.52 26.4448 192 73.8048A286.72 286.72 0 0 1 628.0448 512c0 82.3552-34.9952 160-96 214.1952a286.4128 286.4128 0 0 1-192 73.8048z m0-512c-123.2896 0-224 100.6848-224 224s100.7104 224 224 224c55.4752 0 108.3904-20.48 149.3248-57.6a221.696 221.696 0 0 0 74.6752-166.4 222.5152 222.5152 0 0 0-74.6752-166.4 221.7472 221.7472 0 0 0-149.3248-57.6z
0xe644	M213.333333 853.333333a42.666667 42.666667 0 1 1-85.333333 0h42.666667-42.666667v-7.936l0.256-21.973333c0.256-18.858667 0.768-45.781333 1.749333-78.08 2.048-64.512 6.058667-150.784 14.165334-237.312 8.106667-86.016 20.352-174.421333 39.424-242.261333 9.429333-33.578667 21.333333-65.109333 37.12-89.173334C236.074667 153.301333 261.290667 128 298.666667 128c24.576 0 44.074667 11.178667 58.154666 24.96 13.44 13.098667 23.424 29.738667 31.189334 45.653333 13.653333 27.904 24.96 63.402667 35.285333 95.914667l4.010667 12.416c12.202667 38.016 23.594667 70.869333 37.205333 94.208 14.08 24.149333 22.954667 25.514667 26.154667 25.514667 13.696 0 27.562667-5.504 46.890666-19.285334 9.728-6.954667 19.626667-15.104 31.317334-24.746666l0.938666-0.725334c11.050667-9.130667 23.466667-19.413333 36.949334-29.312 27.989333-20.48 62.08-40.618667 105.642666-50.346666 43.776-9.728 93.909333-8.192 153.173334 9.6a42.666667 42.666667 0 0 1-24.490667 81.706666c-47.402667-14.208-82.602667-14.08-110.165333-7.978666-27.776 6.186667-50.986667 19.2-73.685334 35.84a750.08 750.08 0 0 0-33.834666 26.88l-0.256 0.213333c-11.221333 9.258667-23.466667 19.370667-36.053334 28.330667-25.301333 18.090667-56.789333 35.157333-96.426666 35.157333-50.133333 0-81.28-35.968-99.84-67.84-19.072-32.64-32.981333-74.453333-44.8-111.104-1.28-4.181333-2.645333-8.277333-3.925334-12.288-10.794667-33.792-20.096-62.848-30.762666-84.736a91.605333 91.605333 0 0 0-12.928-20.778667 54.912 54.912 0 0 0-6.314667 8.149334c-8.746667 13.269333-17.792 35.072-26.368 65.493333-16.938667 60.16-28.629333 142.421333-36.565333 227.072a3843.84 3843.84 0 0 0-13.866667 232.021333 4330.496 4330.496 0 0 0-1.92 97.962667v5.546667L213.333333 852.906667V853.333333zM301.397333 212.821333l-0.426666 0.170667 0.426666-0.170667z
0xe65b	M244.04093806 213.01409725c-24.12878695 4.10702778-44.37871452 13.03410797-64.79976823 28.5495455-23.58688777 17.91120334-41.52661191 44.54984066-50.25404589 74.66804283l-4.19259015 14.48868078V693.96413814l4.19259015 14.48868079c11.63657815 40.1290821 37.64775252 71.55925101 74.29726977 89.64158049 32.08615264 15.8576898-2.652455 14.51720155 376.93386353 14.51720155h336.77626061l14.48868077-4.19259014a144.60159561 144.60159561 0 0 0 99.9661919-99.9661919l4.19259015-14.48868078V330.72036636l-4.19259015-14.48868078c-14.06086546-48.5142631-50.02587748-84.76448582-99.25316659-99.99471267l-13.37636021-4.13554858-333.12556966-0.28520998c-183.21906334-0.14260534-336.94738674 0.39929453-341.65335599 1.19788291m662.00150616 56.61423412c36.25022271 5.07674229 66.19729876 34.68156607 72.01558781 71.1314357 2.56689192 16.17142128 2.56689192 326.9935491 0 343.16497035a86.93208322 86.93208322 0 0 1-65.7980042 70.190242c-10.21052684 2.42428728-52.70685397 2.76653956-332.0417706 2.76653955-279.33491662 0-321.83124374-0.34225225-332.04177061-2.76653955a86.93208322 86.93208322 0 0 1-65.79800419-70.190242c-2.56689192-16.17142128-2.56689192-326.9935491 0-343.16497035C188.05416617 305.22257037 218.22941061 274.70507367 252.56872441 269.77093672c15.68656368-2.25316115 637.50194614-2.3957658 653.47371982-0.14260534M247.63458747 347.23403988c-6.55983588 3.56512791-8.72743326 12.03587269-8.75595476 34.19670846 0 19.30873387 2.62393419 28.86327699 8.84151783 32.20023719 2.13907661 1.14084133 14.23199158 1.96795047 28.5495455 1.9679505 23.92914005 0 25.01293839-0.17112613 29.31961381-4.47780085 4.3351955-4.3351955 4.47780084-5.2763899 4.47780083-30.85974894v-26.4104689l-5.61864215-4.70596855c-5.41899454-4.5633639-6.47427279-4.73449003-28.74919315-4.64892768-16.77036272 0.02852079-24.49955998 0.79858836-28.06468792 2.73801876m154.35578567-1.08379903c-8.41370251 3.53660713-9.78271153 8.38518102-9.78271154 34.39635608v24.38547613l5.33343218 5.3334315 5.33343148 5.33343148h49.85475135l5.47603681-5.47603683 5.47603684-5.47603683-0.59894145-25.49779597c-0.79858836-34.36783458-0.14260534-33.68333008-33.05586785-34.22522925-13.26227637-0.2281684-25.89709053 0.31373148-28.03616782 1.22640369m151.76037293 0.37077376c-7.58659264 4.13554859-8.21405488 6.7594828-8.21405489 33.91149775 0 25.38371214 0.14260534 26.35342663 4.47780084 30.68862284 4.3351955 4.3351955 5.33343148 4.47780084 30.20376522 4.47780084 24.87033375 0 25.86856973-0.14260534 30.20376524-4.47780084 4.3351955-4.3351955 4.47780084-5.33343148 4.47780083-29.97559682 0-14.00382318-0.51337839-26.80976344-1.14084062-28.43546167-2.42428728-6.30314667-10.60982138-8.29961796-33.9114985-8.24257636-12.69185571 0.02852079-24.04322388 0.91267294-26.09673812 2.05351426m152.44487744 0.17112611c-7.64363494 3.99294322-9.09820701 9.55454312-9.1267278 34.8241707l-0.0285208 23.41576164 5.3334315 5.3334315 5.33343147 5.33343148h49.85475134l5.33343149-5.33343148 5.33343218-5.3334315V380.23286544c0-23.44428244-0.2281684-24.92737532-4.39223778-29.77594991-4.36371699-5.10526379-4.62040618-5.13378456-28.74919312-5.64716294-17.25522033-0.34225225-25.66892212 0.19964692-28.89179848 1.88238812m149.79242245 2.45280808l-5.61864217 4.70596855v26.4104689c0 25.58335906 0.14260534 26.52455276 4.47780084 30.85974895 4.30667469 4.30667469 5.39047375 4.47780084 29.3196138 4.47780084 14.31755465 0 26.41046889-0.82710985 28.54954552-1.9679505 6.21758362-3.33696021 8.84151781-12.89150333 8.84151781-32.20023719-0.02852079-34.56748222-2.48132887-37.0202903-37.19141641-37.02029028-21.81858422 0-22.98794565 0.19964692-28.37841939 4.73449073m-529.0079679 128.71538432c-9.44045927 2.73801806-11.43693123 8.84151781-11.43693055 35.16642367 0 21.81858422 0.19964692 22.98794565 4.73449002 28.37842009l4.70596925 5.61864145h26.41046891c25.58335906 0 26.52455276-0.14260534 30.85974826-4.47780082 4.30667469-4.30667469 4.47780084-5.39047375 4.47780153-29.31961311 0-14.31755465-0.82710985-26.41046889-1.96795119-28.54954622-3.42252327-6.38870975-12.80594028-8.84151781-33.11290941-8.67039167-10.3246107 0.08556307-21.41928968 0.91267294-24.67068682 1.85386661m153.32902958-0.74154608a16.37106819 16.37106819 0 0 0-7.75771878 5.4760361c-3.27991794 4.19259086-3.67921247 7.35842425-3.67921247 30.08968139 0 24.49955998 0.14260534 25.52631748 4.47780082 29.86151298 4.3351955 4.3351955 5.3049107 4.47780084 30.71714362 4.47780082 25.84004824 0 26.29638506-0.08556307 30.66010205-4.70596924 4.10702778-4.36371699 4.47780084-6.33166746 5.01970001-27.09497342 0.7415468-27.86504098-1.36900902-34.51043993-11.86474585-37.41958414-6.70244051-1.85386663-39.07380384-2.33872423-47.5730694-0.68450449m151.33255762 0.71302529c-9.46898006 2.85210261-11.66509895 10.38165299-10.95207366 37.39106334 0.54189915 20.76330596 0.91267294 22.73125642 5.01970002 27.09497342 4.36371699 4.62040618 4.8200531 4.70596925 30.66010202 4.70596924 25.41223292 0 26.38194813-0.14260534 30.71714363-4.47780082 4.3351955-4.3351955 4.47780084-5.33343148 4.47780082-30.03263911 0-24.35695535-0.19964692-25.75448518-4.39223777-30.63158056-4.36371699-5.07674229-4.73449003-5.13378456-26.92384727-5.5045576-12.40664574-0.2281684-25.26962828 0.42781534-28.60658779 1.45457209m151.7888937 0.65598374a18.39606095 18.39606095 0 0 0-7.75771877 6.21758291c-1.14084133 2.11055582-1.96795047 14.23199158-1.96795118 28.52102542 0 23.92914005 0.17112613 25.01293839 4.47780153 29.31961311 4.3351955 4.3351955 5.2763899 4.47780084 30.85974826 4.47780082h26.41046891l4.70596924-5.61864145c4.53484313-5.39047375 4.73449003-6.55983588 4.73449002-28.37842009 0-27.03793115-1.85386663-32.37136332-12.32108265-35.28050752-10.01087993-2.76653956-42.18259565-2.28168197-49.14172536 0.7415468M248.57578117 609.85563607c-8.04292875 3.59364941-10.23904763 12.74889799-9.41193848 39.07380384 0.65598372 20.07880143 0.82710985 20.8773898 5.7612475 25.12702294 4.87709536 4.19259086 6.30314667 4.39223776 30.63158057 4.39223777 24.69920763 0 25.69744361-0.14260534 30.03263909-4.47780084 4.3351955-4.3351955 4.47780084-5.3049107 4.47780083-30.71714362 0-25.84004824-0.08556307-26.29638506-4.70596924-30.66010203-4.39223776-4.13554859-6.18906211-4.44928005-27.83652022-4.87709466-16.94148884-0.34225225-24.69920763 0.2281684-28.94884005 2.1390766m612.74569626-1.31196745a27.77947793 27.77947793 0 0 0-6.84504585 4.73449001c-3.90738017 3.56512791-4.10702778 5.10526379-4.1070278 29.97559753 0 25.41223292 0.14260534 26.38194813 4.47780084 30.71714362 4.3351955 4.3351955 5.33343148 4.47780084 30.0326391 4.47780084 24.32843386 0 25.75448518-0.19964692 30.63158055-4.39223777 4.93413695-4.24963243 5.10526379-5.0482215 5.76124752-25.12702294 0.85563063-26.83828423-1.34048823-35.53719672-9.81123304-39.07380384-6.16054133-2.56689192-43.97941999-3.56512791-50.13996132-1.31196745m-451.77303245 8.75595476c-22.93090406 8.15701331-24.38547615 39.84387142-2.36724503 51.28080266 4.13554859 2.13907661 31.60129575 2.56689192 168.84446643 2.56689191 152.44487746 0 164.33814479-0.2281684 170.15643387-3.19435416 9.04116473-4.62040618 13.40488171-11.52249431 14.28903385-22.73125714 0.85563063-10.75242601-3.05174953-18.62422935-12.92002481-25.92561133-5.10526379-3.79329632-5.93237293-3.82181712-167.93179349-4.22111161-137.12908681-0.34225225-163.91032948 0.02852079-170.07087082 2.22463967
0xe643	M482.133333 86.346667c-43.866667 4.346667-71.013333 9.84-105.813333 21.413333-62.586667 20.826667-117.786667 55.146667-165.6 102.96-66.213333 66.186667-106.8 146.933333-121.44 241.546667-4.32 27.946667-4.24 91.893333 0.16 120.32 11.706667 75.866667 42.48 146.88 89.173333 205.653333 14.8 18.613333 48.533333 52.346667 67.146667 67.146667a431.493333 431.493333 0 0 0 162.986667 80.4c37.733333 9.573333 58.133333 11.92 103.253333 11.92 44.32 0 63.253333-2.106667 100.506667-11.2a433.6 433.6 0 0 0 164.773333-80.506667c57.013333-45.36 104-108.32 130.533333-174.933333 19.093333-47.973333 28.48-93.066667 30.293334-145.413334 7.52-219.733333-154.106667-408.933333-373.2-436.906666-15.253333-1.946667-71.093333-3.573333-82.773334-2.4m81.92 56.346666c68.186667 9.28 133.226667 38.24 188.293334 83.92 59.226667 49.12 103.493333 120.453333 122.053333 196.773334 7.52 30.88 9.973333 52.586667 9.973333 88.613333s-2.453333 57.733333-9.973333 88.613333c-14.613333 60.026667-42.266667 112.08-86.613333 162.853334l-10.186667 11.68-4.613333-12.053334c-25.146667-65.466667-78.506667-123.28-140.666667-152.346666l-11.626667-5.44 4.106667-3.226667c18.906667-14.906667 28.693333-23.786667 37.68-34.24 30.213333-35.093333 46.32-75.306667 48.693333-121.546667 2.88-56.426667-17.76-109.626667-58.373333-150.426666-78.053333-78.4-203.2-78.32-281.68 0.16-76.186667 76.16-78.506667 196.48-5.386667 276.666666 5.2 5.68 15.653333 15.226667 23.226667 21.2l13.786667 10.853334-18.986667 10c-22.88 12.053333-38.8 22.906667-56.693333 38.666666-32.64 28.72-60.48 68.32-75.466667 107.333334-2.64 6.8-5.2 12.373333-5.733333 12.373333-1.786667-0.026667-26.48-29.226667-36.56-43.253333-36.826667-51.253333-58.853333-107.653333-67.786667-173.493334-2.933333-21.466667-2.4-74.026667 0.933333-96.426666a366.933333 366.933333 0 0 1 35.04-112.64c37.013333-75.2 94.666667-132.853333 169.813334-169.786667 68.346667-33.6 140.453333-45.2 216.746666-34.826667m-28.16 149.253334c59.36 9.52 108.986667 58 120.186667 117.413333a147.12 147.12 0 0 1-38.186667 128.88 148.853333 148.853333 0 0 1-40.186666 29.653333c-84.4 41.866667-184.186667-4.08-208.426667-96-4.346667-16.453333-4.32-55.013333 0.026667-70.826666 15.466667-56.133333 62.56-99.946667 117.173333-108.986667a190.4 190.4 0 0 1 49.413333-0.133333m13.653334 347.28c81.92 13.28 153.36 75.04 178.16 154.026666 2.453333 7.813333 4.453333 15.626667 4.453333 17.413334 0 4.506667-25.68 21.253333-54.773333 35.706666a372.08 372.08 0 0 1-338.986667-4.186666c-22.56-11.866667-48.346667-29.226667-47.493333-31.946667l5.226666-16.64c21.36-68.08 75.546667-122.8 144.586667-145.893333a262.773333 262.773333 0 0 1 32.186667-8.373334c19.6-3.28 56.72-3.333333 76.64-0.106666
0xe650	M485.12 86.506667c-42.106667 4.88-72 12.533333-103.04 26.48a321.466667 321.466667 0 0 0-181.52 219.173333c-8.08 34.293333-7.92 30.373333-7.92 179.84 0 149.466667-0.16 145.546667 7.92 179.84 25.44 107.946667 106.053333 196.026667 210.96 230.453333 33.92 11.146667 64.24 15.946667 100.48 15.946667 88.24 0 168.453333-34.053333 229.866667-97.573333 47.253333-48.88 76.373333-108.186667 87.2-177.626667 2.106667-13.466667 2.293333-26.24 2.293333-151.04 0-124.693333-0.186667-137.573333-2.293333-151.04-17.36-111.44-86.24-202.64-187.28-248.053333a337.653333 337.653333 0 0 0-82.426667-23.973334c-12.773333-1.973333-63.68-3.626667-74.24-2.426666m63.36 55.093333c119.76 15.653333 215.2 113.84 228.4 234.986667 1.84 16.906667 1.84 253.92 0 270.826666a267.066667 267.066667 0 0 1-82 164.746667 265.68 265.68 0 0 1-248.88 64.693333c-108.24-28.053333-187.786667-120.4-198.986667-231.093333-0.986667-9.733333-1.28-54.106667-0.933333-143.36 0.506667-125.813333 0.586667-129.653333 3.253333-143.36 16.64-85.493333 68.24-154.24 144.426667-192.373333 47.413333-23.76 99.786667-32.24 154.72-25.066667m-47.36 87.093333a35.2 35.2 0 0 0-13.226667 12.586667c-1.946667 3.493333-2.133333 13.066667-2.133333 104.32v100.48l2.88 5.36c5.733333 10.746667 18.16 16.4 29.413333 13.386667a26.56 26.56 0 0 0 17.306667-13.386667l2.88-5.36 0.4-96c0.293333-68.853333-0.026667-97.92-1.066667-102.8a26.906667 26.906667 0 0 0-14.213333-18.24c-5.946667-3.04-16.826667-3.2-22.24-0.346667
0xe642	M509.891422 85.731027l-5.284789 1.201089c-4.964499 1.094325-12.197721 7.206531-15.026951 12.704847-5.017881 9.66209-1.628142 23.834934 7.313294 30.641101 4.777663 3.656647 7.099767 4.217155 24.555587 5.845298 23.327807 2.18865 32.189171 3.923556 48.176993 9.528635 57.358648 20.124905 98.943 66.673756 114.103407 127.769124 2.989376 12.064267 3.042757 14.760043 3.496502 195.724042l0.480435 183.472939-47.883394-47.723249c-41.82457-41.691116-48.68412-47.936776-54.048982-49.351392-14.920188-3.923556-28.71936 5.017881-31.308373 20.311741-2.001814 11.824049-2.135268 11.637213 73.239707 87.359169 40.383264 40.543409 72.70589 71.878473 75.348284 73.02618 5.498316 2.375486 13.051828 2.589013 18.656908 0.507127 5.31148-1.975123 143.730256-140.100299 147.333521-147.013231 7.580203-14.573207-2.135268-33.06997-18.550145-35.25862-12.064267-1.628142-13.585645-0.427054-64.61856 50.392335l-47.803322 47.616486-0.480435-184.860864c-0.480435-182.031633-0.533817-185.047699-3.523193-198.740108-23.140972-105.402187-106.629967-177.227279-212.672735-182.965813a87.465933 87.465933 0 0 0-11.503759-0.186836m-208.669106 202.717046c-2.375486 1.067634-36.139418 33.924077-75.054685 72.972798-60.428096 60.641623-71.024366 71.905164-72.519054 77.003117-5.471625 18.73698 11.530449 35.712364 30.641102 30.641102 5.338171-1.414615 12.277793-7.740348 53.942219-49.244628l47.803321-47.616485 0.480436 184.807481c0.480435 182.031633 0.533817 185.047699 3.523193 198.713418 18.069709 82.234525 73.613379 145.571925 150.589805 171.728962 24.95595 8.461001 64.832087 14.146153 76.7629 10.943251 15.267169-4.110392 23.247735-19.430943 17.696037-33.924077-4.05701-10.59627-11.690595-14.413062-31.228301-15.640841-80.286093-5.044572-143.890401-58.586427-163.481488-137.61805-2.989376-12.090957-3.042757-14.760043-3.496502-195.724041l-0.480436-183.49963 47.162742 47.055977c25.943511 25.89013 49.00441 47.723249 51.219751 48.577357a24.929259 24.929259 0 0 0 32.082408-33.416951c-2.615704-5.978752-141.248006-144.317454-146.66625-146.319268a27.918635 27.918635 0 0 0-18.977198 0.560508
0xe641	M197.68 87.066667c-22.56 3.84-41.493333 12.186667-60.586667 26.693333a125.226667 125.226667 0 0 0-37.333333 45.813333c-14.826667 29.973333-13.573333-2.48-13.573333 352.426667s-1.253333 322.426667 13.573333 352.426667a126.213333 126.213333 0 0 0 59.813333 59.813333c30 14.826667-2.48 13.573333 352.426667 13.573333s322.426667 1.253333 352.426667-13.573333a126.213333 126.213333 0 0 0 59.813333-59.813333c14.826667-30 13.573333 2.48 13.573333-352.426667s1.253333-322.453333-13.573333-352.426667c-16.72-33.786667-45.466667-57.84-83.146667-69.493333l-12.506666-3.866667-311.466667-0.266666c-171.306667-0.133333-315.04 0.373333-319.44 1.12M817.493333 140c33.44 5.2 61.12 32.906667 66.48 66.506667 2.4 15.12 2.453333 595.52 0.026667 610.986666-5.04 32.426667-32.213333 60.373333-64.613333 66.533334-12.506667 2.373333-602 2.4-614.773334 0.026666-13.893333-2.586667-31.84-12.16-42.16-22.506666a86.586667 86.586667 0 0 1-22.453333-44.053334c-2.426667-15.466667-2.373333-595.866667 0.026667-610.986666 5.226667-32.773333 33.013333-61.253333 64.773333-66.346667 13.546667-2.186667 598.746667-2.346667 612.693333-0.16m-524.8 195.173333a28.986667 28.986667 0 0 0-14.4 15.226667c-1.226667 3.28-1.813333 53.12-1.813333 156.24v151.413333l3.84 7.573334c4.693333 9.28 12.24 13.92 22.613333 13.92 8.826667 0 16.72-3.973333 22-11.093334 3.466667-4.64 3.626667-6.853333 4.08-66l0.506667-61.2 54.106667-0.533333c52.96-0.56 54.266667-0.64 60.4-4.453333 6.72-4.186667 13.36-15.52 13.36-22.826667 0-7.013333-7.2-18.693333-13.68-22.16-5.386667-2.906667-10.56-3.173333-60.106667-3.173333h-54.213333v-102.4h58.453333c52.266667 0 59.066667-0.32 64.293333-2.986667 8.453333-4.32 12.533333-10.773333 13.36-21.253333 0.8-10.053333-2.853333-17.413333-12.08-24.24-4.693333-3.493333-6.693333-3.573333-80.213333-3.973334-60.4-0.32-76.4 0.08-80.506667 1.92m343.52 99.92c-13.866667 1.92-32.373333 8.186667-42.96 14.586667l-9.093333 5.466667-3.093333-5.76c-4.373333-8.133333-13.253333-13.146667-23.306667-13.146667-9.28 0-15.253333 3.52-21.44 12.586667-3.733333 5.52-3.84 6.826667-3.973333 52.746666-0.373333 117.84 0.346667 159.466667 2.8 164.213334a27.2 27.2 0 0 0 29.013333 13.44c6.24-1.413333 14.613333-8 18.4-14.48 1.36-2.346667 2.24-22.853333 2.826667-65.706667l0.853333-62.293333 4.613333-9.813334c5.866667-12.56 19.28-26.72 30.773334-32.533333 10.853333-5.493333 26.933333-8.72 36.16-7.226667 16.16 2.586667 30.613333 15.333333 34.933333 30.826667 1.226667 4.48 1.866667 31.546667 1.893333 78.96 0 80.133333-0.026667 79.893333 11.066667 88.373333 12.586667 9.573333 30.613333 5.093333 38-9.466666 3.813333-7.52 3.84-8.213333 3.813333-81.04-0.026667-81.12-0.64-87.493333-10.373333-108-10.506667-22.08-36.16-43.173333-60.533333-49.706667-9.733333-2.613333-29.093333-3.6-40.373334-2.026667
0xe640	M896 810.688V896h-85.312v-85.312H896z m-170.688 0V896H640v-85.312h85.312z m-170.624 0V896H469.312v-85.312h85.376z m-170.688 0V896H298.688v-85.312H384z m-170.688 0V896H128v-85.312h85.312zM896 640v85.312h-85.312V640H896zM213.312 640v85.312H128V640h85.312z m0-170.688v85.376H128V469.312h85.312zM682.688 128a213.44 213.44 0 0 1 213.12 204.096l0.192 9.216v213.376h-85.312V341.312c0-67.84-53.568-123.84-120.512-127.744l-7.488-0.256H469.312V128h213.376zM213.312 298.688V384H128V298.688h85.312z m0-170.688v85.312H128V128h85.312zM384 128v85.312H298.688V128H384z
0xe772	M668.135604 89.692652c-31.728376 4.852575-64.496589 17.783888-93.29209 36.847576-13.171275 8.718638-28.422226 22.983076-88.70614 82.973702-64.469927 64.176639-73.001927 73.295214-74.868301 79.934177-5.252513 18.717075 11.891475 35.994376 31.995 32.261626 5.65245-1.039838 15.3576-10.051763 78.121127-72.468677 40.873613-40.660313 76.068114-74.201739 81.907202-78.121127 54.764776-36.634276 120.514503-42.473364 177.892205-15.7842 91.719002 42.660001 130.432953 152.642816 85.266677 242.255481-11.758163 23.303026-19.09035 31.728376-89.319378 102.384002-38.713951 38.953913-71.188877 72.975264-72.202051 75.614852-7.838775 20.690101 11.224913 41.833464 32.048325 35.567776 9.651825-2.87955 147.950216-142.324428 161.041504-162.374629 16.264125-24.876113 25.889288-47.005989 33.434776-76.681352 4.212675-16.6374 4.559288-20.690101 4.559288-53.005051 0-32.394938-0.346613-36.340988-4.612613-53.191689-20.183513-79.694214-76.281414-141.071291-152.696141-167.093892-32.394938-11.011613-75.054939-14.531063-110.56939-9.118575m-47.779201 278.116544c-7.118888 3.652763-249.401031 246.094881-252.547207 252.733844a29.835338 29.835338 0 0 0-2.5596 10.718325c0 7.625475 6.025725 18.45045 12.451388 22.343176 6.558975 3.999375 19.783575 4.452638 26.449201 0.906525 2.532938-1.333125 60.017289-57.964276 127.766703-125.847003 105.66349-105.87679 123.394053-124.353903 124.967141-130.166328 5.732438-21.516638-17.037338-40.660313-36.527626-30.688539m-337.867209 46.659377c-2.826225 1.759725-37.060876 35.354476-76.094776 74.655001-56.444514 56.817789-72.895277 74.388377-80.440765 85.93324-18.370463 28.128938-28.715513 52.685101-35.807738 85.000052-5.199188 23.809613-5.145863 67.349477 0.10665 92.038952 19.756913 92.492215 89.106077 161.814716 181.598292 181.57163 24.902776 5.305838 68.042702 5.305838 92.945477 0a246.014894 246.014894 0 0 0 85.773265-36.660939c15.650888-10.585013 157.788679-150.909754 161.441441-159.361766 3.252825-7.545488 2.9862-13.517888-1.039838-21.809926-5.785763-11.971463-20.663438-17.570588-33.59475-12.69135-2.639588 0.986513-37.060876 33.888038-76.468052 73.081914-82.120502 81.693902-87.559652 86.03989-123.820653 98.811228a177.412279 177.412279 0 0 1-135.765454-7.225538 174.719367 174.719367 0 0 1-85.213352-85.213352 177.412279 177.412279 0 0 1-7.225537-135.765453c12.744675-36.181013 17.197313-41.753476 97.98469-122.967453 69.695777-70.069052 75.774827-77.107952 75.694839-87.399677-0.079988-6.958913-6.399-18.210488-12.238088-21.756601-7.385513-4.505963-20.850076-4.639275-27.835651-0.239962
0xe76e	M384 725.376a85.376 85.376 0 1 0-170.752-0.064 85.376 85.376 0 0 0 170.752 0z m170.688 128v-0.448a42.688 42.688 0 0 1 85.312 0v0.448a42.624 42.624 0 0 1-85.312 0z m170.688 0V768c0-23.552 19.072-42.624 42.624-42.624h85.376a42.624 42.624 0 0 1 0 85.312h-42.688v42.688a42.688 42.688 0 0 1-85.312 0z m-170.688-256a42.688 42.688 0 0 1 85.312 0V640h42.688a42.688 42.688 0 0 1 0 85.376H597.376a42.688 42.688 0 0 1-42.688-42.688V597.376z m298.688-42.688a42.688 42.688 0 0 1 0 85.312H768a42.624 42.624 0 1 1 0-85.312h85.376zM384 298.688a85.312 85.312 0 1 0-170.624 0 85.312 85.312 0 0 0 170.624 0z m426.688 0a85.312 85.312 0 1 0-170.624 0 85.312 85.312 0 0 0 170.624 0z m-341.312 426.688A170.688 170.688 0 1 1 128 725.248a170.688 170.688 0 0 1 341.376 0.128z m0-426.688a170.688 170.688 0 1 1-341.44 0 170.688 170.688 0 0 1 341.44 0z m426.624 0a170.688 170.688 0 1 1-341.376 0 170.688 170.688 0 0 1 341.376 0z
0xe639	M194.32 87.973333c-49.653333 9.066667-89.84 46.026667-104.266667 95.84-3.733333 12.853333-3.866667 15.706667-3.866666 83.28v69.973334l3.973333 5.573333c10.64 14.933333 32.426667 14.853333 43.626667-0.16 3.466667-4.64 3.626667-7.173333 4.613333-71.68 0.693333-46.266667 1.68-68.96 3.146667-73.68 9.573333-30.533333 36-53.12 66.773333-57.12 6.986667-0.906667 46.32-1.68 87.413333-1.706667 59.76-0.053333 75.866667-0.533333 80.4-2.426666 12.986667-5.44 18.933333-25.2 11.013334-36.72a47.466667 47.466667 0 0 0-8.826667-9.386667c-4.72-3.493333-6.506667-3.573333-87.893333-3.866667-64.8-0.24-85.946667 0.213333-96.106667 2.08m455.066667-0.24a28.026667 28.026667 0 0 0-16.213334 24.48c0 7.813333 6.32 18.293333 13.466667 22.293334 6.56 3.68 7.546667 3.733333 86.106667 3.733333 51.253333 0 82.666667 0.666667 88.506666 1.893333a82.453333 82.453333 0 0 1 62.613334 62.613334c1.173333 5.6 1.893333 32.213333 1.893333 70 0 56.08 0.266667 61.44 3.146667 66.853333 4.48 8.32 10.64 12.32 20.453333 13.253333 11.386667 1.093333 21.093333-4.186667 25.893333-14.08 3.226667-6.64 3.413333-10.533333 3.413334-67.2 0-63.546667-1.04-76.24-7.813334-96.16-6.8-20.026667-15.333333-33.333333-32.133333-50.133333-21.973333-21.973333-44.32-33.466667-74.133333-38.08-18.506667-2.88-168.56-2.4-175.2 0.533333m-161.28 189.2c-17.093333 7.2-161.146667 81.84-169.173334 87.653334-8.746667 6.346667-18.56 19.626667-23.2 31.36-2.8 7.066667-3.04 16.213333-3.04 116.053333 0 107.226667 0.026667 108.48 3.706667 117.386667 5.12 12.506667 15.2 25.173333 25.306667 31.786666 4.693333 3.093333 43.946667 23.76 87.253333 45.973334 61.306667 31.44 81.386667 40.986667 90.88 43.12 20.933333 4.72 24.853333 3.226667 116.96-44 44.213333-22.666667 83.52-43.413333 87.333333-46.133334 8.88-6.293333 18.746667-19.2 23.466667-30.746666 3.626667-8.853333 3.706667-10.906667 4.213333-111.04 0.32-65.36-0.133333-105.493333-1.28-111.6a67.093333 67.093333 0 0 0-18.64-36.186667c-8.693333-8.48-25.44-17.546667-137.893333-74.773333l-42.986667-21.866667-16.746666-0.453333c-14.346667-0.4-18.133333 0.08-26.16 3.466666m108.853333 74.64c40.613333 20.906667 73.466667 38.4 72.986667 38.88-2.133333 2.133333-155.493333 72.053333-158.053334 72.053334-2.346667 0-138.453333-62.053333-154.026666-70.213334-4.8-2.533333-4.586667-2.666667 59.733333-35.573333a16784.533333 16784.533333 0 0 0 75.626667-38.88c19.066667-10.053333 17.893333-10.426667 103.733333 33.733333m-184.426667 109.653334l78.88 36.266666 0.053334 103.813334 0.053333 103.813333-43.946667-22.533333c-102-52.266667-106.266667-54.64-111.12-61.973334l-4.506666-6.8-0.506667-94.426666c-0.266667-51.946667 0.133333-94.426667 0.853333-94.426667 0.746667 0 36.853333 16.32 80.24 36.266667m280.293334 55.466666c-0.08 96.213333-0.346667 99.92-7.706667 108.08-3.146667 3.466667-22.586667 13.84-103.573333 55.253334l-49.066667 25.093333 0.053333-103.813333 0.053334-103.813334 78.88-36.24c43.386667-19.92 79.466667-36.24 80.16-36.266666 0.693333 0 1.253333 41.253333 1.2 91.706666M101.546667 672.266667c-5.413333 2.426667-11.28 8.693333-13.84 14.853333-3.013333 7.173333-3.413333 118.746667-0.506667 137.466667 4.613333 29.813333 16.106667 52.16 38.08 74.133333 16.853333 16.853333 30.106667 25.333333 50.346667 32.213333 21.146667 7.2 33.226667 7.946667 118.213333 7.386667 77.386667-0.48 79.813333-0.613333 84.373333-4.026667 7.253333-5.386667 11.066667-11.44 12.106667-19.12a26.746667 26.746667 0 0 0-12.96-25.68c-6.56-3.68-7.546667-3.733333-86.106667-3.733333-51.253333 0-82.666667-0.666667-88.506666-1.893333a82.453333 82.453333 0 0 1-62.613334-62.613334c-1.173333-5.6-1.893333-32.213333-1.893333-70 0-56.08-0.266667-61.44-3.146667-66.853333-4.693333-8.72-10.693333-12.453333-21.093333-13.093333-4.986667-0.293333-10.586667 0.133333-12.453333 0.96m795.973333 2.32c-11.6 7.76-11.76 8.72-11.76 76.693333 0 37.733333-0.72 64.373333-1.893333 69.973333-5.626667 27.12-25.44 49.733333-52.533334 59.92-9.146667 3.44-13.466667 3.653333-94.906666 4.533334-96.746667 1.04-93.013333 0.48-100.08 15.066666-6 12.346667-2.56 24.56 9.44 33.52 4.56 3.413333 6.986667 3.546667 83.52 4.026667 47.626667 0.32 84.053333-0.186667 92.053333-1.226667 30.986667-4.133333 55.653333-16.533333 78.053333-39.28 15.813333-16.053333 23.76-28.053333 30.266667-45.786666 7.84-21.413333 8.853333-32.586667 8.933333-98.693334 0.053333-60.853333 0-61.68-3.84-68.933333-7.04-13.333333-24.933333-18.026667-37.253333-9.813333
0xf301	M652.544 652.544c16.64-16.64 43.648-16.64 60.288 0l128 128c16.64 16.64 16.64 43.648 0 60.288l-128 128a42.624 42.624 0 1 1-60.288-60.288l55.168-55.232H384A42.688 42.688 0 0 1 384 768h323.712l-55.168-55.168a42.624 42.624 0 0 1 0-60.288zM170.624 640V316.416l-55.104 55.104a42.688 42.688 0 0 1-60.352-60.352l128-128 6.656-5.44a42.688 42.688 0 0 1 53.696 5.44l128 128a42.688 42.688 0 0 1-60.352 60.352L256 316.416V640a42.688 42.688 0 0 1-85.376 0zM768 554.624V469.312a42.688 42.688 0 1 1 85.312 0v85.312a42.688 42.688 0 0 1-85.312 0z m0-256V256h-42.688a42.688 42.688 0 0 1 0-85.376H768c47.168 0 85.312 38.272 85.312 85.376v42.624a42.688 42.688 0 0 1-85.312 0z m-213.376-128a42.688 42.688 0 0 1 0 85.376H469.312a42.688 42.688 0 0 1 0-85.376h85.312z
0xe63d	M195.413333 87.893333c-29.066667 5.493333-48.72 15.973333-70.133333 37.386667-21.973333 21.973333-33.466667 44.32-38.08 74.133333-2.613333 16.853333-2.613333 608.32 0 625.173334 4.613333 29.813333 16.106667 52.16 38.08 74.133333 21.973333 21.973333 44.32 33.466667 74.133333 38.08 16.853333 2.613333 608.32 2.613333 625.173334 0 29.813333-4.613333 52.16-16.106667 74.133333-38.08 21.973333-21.973333 33.466667-44.32 38.08-74.133333 2.613333-16.853333 2.613333-608.32 0-625.173334-4.613333-29.813333-16.106667-52.16-38.08-74.133333-21.973333-21.973333-44.32-33.466667-74.133333-38.08-19.013333-2.96-613.36-2.293333-629.173334 0.693333m625.84 52.24a82.453333 82.453333 0 0 1 62.613334 62.613334c2.666667 12.773333 2.666667 605.733333 0 618.506666a82.453333 82.453333 0 0 1-62.613334 62.613334c-12.773333 2.666667-605.733333 2.666667-618.506666 0a82.453333 82.453333 0 0 1-62.613334-62.613334c-2.666667-12.773333-2.666667-605.733333 0-618.506666a82.32 82.32 0 0 1 60.106667-62.08c11.973333-2.906667 607.173333-3.413333 621.013333-0.533334m-453.626666 146.56c-21.52 3.226667-38.88 12.16-54.453334 27.973334-53.786667 54.693333-24.826667 145.52 50.96 159.893333 4.613333 0.88 20.96 1.6 36.32 1.6h27.92v71.333333l-33.706666 0.773334c-29.306667 0.666667-35.093333 1.28-44.32 4.586666a113.04 113.04 0 0 0-37.04 23.36c-35.573333 35.146667-36.8 93.573333-2.746667 130.826667 51.84 56.693333 143.44 32.96 162.96-42.213333 1.893333-7.28 2.64-18.586667 2.64-39.68v-29.52h71.68v29.52c0 32.746667 1.706667 42.666667 10.426667 60.613333 6.106667 12.506667 21.893333 30.133333 33.973333 37.893333 37.306667 23.92 86.933333 18 118.453333-14.16 24-24.506667 33.12-56.453333 25.12-88.08-8.24-32.666667-30.373333-56.96-62.64-68.8-8.8-3.2-14.613333-3.786667-43.84-4.426666l-33.706666-0.693334v-71.333333h29.52c42.533333 0 60.746667-5.706667 82.24-25.84 21.12-19.733333 30.4-40.693333 30.533333-68.88 0.133333-27.013333-8.773333-48.613333-28-67.813333-46.746667-46.746667-126.186667-32.32-153.333333 27.866666-7.28 16.16-8.746667 25.92-8.746667 57.946667v28.933333h-71.68v-29.52c0-42.586667-5.706667-60.746667-25.946667-82.373333-21.68-23.173333-52.533333-34.293333-82.586666-29.786667m33.893333 51.386667c9.92 4.96 16.106667 11.093333 21.466667 21.173333 4.32 8.16 4.533333 9.893333 5.093333 38.826667l0.56 30.293333h-27.013333c-30.213333-0.026667-36-1.12-47.733334-9.013333-32.053333-21.52-24.053333-71.946667 13.333334-84.133333 9.6-3.12 24.906667-1.84 34.293333 2.853333m263.946667 1.04c29.306667 15.013333 33.84 56.213333 8.533333 77.866667-11.36 9.733333-18.72 11.386667-50.666667 11.386666h-27.973333l0.56-30.293333c0.506667-27.84 0.88-30.906667 4.56-37.973333 2.186667-4.213333 5.653333-9.493333 7.68-11.68 4.693333-5.093333 16.88-12.293333 23.866667-14.08 9.28-2.373333 23.36-0.373333 33.44 4.773333M547.84 512v35.84h-71.68v-71.68h71.68V512m-119.76 113.92c-0.56 28.933333-0.773333 30.666667-5.093333 38.826667-9.146667 17.226667-22.853333 25.493333-42.4 25.573333-11.2 0.026667-13.973333-0.64-22.186667-5.28-32.853333-18.506667-33.333333-66.266667-0.853333-83.013333 11.04-5.68 14-6.106667 43.226666-6.24l27.866667-0.16-0.56 30.293333m236.88-24.826667c16.373333 8.613333 25.146667 23.12 25.226667 41.68 0.24 50.186667-65.6 66.426667-89.173334 21.973334-4.32-8.16-4.533333-9.893333-5.093333-38.96l-0.586667-30.453334 30.453334 0.586667c29.2 0.56 30.773333 0.773333 39.173333 5.173333
0xe636	M474.453333 87.013333c-76.986667 7.706667-145.653333 32.746667-206.506666 75.386667-138.613333 97.04-206.773333 265.04-174.693334 430.533333 12.986667 67.013333 40.746667 127.706667 84 183.6 14.426667 18.64 51.573333 55.786667 70.213334 70.213334 68.08 52.666667 144.613333 82.906667 228.693333 90.373333 28.16 2.48 77.973333 1.12 84.56-2.32 6.373333-3.36 372.8-369.92 374.773333-374.933333 2.8-7.146667 3.813333-58.906667 1.626667-83.706667-16.16-182.186667-145.946667-334.773333-321.466667-377.893333-41.973333-10.293333-102.48-15.12-141.2-11.253334m89.6 55.68c68.186667 9.28 133.226667 38.24 188.293334 83.92 76.186667 63.173333 125.12 159.44 131.6 258.933334 0.746667 11.253333 1.146667 20.72 0.906666 21.013333-0.24 0.266667-8.48-2.186667-18.346666-5.493333-34.933333-11.68-48.586667-13.706667-92.533334-13.706667-34.48 0-41.44 0.48-57.173333 3.893333-41.04 8.906667-83.413333 27.866667-114.346667 51.173334-21.52 16.213333-49.733333 45.066667-64.586666 66.053333-20.666667 29.173333-38.213333 70.053333-46.746667 108.88-3.306667 15.173333-3.786667 22.346667-3.786667 56.613333 0 44.053333 2.133333 58.533333 13.76 92.746667 3.306667 9.733333 5.626667 18.08 5.12 18.56-1.733333 1.733333-46.64-3.146667-67.6-7.36-81.093333-16.24-158.24-61.546667-210.373333-123.546667-37.68-44.8-65.333333-98.88-78.64-153.76-13.68-56.4-13.68-121.2-0.026667-177.226666 13.44-55.066667 41.013333-108.986667 78.666667-153.76 47.386667-56.346667 116.586667-99.68 189.413333-118.64a380.24 380.24 0 0 1 146.4-8.293334m261.333334 401.413334c8.56 2 21.12 5.706667 27.893333 8.213333l12.32 4.56-154.106667 154.133333c-103.653333 103.68-154.586667 153.466667-155.493333 152.08-2.88-4.373333-11.6-35.173333-14.133333-49.866666-3.52-20.426667-3.466667-57.92 0.133333-79.04 16.453333-96.986667 93.093333-174.106667 191.013333-192.24 20.72-3.813333 71.866667-2.613333 92.373334 2.16
0xe637	M300.214504 88.997075c-41.945108 9.668605-78.611214 34.112676-101.735534 67.737619-8.205404 11.963823-100.473165 197.417432-103.74385 208.549238-5.623284 19.16507-2.754262 48.400408 6.598751 67.020364 7.775051 15.464031 16.64033 24.243239 66.217037 65.557162l50.953838 42.490221v115.277321c0 72.672337 0.745946 120.585012 1.979626 129.593741 8.836589 63.462776 52.646561 119.06443 111.891873 141.930539 31.96091 12.336796 26.509767 12.049894 218.476056 12.049894 161.152988 0 174.637394-0.229522 189.097267-3.356756 64.237412-13.828688 115.162559-59.819117 134.614531-121.58917 8.033263-25.448229 8.635757-36.551345 8.635758-158.628248v-115.277321l50.953837-42.490221c28.030349-23.353842 53.622029-46.019119 56.864024-50.380034 16.554259-22.206233 23.00956-54.454045 16.123906-80.820361-2.869022-11.103117-94.7925-196.614105-104.145513-210.241962-16.726401-24.358-47.166728-48.285647-75.111006-59.073171-26.108104-10.070269-36.235753-11.390019-82.398324-10.672763-39.535129 0.631185-41.945108 0.860707-55.831176 5.738045-19.078999 6.684822-35.633258 16.61164-52.445729 31.501866-48.457788 42.977956-124.458192 43.207477-172.514317 0.516424-16.783781-14.890226-34.60041-25.706441-53.048225-32.161742-13.599166-4.762577-15.664862-4.963409-57.265687-5.393762-31.587937-0.315592-46.10519 0.258212-54.167143 2.123077m84.205808 57.954252c10.2711 3.84449 15.578792 7.488148 36.063611 24.673593 20.685652 17.386276 58.614128 34.743861 90.89063 41.658205 14.890226 3.184615 62.74552 3.127234 78.955497-0.08607 36.207063-7.172556 75.225767-26.452387 101.19042-49.94968 5.393762-4.906028 14.172971-11.189187 19.509352-13.972139 9.209562-4.848648 11.074426-5.10686 39.879412-5.738045 35.375046-0.745946 46.937207 1.032848 66.188346 10.21372 10.041578 4.762577 17.328895 10.098959 26.88274 19.624113l13.082742 13.082742 47.051968 94.046554c40.424526 80.877742 47.023277 95.222854 47.023277 102.280649 0 15.808313-2.55343 18.619955-62.429927 68.397494-38.38752 31.903529-57.724731 49.232424-61.511841 55.05654l-5.508523 8.520997-0.946777 140.610788-0.975468 140.610787-4.246153 11.41871a115.392081 115.392081 0 0 1-68.426184 68.110592l-13.541786 4.934718-177.190824 0.516424c-154.812449 0.459044-178.826166 0.172141-190.044044-2.323908-34.944693-7.775051-64.409553-33.28066-78.496453-67.967141l-5.967566-14.689395-0.918087-140.610787-0.918087-140.610788-5.508523-8.520997c-3.78711-5.824115-23.124321-23.153011-61.511841-55.05654-59.905188-49.806229-62.429927-52.589181-62.429927-68.454874 0-7.086485 6.541371-21.316836 47.597081-103.313497l47.597082-95.079403 12.82453-12.078584c13.685237-12.910601 30.641159-22.493136 46.707685-26.395006 5.565903-1.348441 22.206233-2.381289 39.391678-2.49605 25.677751-0.114761 31.128893 0.372973 39.73596 3.586278
0xe638	M197.413333 88.026667c-44.613333 8.133333-83.653333 40.053333-101.52 83.013333-10.986667 26.4-10.56 12.32-10.56 340.96s-0.426667 314.56 10.56 340.96c18.16 43.653333 57.12 75.12 102.906667 83.093333 13.066667 2.266667 53.2 2.613333 313.2 2.613334 328.64 0 314.56 0.426667 340.96-10.56a138.053333 138.053333 0 0 0 83.04-102.16c2.453333-13.013333 2.693333-41.946667 2.266667-271.36l-0.48-256.773334-3.76-13.28c-5.253333-18.4-17.333333-41.013333-29.013334-54.133333-10.373333-11.706667-116.56-111.146667-126.773333-118.72-9.253333-6.88-30.906667-17.333333-44.693333-21.6l-12.48-3.866667-255.146667-0.293333c-214.533333-0.266667-257.28 0.08-268.506667 2.106667m65.76 118.053333c0.506667 67.44 0.533333 67.893333 4.533334 75.52 5.04 9.653333 16.266667 21.493333 24.32 25.653333 12.16 6.293333 24.693333 6.986667 115.013333 6.4 100.426667-0.64 96.8-0.106667 113.626667-16.693333 15.92-15.706667 15.866667-15.44 16.533333-92.586667l0.586667-66.133333h83.306666c48.186667 0 87.173333 0.72 92.48 1.706667 21.6 4 28.96 9.44 92.96 68.906666 61.52 57.12 65.973333 62.08 74.613334 83.226667l3.76 9.146667 0.48 253.44c0.426667 225.333333 0.186667 254.8-2.213334 265.6-6.4 29.04-31.333333 54.773333-60.426666 62.373333-10.4 2.72-33.12 2.933333-310.746667 2.933333-277.626667 0-300.346667-0.213333-310.746667-2.933333-20.853333-5.44-39.706667-20.08-51.706666-40.133333-11.973333-19.946667-11.306667-0.72-11.306667-330.506667s-0.666667-310.56 11.306667-330.506667c12-20.053333 30.853333-34.693333 51.706666-40.133333 8.026667-2.08 18.373333-2.96 36.32-3.013333l25.066667-0.106667 0.533333 67.84m220.666667-6.4V260.266667h-167.253333l-0.453334-61.04-0.453333-61.013334 84.08 0.426667 84.08 0.453333v60.586667m12.586667 211.466667c-2.48 0.8-32.64 15.866667-67.066667 33.493333-57.12 29.253333-63.28 32.826667-70.88 41.146667-14.72 16.08-14.586667 15.2-14.586667 106.426666 0 91.226667-0.133333 90.346667 14.586667 106.426667 7.6 8.32 13.76 11.92 68.693333 40.08 33.173333 17.013333 63.653333 32.106667 67.68 33.52 9.386667 3.306667 24.906667 3.306667 34.293334 0 4.026667-1.413333 34.506667-16.506667 67.68-33.52 54.933333-28.16 61.093333-31.76 68.693333-40.08 14.72-16.08 14.586667-15.2 14.586667-106.426667 0-91.253333 0.133333-90.32-14.613334-106.453333-7.626667-8.346667-13.76-11.893333-72.773333-42.106667l-64.453333-33.013333-13.68-0.453333c-7.52-0.266667-15.706667 0.16-18.16 0.96m70.72 64.346666c26.933333 13.813333 48.96 25.626667 48.96 26.266667 0 1.466667-100.8 47.786667-104.106667 47.813333-3.173333 0.026667-104.106667-46.453333-104.106667-47.946666 0-0.586667 14.026667-8.24 31.146667-16.96a8641.066667 8641.066667 0 0 0 50.64-26c14.346667-7.466667 20.666667-9.893333 24-9.226667 2.48 0.506667 26.56 12.213333 53.466667 26.053333m-127.813334 85.146667l52.08 23.893333 0.053334 71.28 0.053333 71.28-22.613333-11.76-51.146667-26.56c-15.706667-8.133333-29.733333-16.453333-31.146667-18.506666-2.24-3.173333-2.613333-13.253333-2.613333-69.2 0-40.506667 0.613333-65.253333 1.626667-64.88 0.88 0.293333 25.04 11.306667 53.706666 24.453333M640 601.226667c0 55.813333-0.373333 65.866667-2.613333 69.04-2.453333 3.52-13.04 9.333333-78.026667 42.88l-26.88 13.866666 0.053333-71.253333 0.053334-71.226667 52.426666-24.16a2331.12 2331.12 0 0 1 53.706667-24.32c0.693333-0.08 1.28 29.226667 1.28 65.173334
0xe63b	M478.72 86.4c-135.866667 11.306667-254.96 80.746667-328.666667 191.626667l-11.813333 17.76V235.173333c0-60.026667-0.026667-60.64-3.84-66.24-6.426667-9.44-12.346667-12.773333-22.613333-12.773333-9.866667 0-15.573333 3.04-22.08 11.76-3.466667 4.613333-3.52 6.4-3.52 102.293333v97.573334l3.973333 5.573333c8.186667 11.493333 4.24 11.093333 111.12 10.773333 87.466667-0.266667 96.96-0.56 101.466667-3.2 7.84-4.613333 11.76-11.2 12.56-21.173333 0.853333-10.666667-3.44-18.56-13.226667-24.32-5.626667-3.28-9.386667-3.546667-64.24-4.346667l-58.24-0.853333 9.866667-15.68c16.666667-26.506667 28.693333-41.36 53.653333-66.346667 71.84-71.946667 161.76-108.986667 263.76-108.693333 60.4 0.186667 108.24 11.173333 161.28 37.04 75.733333 36.933333 133.546667 93.893333 170.666667 168.106667 26.72 53.466667 38.986667 105.466667 39.066666 165.626666 0.053333 61.226667-11.386667 111.6-37.386666 164.693334-36.906667 75.306667-94.773333 133.52-168.933334 169.946666-53.306667 26.186667-96.4 36.906667-155.306666 38.613334-38.4 1.12-66.053333-1.76-100.693334-10.533334-62.026667-15.68-112.053333-42.533333-162.213333-87.12-11.306667-10.053333-17.893333-14.666667-22.106667-15.44-19.706667-3.706667-36.426667 13.653333-31.413333 32.586667 4.693333 17.76 68.133333 66.613333 118.453333 91.226667 56.8 27.813333 112.16 41.6 175.786667 43.84 103.52 3.653333 205.493333-30.16 285.013333-94.533334a443.253333 443.253333 0 0 0 98.346667-112.4c117.2-193.12 60.986667-445.493333-127.386667-571.973333-55.146667-37.013333-115.066667-59.946667-182.08-69.653333-17.52-2.533333-73.04-4.48-89.253333-3.146667m-0.853333 233.733333c-17.733333 2.826667-28.64 7.173333-32.106667 12.773334-1.253333 2-2.96 7.92-3.813333 13.173333-2.453333 15.04-13.226667 26.533333-27.226667 29.013333-7.733333 1.386667-13.733333 0.666667-26.666667-3.226666-5.706667-1.706667-8.08-1.68-12.506666 0.16-6.986667 2.88-23.6 22.48-34.16 40.266666-8.24 13.866667-19.653333 40.24-21.546667 49.786667-1.466667 7.306667 3.173333 15.946667 11.84 22.08 11.866667 8.346667 17.013333 23.12 13.013333 37.386667-2.08 7.413333-5.306667 11.52-18.453333 23.333333-7.573333 6.826667-8.186667 13.306667-2.773333 28.586667 10.96 30.746667 36.533333 69.866667 50.693333 77.573333 5.573333 3.04 6.96 3.146667 13.573333 1.173333 19.653333-5.866667 30.693333-5.093333 40.613334 2.906667 7.333333 5.92 13.626667 16.48 13.653333 23.013333a22.133333 22.133333 0 0 0 12.693333 20c11.146667 4.933333 43.68 9.013333 62.666667 7.866667 36.88-2.213333 49.68-7.466667 51.84-21.333333 2.826667-18.293333 8-26.8 19.973333-32.906667 9.226667-4.72 22.666667-4.613333 32.186667 0.24 14.906667 7.626667 23.813333 2.72 44.48-24.613333 16.026667-21.146667 32.186667-56.346667 32.186667-70.053334 0-6.133333-1.04-7.76-10.16-16.266666-11.146667-10.346667-15.44-18.453333-15.44-29.066667 0-10.613333 4.293333-18.72 15.44-29.066667 9.226667-8.586667 10.16-10.106667 10.16-16.453333 0-11.893333-13.626667-43.52-27.626667-64.16a206.32 206.32 0 0 0-16.986667-20.853333c-12.666667-13.546667-17.92-15.12-31.546666-9.466667-16.773333 6.933333-33.653333 3.68-43.893334-8.48-4.4-5.2-6.906667-12.16-8.746666-24.026667-1.413333-9.12-8.906667-15.333333-21.76-18.08-17.146667-3.653333-50.96-4.266667-69.6-1.28m50.453333 41.28c0.986667 0.693333 2.853333 3.946667 4.133333 7.226667a79.626667 79.626667 0 0 0 52.053334 47.04c8.026667 2.293333 13.84 2.693333 27.333333 1.866667l17.146667-1.04 7.12 10.613333c3.893333 5.866667 9.173333 14.986667 11.733333 20.293333l4.666667 9.653334-5.44 6.826666c-12.986667 16.426667-19.413333 39.92-16.106667 59.093334 2.213333 12.933333 8.56 27.546667 16.053333 37.04l5.36 6.773333-6.106666 12.346667a150.24 150.24 0 0 1-12.16 20.293333l-6.053334 7.946667-17.493333-0.96c-15.12-0.826667-18.986667-0.453333-28.586667 2.8-21.866667 7.36-36.853333 20.453333-46.506666 40.533333-3.04 6.373333-6.32 12.133333-7.253334 12.826667-2.08 1.52-28.24 1.706667-38.586666 0.266666-7.28-1.013333-7.626667-1.36-12.506667-12.133333-13.173333-29.093333-42.186667-46.373333-74.746667-44.48l-13.28 0.773333-4.24-5.573333c-6-7.866667-17.866667-30.026667-17.893333-33.413333-0.026667-1.573333 1.786667-5.04 4-7.68 20.986667-25.066667 22.24-66.026667 2.826667-93.12-3.76-5.28-6.853333-10.586667-6.826667-11.84 0.026667-2.933333 12.4-25.626667 17.866667-32.826667l4.24-5.52 14.266666 0.746667a75.68 75.68 0 0 0 42.533334-9.466667c11.653333-6.32 26.16-22.24 32.053333-35.253333 3.653333-8.053333 6.026667-11.2 8.88-11.76 6.72-1.28 39.626667-1.2 41.52 0.106666m-42.266667 77.093334a72 72 0 0 0-33.2 20.986666 73.6 73.6 0 0 0-21.066666 52.666667c0 21.466667 8.373333 40.533333 24.56 55.84 14.053333 13.306667 28.72 19.6 47.653333 20.506667 33.68 1.6 60.373333-13.866667 74.613333-43.226667 21.066667-43.52-3.04-95.093333-50.4-107.76-11.866667-3.173333-30.56-2.746667-42.16 0.986667m40.72 43.786666c2.56 1.92 7.013333 6.373333 9.866667 9.92 4.826667 5.946667 5.226667 7.466667 5.226667 19.653334 0 11.76-0.506667 13.866667-4.693334 19.36-8.64 11.306667-14.213333 14.053333-28.586666 14.053333-14.346667 0-19.946667-2.746667-28.506667-13.946667-5.333333-6.986667-7.253333-22-4.08-31.68 2.293333-6.933333 10.906667-16.24 18.08-19.493333 7.653333-3.493333 26.826667-2.24 32.693333 2.133333
0xe63c	M261.333333 88.16c-20.72 4.533333-42.213333 16.186667-58.293333 31.6-15.813333 15.12-26.16 32.133333-33.2 54.56l-3.813333 12.186667v650.346666l3.813333 12.186667c7.28 23.2 17.44 39.6 34.746667 56.026667a122.293333 122.293333 0 0 0 69.733333 32.266666c16.88 1.946667 458.48 1.946667 475.36 0 49.306667-5.653333 89.093333-39.253333 104.48-88.293333l3.813333-12.186667V186.506667l-3.813333-12.186667c-11.733333-37.413333-37.733333-66.213333-72.213333-80.026667-21.973333-8.8-6.693333-8.346667-271.066667-8.186666-198.64 0.133333-242.373333 0.48-249.546667 2.053333m489.44 52.08a69.546667 69.546667 0 0 1 51.066667 46.666667c2.693333 8.773333 2.746667 13.6 2.746667 324.773333s-0.053333 316-2.746667 324.773333a69.28 69.28 0 0 1-51.066667 46.72c-10.373333 2.16-467.173333 2.16-477.546666 0a69.28 69.28 0 0 1-51.066667-46.72c-2.693333-8.773333-2.746667-13.6-2.746667-324.773333s0.053333-316 2.746667-324.773333a69.413333 69.413333 0 0 1 49.253333-46.293334c9.546667-2.346667 468.32-2.72 479.36-0.373333m-137.013333 115.52c-2.56 1.093333-32.853333 32.026667-74.64 76.186667-38.693333 40.906667-70.613333 74.346667-70.96 74.346666-0.32 0-16.933333-16-36.933333-35.573333-19.973333-19.546667-38.346667-36.4-40.826667-37.44-8.693333-3.626667-21.733333-1.44-28.613333 4.773333-8.586667 7.76-10.373333 24.64-3.626667 33.946667 5.866667 8.053333 92.613333 91.653333 98.026667 94.48 6.746667 3.52 17.493333 3.653333 24.88 0.32 4.346667-1.946667 24.773333-22.693333 84.533333-85.84 43.36-45.813333 80.24-85.52 81.946667-88.266667 3.44-5.493333 4.213333-16.426667 1.653333-23.253333-2.026667-5.306667-8-11.466667-13.386667-13.76-5.653333-2.426667-16.426667-2.373333-22.053333 0.08M354.613333 603.653333c-11.36 4.453333-17.466667 12.826667-17.52 24.08-0.08 11.573333 4.346667 19.013333 14.346667 24.133334 4.96 2.56 10.48 2.64 158.48 2.64 167.386667 0 158.346667 0.426667 166.426667-8.106667 13.493333-14.293333 7.173333-37.946667-11.52-43.146667-7.733333-2.133333-304.666667-1.76-310.213334 0.4m-2.026666 123.76c-6.426667 2.8-9.493333 5.733333-12.853334 12.293334-5.013333 9.84-2.533333 24.4 5.413334 31.573333 7.36 6.64 7.44 6.64 97.12 6.613333 78.986667-0.026667 84.64-0.186667 89.84-2.586666a25.6 25.6 0 0 0 13.813333-14.346667c5.306667-12.746667-0.64-27.04-13.813333-33.12-5.2-2.4-10.8-2.56-90.133334-2.533333-72.213333 0.026667-85.28 0.346667-89.386666 2.106666
0xe63e	M482.133333 86.346667c-43.866667 4.346667-71.013333 9.84-105.813333 21.413333-62.586667 20.826667-117.786667 55.146667-165.6 102.96-66.213333 66.186667-106.8 146.933333-121.44 241.546667-4.32 27.946667-4.24 91.893333 0.16 120.32 11.706667 75.866667 42.48 146.88 89.173333 205.653333 14.8 18.613333 48.533333 52.346667 67.146667 67.146667a431.493333 431.493333 0 0 0 162.986667 80.4c37.733333 9.573333 58.133333 11.92 103.253333 11.92 44.32 0 63.253333-2.106667 100.506667-11.2a433.6 433.6 0 0 0 164.773333-80.506667c57.013333-45.36 104-108.32 130.533333-174.933333 19.093333-47.973333 28.48-93.066667 30.293334-145.413334 7.52-219.733333-154.106667-408.933333-373.2-436.906666-15.253333-1.946667-71.093333-3.573333-82.773334-2.4m81.92 56.346666c68.186667 9.28 133.226667 38.24 188.293334 83.92 59.226667 49.12 103.493333 120.453333 122.053333 196.773334 7.52 30.88 9.973333 52.586667 9.973333 88.613333 0 60.933333-11.04 109.68-36.933333 162.986667a370.666667 370.666667 0 0 1-170.053333 171.386666c-55.413333 27.493333-121.28 41.6-180.48 38.693334-138.693333-6.8-259.36-85.973333-320.24-210.08-25.493333-52-37.173333-103.866667-37.066667-164.693334 0.106667-60.24 11.546667-109.44 37.893333-162.986666 37.013333-75.2 94.666667-132.853333 169.813334-169.786667 68.346667-33.6 140.453333-45.2 216.746666-34.826667M492.986667 252c-8.773333 1.52-22.48 11.333333-27.786667 19.973333a45.973333 45.973333 0 0 0-3.546667 38.053334c13.333333 34.853333 61.2 37.386667 78.08 4.106666a42.72 42.72 0 0 0-19.146666-58.106666c-6.693333-3.413333-19.92-5.333333-27.6-4.026667m-35.386667 149.066667c-21.893333 5.173333-27.893333 33.6-9.92 46.8 3.76 2.773333 8.24 3.733333 20.48 4.4l15.68 0.853333 0.426667 112.053333 0.453333 112.053334-25.2 0.586666c-21.493333 0.506667-26.053333 1.093333-31.146667 4.026667-6.453333 3.733333-13.653333 15.786667-13.653333 22.826667 0 7.626667 6.4 18.106667 13.52 22.08 6.613333 3.733333 7.493333 3.76 83.653333 3.76 84.293333 0 82.293333 0.213333 91.146667-10.293334 6.026667-7.173333 7.333333-15.44 3.813333-24.613333-5.653333-14.826667-13.413333-17.866667-45.786666-17.973333l-23.466667-0.08v-255.466667l-3.92-7.44a26.266667 26.266667 0 0 0-11.36-11.36c-6.88-3.626667-9.413333-3.893333-33.2-3.733333-14.16 0.08-28.346667 0.773333-31.52 1.52
0xe63f	M752.123963 88.394371c-47.531998 10.980124-83.734371 44.007873-98.850245 90.14187l-3.1455 9.6695-267.746112 0.495125-267.746112 0.495125-7.222999 4.48525c-7.51425 4.66-14.096499 15.960499-14.183875 24.290248-0.05825 6.757 6.902625 19.834124 12.64025 23.736874 4.805625 3.262 17.154624 3.43675 274.299236 4.339625l269.260612 0.932 3.990125 11.183999c13.543124 37.775123 36.114998 63.201247 70.162122 79.132622 30.581249 14.329499 64.366247 16.688624 95.79212 6.727874 20.911749-6.6405 36.697498-16.484749 53.997747-33.668498 12.348999-12.261624 16.513874-18.057499 23.620374-32.619999 4.747375-9.72775 9.174375-20.387499 9.815125-23.649498l1.194125-5.9415 47.881497-0.5825c53.036622-0.64075 55.483122-1.135875 64.045872-13.135374 3.32025-4.66 4.339625-8.56275 4.339625-16.6595 0-12.086874-3.78625-18.727374-14.183874-24.843623-5.795875-3.407625-10.310249-3.78625-54.201623-4.339625l-47.881497-0.5825-1.194125-5.9415c-0.669875-3.262-4.980375-13.776124-9.61125-23.387374-14.970249-31.221998-43.570998-55.541372-78.579246-66.841871-17.853624-5.76675-49.395998-7.39775-66.492372-3.43675m58.978122 62.269247a83.530496 83.530496 0 0 1 36.639249 37.134373c4.48525 9.49475 5.038625 12.931499 5.038624 30.289998 0 17.329374-0.5825 20.795249-5.009499 30.231749-27.377499 58.453872-108.60712 58.482997-136.304994 0.029125-5.388125-11.387874-5.9415-14.212999-5.941499-30.260874 0-15.931374 0.5825-18.931249 5.795874-29.911373 14.329499-30.289999 39.027498-45.434998 71.705747-43.978748 13.106249 0.553375 18.144874 1.718375 28.076498 6.46575m-463.466102 229.767113c-17.795374 1.718375-27.231874 4.427-44.735998 12.902375a130.392619 130.392619 0 0 0-67.191372 76.278371l-4.106624 12.232499-59.735372 0.932c-56.677247 0.87375-60.026622 1.135875-64.890497 4.7765-9.523875 7.1065-12.844124 13.339249-12.844125 24.115499 0 10.776249 3.32025 17.008999 12.844125 24.115499 4.863875 3.640625 8.21325 3.90275 64.715747 4.7765l59.618872 0.932 4.281374 12.261624c12.261624 35.153873 36.435373 62.065372 69.521372 77.501621a133.188618 133.188618 0 0 0 163.769867-43.163248c7.834625-11.009249 17.271124-30.814248 20.125374-42.376873l1.2815-5.125999 257.989237-0.466c257.290237-0.495125 258.018362-0.495125 263.144363-4.339625 9.523875-7.1065 12.844124-13.339249 12.844124-24.115499 0-10.776249-3.32025-17.008999-12.844124-24.115499-5.126-3.8445-5.854125-3.8445-263.144363-4.339625l-257.989237-0.466-1.2815-5.125999c-2.85425-11.562624-12.290749-31.367623-20.125374-42.376873a133.654618 133.654618 0 0 0-121.247369-54.813248m37.221748 60.754747c34.309248 11.941249 55.978247 47.764998 49.658123 82.074246-2.97075 16.106124-8.21325 26.765874-19.018624 38.590624-35.445123 38.765373-98.64637 29.183249-122.033744-18.494375-5.038625-10.310249-5.4755-12.785874-5.4755-31.687998s0.436875-21.377749 5.4755-31.687998c16.659499-33.959748 56.560747-50.910498 91.394245-38.794499m262.620112 234.368864c-28.309499 6.494875-49.628998 18.610874-69.463121 39.493498-15.290624 16.106124-25.659124 33.377248-30.901624 51.522123l-3.08725 10.717999h-214.738614c-205.56424 0-214.971615 0.145625-221.146114 3.465875-7.135625 3.815375-14.970249 16.601249-14.912 24.319374 0.087375 8.591875 6.58225 19.834124 14.183875 24.581498l7.222999 4.48525 215.029865 0.932 215.029864 0.932 3.20375 10.31025c4.427 14.358624 13.630499 30.959873 23.969874 43.308873 39.551748 47.298998 103.976245 61.016872 159.837992 34.047123 19.368124-9.37825 39.493498-26.649374 51.347373-44.124373 7.252125-10.688874 18.465249-35.852873 18.465249-41.444873 0-2.563 11.475249-2.941625 101.121995-3.407625l101.121995-0.553375 7.223-4.48525c7.51425-4.66 14.096499-15.960499 14.183874-24.290248 0.05825-6.757-6.902625-19.834124-12.640249-23.736874-4.689125-3.174625-12.115999-3.465875-107.296495-4.339625l-102.25787-0.932-3.174625-10.251999c-9.174375-29.590999-34.309248-60.987747-60.405247-75.462872-27.493999-15.203249-64.657497-21.319499-91.918496-15.086749m48.289248 58.861622c21.639874 6.69875 38.357623 22.571874 47.444623 45.056373 4.13575 10.19375 4.572625 13.572249 3.873625 29.357999-0.699 15.610999-1.543625 19.338999-6.844375 29.678373a76.249246 76.249246 0 0 1-35.241248 34.250998c-11.562624 5.679375-13.776124 6.11625-31.134624 6.11625-17.125499 0-19.717624-0.495125-31.221998-5.9415a76.598746 76.598746 0 0 1-42.668123-55.162747c-4.339625-21.698124 4.194-48.347498 20.853499-65.006997a73.394996 73.394996 0 0 1 74.938621-18.348749
0xe635	M199.25809113 151.88448697a138.87723178 138.87723178 0 0 0-43.67159549 18.31975405c-12.29966494 8.07003328-29.47767824 25.29994444-37.75530122 37.88504457-7.91434143 12.0661276-16.60714293 34.53766781-18.96847164 49.0948666-1.1676901 7.08398438-1.73856047 93.36328097-1.71261112 256.47656194 0 267.32310244-0.38923003 255.0234375 9.28962038 280.34933043 11.80664091 30.93080352 39.93498872 59.00725434 72.08537934 72.00753385 22.7569754 9.18582553 7.86244444 8.79659635 333.75167419 8.79659549 292.90848207 0.0259485 301.8088724-0.05189699 314.88699826-3.1916849 44.86523409-10.76869415 78.33900665-41.54380585 93.96009984-86.43498928l5.50111659-15.77678503V254.58928531l-5.73465393-16.60714209c-15.38755585-44.50195341-51.81947512-76.96372773-96.73660792-86.2014511-11.44335938-2.36132784-44.91713194-2.62081453-313.04464208-2.51702053-260.05747773 0.12974335-301.8088724 0.46707553-311.8510052 2.62081538m616.56612732 51.24860475c25.89676331 6.09793547 44.65764525 22.9905136 55.34849391 49.79547947l3.97014497 9.96428559 0.46707553 240.6997769c0.25948668 145.52008913-0.18164034 245.18889525-1.11579225 252.06529079-1.53097078 11.00223235-10.24972078 33.00669619-12.97433016 32.6953125-0.72656222-0.07784635-44.21651822-45.747489-96.65876157-101.48521209-56.20479947-59.75976591-98.44921903-103.35351591-102.96428587-106.20786863-16.2698099-10.35351563-40.84319212-13.078125-58.46233247-6.48716551-5.05998872 1.89425232-31.19029023 16.52929659-58.07310243 32.51367216l-48.86132841 29.03655123-7.5251114-7.88839294c-4.12583682-4.3334265-37.26227719-39.4419647-73.61635013-78.02762213-64.1969864-68.14118288-66.45452025-70.32087038-78.75418518-76.39285734-12.27371644-6.07198697-13.18191985-6.25362732-30.17829282-6.14983246-14.34960909 0.07784635-18.96847078 0.77846006-25.58537963 3.76255527-4.43722135 1.99804716-34.82310301 19.69503385-67.49246615 39.31222134-32.6953125 19.6171875-60.66796847 36.14648409-62.1729916 36.71735447-2.51701968 0.9860489-2.69866087-9.60100406-2.25753299-141.54994415L149.41071468 262.89285678l3.97014496-9.9642856C163.91601561 226.51283449 182.80664089 209.30887269 207.97684113 203.21093722c14.73883913-3.58091494 592.69335966-3.65876128 607.84737732-0.0778455m-221.34207525 119.54547947c-18.00837038 4.90429688-28.67326968 11.18387269-42.86718778 25.29994443-15.15401765 15.02427431-26.00055816 41.18052431-26.00055817 62.71791262 0 22.08231018 10.45731047 46.18861602 27.3498886 63.13309201 40.99888398 41.05078097 107.06417418 34.25223178 139.29241032-14.32366059 8.79659635-13.28571469 12.87053531-26.41573668 13.83063656-44.65764525 1.47907378-27.40178559-6.72070284-48.80943056-26.02650665-68.14118288-17.95647337-17.95647337-39.05273466-26.62332553-64.22293576-26.41573668a105.50725406 105.50725406 0 0 0-21.35574712 2.38727634m38.19642826 52.07896266c8.27762297 3.78850462 18.03431887 14.42745544 20.73297974 22.60128271 3.32142824 10.04213193 1.53097078 25.87081481-3.86635012 33.99274594-12.92243316 19.53934115-40.14257841 23.7689728-57.47628357 8.9263397-16.37360475-14.01227691-19.17606047-36.22433043-6.72070283-53.40234375 9.78264525-13.49330352 31.89090394-19.15011197 47.33035678-12.1180246m-318.85714324 144.11886084c1.53097078 0.59681887 33.83705324 34.01869444 71.82589352 74.31696468 37.96289091 40.29827025 79.55859375 84.38504428 92.42912906 97.98214266 12.87053531 13.62304688 46.00697569 48.73158506 73.61635012 78.05357147l50.23660734 53.32449826-191.39732147 0.44112702c-128.13448697 0.28543518-194.14787934-0.15569184-199.77873844-1.29743344a78.15736632 78.15736632 0 0 1-60.51227661-63.91155121c-1.06389525-7.05803587-1.55691928-38.63755613-1.29743344-80.49274566l0.46707638-68.8677451 75.56249943-45.22851562c75.48465393-45.17661863 80.33705382-47.58984347 88.84821411-44.32031306m333.51813686 118.09235503c7.7586496 7.99218778 49.61383913 52.26060301 93.05189728 98.39732204 52.77957553 56.04910678 78.41685301 84.41099363 77.3010599 85.52678502-1.06389525 1.06389525-27.60937528 1.66071413-73.33091493 1.66071498h-71.64425232l-69.43861631-73.48660763c-38.17047975-40.4020651-69.38671847-74.03152865-69.38671847-74.73214237 0.0259485-0.67466523 19.25390597-12.63699797 42.76339294-26.57142854 53.81752227-31.86495544 50.75558072-31.39787906 70.68415191-10.7946435
0xee1b	M100.72 89.173333a36.346667 36.346667 0 0 0-11.013333 8.666667c-3.466667 4.72-3.52 6.773333-3.973334 121.813333l-0.48 116.986667 4.266667 7.253333c2.48 4.24 6.666667 8.4 10.08 10.026667 6.773333 3.2 18.4 3.626667 23.813333 0.88 2.053333-1.04 25.04-23.12 51.093334-49.066667L221.866667 258.56l271.786666 271.786667L765.44 802.133333l-47.173333 47.36c-25.946667 26.053333-48.026667 49.04-49.066667 51.093334-5.253333 10.373333-0.533333 25.413333 10.613333 33.653333 4.746667 3.52 6.16 3.573333 120.32 4.026667l115.493334 0.48 7.68-3.893334a23.2 23.2 0 0 0 11.546666-11.546666l3.893334-7.68-0.48-115.493334c-0.453333-114.16-0.506667-115.573333-4.026667-120.32-8.24-11.146667-23.28-15.866667-33.653333-10.613333-2.053333 1.04-25.04 23.12-51.093334 49.066667l-47.36 47.173333-271.786666-271.786667L258.56 221.866667l47.466667-47.466667c51.146667-51.173333 53.36-54.106667 50.4-67.2-2.16-9.6-5.813333-14.373333-14.08-18.373333-7.04-3.413333-9.786667-3.493333-120.666667-3.493334H108.24l-7.52 3.84
0xe66b	M768.512 853.376v-53.568A390.4 390.4 0 0 1 512 896a384 384 0 0 1-384-384 42.688 42.688 0 0 1 85.376 0A298.688 298.688 0 0 0 512 810.688c81.472 0 156.672-32.704 211.264-85.312h-82.752a42.688 42.688 0 0 1 0-85.376h170.688c0.832 0 1.664 0.192 2.56 0.256a43.584 43.584 0 0 1 9.728 1.728l1.024 0.32a42.56 42.56 0 0 1 29.376 40.32v170.752a42.688 42.688 0 0 1-85.44 0zM810.688 512A298.688 298.688 0 0 0 512 213.376c-81.536 0-156.736 32.64-211.328 85.312H384A42.688 42.688 0 0 1 384 384H213.376a42.688 42.688 0 0 1-42.688-42.624V170.688a42.688 42.688 0 0 1 85.312 0v53.12A390.4 390.4 0 0 1 512 128a384 384 0 0 1 384 384 42.688 42.688 0 1 1-85.312 0z
0xe634	M261.2 86.8c-44.186667 5.493333-84.373333 35.253333-103.546667 76.746667-9.013333 19.52-14.64 51.626667-10.96 62.72 4.986667 15.146667 22.266667 22.906667 36.24 16.266666 6.426667-3.04 13.546667-11.626667 14.373334-17.36l2.213333-16.8c4-31.653333 26.186667-57.333333 58.026667-67.066666 8.373333-2.586667 20.133333-2.72 254.453333-2.72 234.32 0 246.08 0.133333 254.48 2.72 27.173333 8.32 47.066667 27.866667 55.466667 54.506666 1.28 4.026667 2.933333 13.093333 3.68 20.16 0.746667 7.093333 2.4 14.426667 3.706666 16.4 11.946667 18.24 39.573333 15.68 47.253334-4.373333 5.813333-15.28-2.693333-53.76-17.226667-77.893333-11.466667-19.013333-30.773333-37.386667-51.093333-48.666667-11.786667-6.533333-32.56-12.986667-47.653334-14.773333-16.72-2-483.2-1.866667-499.413333 0.133333m56.32 260.826667c-11.866667 2.133333-31.2 8.666667-42.4 14.266666-44.826667 22.533333-78.56 67.44-89.573333 119.173334-3.546667 16.693333-3.573333 46.24-0.053334 62.72 11.733333 55.04 45.2 100.64 88.906667 121.12 21.12 9.893333 30.746667 11.946667 54.986667 11.813333 17.893333-0.106667 22.24-0.64 33.653333-4.106667 39.013333-11.786667 64.586667-34.186667 76.24-66.72l4.506667-12.64v-39.6c0-37.786667-0.133333-39.84-3.146667-45.44a47.44 47.44 0 0 0-18.106667-17.813333c-4.373333-2.32-9.253333-2.8-32.986666-3.226667-17.6-0.293333-29.893333 0.106667-33.306667 1.146667-17.253333 5.173333-24.4 27.04-13.333333 40.88 7.12 8.933333 11.92 10.533333 31.6 10.533333h17.226666v20.293334c0 30-4.026667 40.32-19.893333 50.826666-19.893333 13.226667-46 17.04-66.88 9.84-21.733333-7.52-42.186667-27.333333-55.52-53.813333-10.106667-20.08-13.466667-33.786667-13.466667-55.013333-0.026667-14.026667 0.64-19.093333 3.893334-30.026667 9.653333-32.506667 30.426667-57.28 60.213333-71.866667 29.013333-14.213333 49.626667-14.426667 77.6-0.826666 13.76 6.693333 20.24 7.36 29.6 3.12 15.546667-7.04 19.466667-28.4 7.546667-41.12-5.866667-6.293333-27.413333-16.453333-43.626667-20.56-14.133333-3.6-41.76-5.12-53.68-2.96m234.8 10.133333a26.586667 26.586667 0 0 0-19.786667 19.173333c-1.04 3.866667-1.413333 48.906667-1.146666 138.266667l0.4 132.56 4.053333 6.08c10.826667 16.373333 35.733333 15.733333 44.64-1.12l3.386667-6.373333v-134.773334c0-131.36-0.08-134.906667-2.906667-140.453333-3.413333-6.666667-8.773333-10.826667-16.88-13.066667a40.266667 40.266667 0 0 0-6.613333-1.493333 255.466667 255.466667 0 0 0-5.146667 1.2m145.76 0.026667a28.346667 28.346667 0 0 0-15.946667 14.026666c-2.88 5.92-2.933333 9.066667-2.906666 139.413334 0.026667 127.093333 0.16 133.653333 2.773333 139.413333 7.12 15.68 27.84 20.24 40.72 8.933333 8.826667-7.733333 9.28-10.133333 9.28-49.386666V574.933333h37.68c35.386667 0 38.053333-0.186667 44.08-3.12 19.706667-9.52 19.546667-37.92-0.24-46.906666-5.333333-2.4-10.16-2.72-43.76-2.746667l-37.76-0.026667V409.2h45.6c50.453333 0 52.32-0.293333 59.253333-9.413333a27.28 27.28 0 0 0-8.8-40.213334c-3.866667-2.16-11.706667-2.48-65.253333-2.72-33.466667-0.16-62.613333 0.266667-64.72 0.933334M160.613333 781.493333c-12 5.626667-16.133333 15.066667-14.773333 33.946667 2.453333 34.853333 20.453333 69.173333 48.666667 92.88 12.426667 10.426667 35.013333 21.866667 52.026666 26.346667l12.48 3.253333h506l12.453334-3.253333c36.586667-9.626667 68.773333-35.066667 85.653333-67.706667 12.746667-24.72 18.853333-57.04 13.466667-71.2-7.68-20.08-35.306667-22.64-47.253334-4.373333-1.306667 1.946667-2.986667 8.666667-3.76 14.933333-2.106667 17.12-5.2 27.946667-10.96 38.293333-9.866667 17.68-27.413333 31.466667-48.133333 37.813334-8.4 2.586667-20.16 2.72-254.48 2.72-234.32 0-246.08-0.133333-254.453333-2.72-20.746667-6.346667-38.293333-20.133333-48.16-37.813334-5.76-10.346667-8.853333-21.173333-10.96-38.293333-1.573333-12.586667-3.573333-16.613333-11.36-22.533333-6.96-5.306667-17.946667-6.266667-26.453334-2.293334
0xe632	M261.2 86.8c-44.186667 5.493333-84.373333 35.253333-103.546667 76.746667-9.013333 19.52-14.64 51.626667-10.96 62.72 4.986667 15.146667 22.266667 22.906667 36.24 16.266666 6.426667-3.04 13.546667-11.626667 14.373334-17.36l2.213333-16.8c4-31.653333 26.186667-57.333333 58.026667-67.066666 8.373333-2.586667 20.133333-2.72 254.453333-2.72 234.32 0 246.08 0.133333 254.48 2.72 27.173333 8.32 47.066667 27.866667 55.466667 54.506666 1.28 4.026667 2.933333 13.093333 3.68 20.16 0.746667 7.093333 2.4 14.426667 3.706666 16.4 11.946667 18.24 39.573333 15.68 47.253334-4.373333 5.813333-15.28-2.693333-53.76-17.226667-77.893333-11.466667-19.013333-30.773333-37.386667-51.093333-48.666667-11.786667-6.533333-32.56-12.986667-47.653334-14.773333-16.72-2-483.2-1.866667-499.413333 0.133333M185.36 354.88a19.6 19.6 0 0 0-9.226667 16.133333c0 3.573333 38.48 264.853333 41.893334 284.533334 1.066667 6.106667 8.826667 13.946667 15.013333 15.173333a21.173333 21.173333 0 0 0 18.586667-6.266667c3.973333-4.16 5.066667-8.853333 22.72-97.173333 11.946667-59.653333 18.906667-91.493333 19.493333-89.146667 0.506667 2.026667 8.533333 42.613333 17.866667 90.213334 9.306667 47.573333 18.08 88.773333 19.52 91.546666 7.28 14.133333 24.613333 14.906667 34.32 1.493334 1.973333-2.746667 7.653333-37.546667 24.133333-148.08 21.52-144.053333 21.573333-144.506667 18.986667-149.946667-6.906667-14.586667-28.826667-15.04-35.253334-0.746667-1.173333 2.64-7.466667 40.746667-13.973333 84.72a7980.213333 7980.213333 0 0 1-12.72 84.346667c-0.826667 4.133333-10.266667-40.88-29.12-139.333333-5.52-28.826667-5.733333-29.44-11.04-34.853334-4.72-4.8-6.293333-5.493333-12.266667-5.493333-7.92 0-14.08 2.773333-17.386666 7.813333-1.306667 2-9.386667 39.013333-18.613334 85.493334a4918.8 4918.8 0 0 1-17.386666 85.386666c-0.666667 2.186667-5.466667-26.32-13.306667-79.2-6.746667-45.44-13.066667-84.64-14.053333-87.093333a26.826667 26.826667 0 0 0-6.533334-8.426667c-5.786667-4.88-14.693333-5.333333-21.653333-1.093333m263.466667 2.746667l-5.76 5.76v146.186666c0 161.36-0.56 151.84 9.226666 157.813334 4.266667 2.586667 7.546667 2.88 34.773334 2.88 32.853333 0 37.013333-0.88 42.933333-8.96 3.626667-4.933333 3.866667-15.92 0.48-21.093334-5.2-7.946667-10.186667-9.546667-29.84-9.546666H482.666667v-99.733334h15.946666c13.92 0 16.4-0.373333 19.813334-3.066666 8.293333-6.506667 10.533333-17.36 5.36-25.813334-4.88-8.053333-8.933333-9.68-25.84-10.426666l-15.28-0.666667v-99.36h16.906666c18.986667 0 24.986667-1.68 29.6-8.266667a19.466667 19.466667 0 0 0-2.586666-26.293333l-4.506667-4.293333-33.733333-0.453334-33.733334-0.453333-5.786666 5.786667m131.093333-2.826667a28.266667 28.266667 0 0 0-7.333333 6.96c-2.506667 3.84-2.666667 11.733333-2.666667 148.586667 0 142.506667 0.053333 144.586667 2.986667 149.653333 5.76 9.946667 10.293333 11.013333 47.626666 11.013333 30.906667 0 33.573333-0.24 41.893334-3.386666 17.093333-6.506667 30.186667-19.813333 37.626666-38.266667 3.066667-7.573333 3.333333-10.506667 3.333334-37.573333 0.026667-32.186667-0.8-36.506667-10.026667-54.133334-4.426667-8.426667-17.173333-22.96-24.213333-27.653333l-3.466667-2.293333 6.48-6.773334c17.28-18.053333 24.506667-39.573333 24.586667-73.413333 0.08-35.706667-10.933333-56.72-36.293334-69.28l-11.146666-5.493333-32.346667-0.426667c-30.16-0.4-32.693333-0.213333-37.04 2.48m171.413333 0.16c-9.493333 5.813333-9.066667-1.36-9.066666 155.76 0 159.173333-0.64 149.013333 10.106666 156.213333a18.773333 18.773333 0 0 0 26.826667-7.013333c2.426667-4.56 2.666667-9.36 2.666667-54.533333v-49.52l10.64-0.026667c23.786667-0.053333 42-7.066667 56.986666-21.92 10.186667-10.08 15.546667-18.96 19.466667-32.213333 3.253333-10.96 3.44-83.253333 0.24-95.253334a74.4 74.4 0 0 0-52.853333-52.453333c-4.826667-1.28-16.426667-1.973333-33.733334-1.973333-23.92-0.026667-26.88 0.266667-31.28 2.933333m-104.88 40.453333c7.813333 5.84 9.946667 11.573333 10.506667 28.453334 0.88 25.68-3.146667 39.653333-14.773333 51.173333-7.36 7.253333-16.64 12.026667-25.44 13.013333l-6.48 0.72v-97.44l16.026666 0.506667c13.52 0.426667 16.693333 0.986667 20.16 3.573333m169.946667 1.333334c5.2 3.226667 8.266667 6.56 11.226667 12.266666l4.106666 7.866667v36.533333c0 39.413333-0.373333 41.733333-8.026666 50.826667-6.64 7.84-14.4 10.986667-29.013334 11.733333l-12.826666 0.64v-125.306666l13.68 0.506666c12.186667 0.453333 14.48 1.013333 20.853333 4.933334m-181.093333 140.266666c7.706667 2.64 16.48 9.173333 20.96 15.653334 6.56 9.44 8.266667 17.653333 8.266666 39.626666 0 23.866667-2.16 30.213333-12.373333 36.186667-5.706667 3.36-7.706667 3.653333-24.053333 3.653333h-17.84v-98.693333l10 0.933333c5.52 0.506667 12.266667 1.706667 15.04 2.64M160.613333 781.493333c-12 5.626667-16.133333 15.066667-14.773333 33.946667 2.453333 34.853333 20.453333 69.173333 48.666667 92.88 12.426667 10.426667 35.013333 21.866667 52.026666 26.346667l12.48 3.253333h506l12.453334-3.253333c36.586667-9.626667 68.773333-35.066667 85.653333-67.706667 12.746667-24.72 18.853333-57.04 13.466667-71.2-7.68-20.08-35.306667-22.64-47.253334-4.373333-1.306667 1.946667-2.986667 8.666667-3.76 14.933333-2.106667 17.12-5.2 27.946667-10.96 38.293333-9.866667 17.68-27.413333 31.466667-48.133333 37.813334-8.4 2.586667-20.16 2.72-254.48 2.72-234.32 0-246.08-0.133333-254.453333-2.72-20.746667-6.346667-38.293333-20.133333-48.16-37.813334-5.76-10.346667-8.853333-21.173333-10.96-38.293333-1.573333-12.586667-3.573333-16.613333-11.36-22.533333-6.96-5.306667-17.946667-6.266667-26.453334-2.293334
0xe633	M250.821333 86.586667c-6.373333 0.693333-18.133333 3.413333-26.106666 6.053333-51.493333 17.093333-86.906667 62.533333-91.36 117.28-0.933333 11.466667-0.666667 13.626667 2.32 19.813333 3.84 7.946667 8.853333 12.026667 17.546666 14.346667 7.093333 1.893333 16.053333 0.266667 21.866667-3.946667 5.68-4.133333 10.72-14.986667 10.746667-23.093333 0.106667-32.72 24.346667-64.613333 56.826666-74.853333l10.693334-3.36h246.56c236.96 0 246.88 0.106667 254.906666 2.853333 20.453333 6.96 34.48 17.68 45.76 34.986667 7.066667 10.826667 10.106667 20.24 11.893334 36.906666 1.626667 15.28 5.546667 22.933333 14.186666 27.786667a25.813333 25.813333 0 0 0 33.893334-7.173333c3.546667-4.64 4.32-7.333333 4.8-16.586667 1.386667-27.386667-10.933333-60.533333-31.76-85.466667-16.106667-19.253333-43.013333-35.84-69.68-42.88l-12.88-3.413333-244.293334-0.266667c-134.373333-0.133333-249.52 0.32-255.92 1.013334m133.013334 261.546666a25.2 25.2 0 0 0-12.693334 11.493334c-3.226667 5.28-3.226667 5.36-3.226666 140-0.026667 148.293333-0.506667 140.48 9.6 149.36 12.16 10.693333 31.146667 7.253333 39.626666-7.146667 3.013333-5.146667 3.12-8 3.866667-93.866667l0.746667-88.56 65.253333 94.506667c35.893333 52 67.093333 95.893333 69.36 97.546667 2.426667 1.76 7.44 3.28 12.24 3.68a26.213333 26.213333 0 0 0 24.106667-10.613334l3.546666-4.986666 0.4-136.56c0.426667-153.12 1.2-142.026667-10.72-151.573334-11.813333-9.44-31.466667-4.72-38.373333 9.2-2.72 5.466667-2.933333 11.173333-3.653333 93.68l-0.773334 87.84-64.96-94.266666c-37.733333-54.746667-66.933333-95.68-69.653333-97.6-5.893333-4.186667-18.293333-5.253333-24.693333-2.133334m381.653333-0.56c-11.92 2.133333-27.36 6.933333-38.8 12.053334-59.626667 26.773333-101.68 97.226667-97.146667 162.853333a181.6 181.6 0 0 0 51.44 113.733333c27.76 27.973333 57.2 40.933333 93.573334 41.146667 19.066667 0.106667 31.866667-2.293333 48.56-9.066667 28.826667-11.76 47.84-28.56 58.746666-51.973333 7.653333-16.506667 9.52-29.093333 9.52-64.64 0-36.88-1.36-43.306667-11.333333-53.28-9.546667-9.546667-16.986667-11.333333-46.986667-11.333333-28.053333 0.026667-33.813333 1.2-41.04 8.4a25.386667 25.386667 0 0 0 6.746667 41.28c5.786667 2.933333 9.173333 3.413333 23.253333 3.413333h16.48l-0.506666 23.146667c-0.453333 21.813333-0.72 23.653333-4.773334 31.866666-9.733333 19.84-42.533333 33.36-69.653333 28.693334-17.253333-2.96-28.8-9.386667-43.786667-24.373334-46.106667-46.08-50.026667-113.013333-9.493333-161.76 16.853333-20.266667 52.586667-38.72 74.826667-38.64 11.146667 0.026667 26.48 3.946667 37.84 9.653334 12.96 6.506667 19.52 7.866667 26.64 5.493333 19.866667-6.56 25.493333-30.24 10.48-44.32-6.266667-5.893333-28.4-15.813333-43.2-19.386667-15.013333-3.626667-39.68-5.04-51.386667-2.96m-605.466667 1.52c-4.906667 2.053333-11.84 8.64-14.56 13.866667-1.786667 3.44-2.133333 25.76-2.133333 138.826667l-0.026667 134.72 3.466667 6.72c9.36 18.186667 36.24 18 46.266667-0.346667 2.266667-4.16 2.72-10.106667 3.146666-42.4l0.506667-37.546667 15.413333-0.026666c37.866667-0.026667 61.546667-9.093333 85.413334-32.693334 10.293333-10.186667 13.573333-14.693333 19.413333-26.693333 9.333333-19.173333 12.026667-32.24 11.066667-53.626667-0.853333-18.906667-4.56-31.84-13.84-48.453333-13.546667-24.213333-40.24-43.92-69.146667-51.066667-9.306667-2.293333-80.026667-3.386667-84.986667-1.28m75.146667 53.84c16.08 4.186667 27.28 13.413333 35.813333 29.493334 3.146667 5.946667 3.6 8.906667 3.6 22.773333 0 14.533333-0.373333 16.64-4.266666 24.026667a59.653333 59.653333 0 0 1-26.106667 25.36c-8.133333 4-10.693333 4.453333-28.346667 4.986666l-19.413333 0.613334v-109.6h14.853333c8.506667 0 18.693333 0.986667 23.866667 2.346666m-81.333333 377.013334c-12.773333 2.16-21.013333 13.52-21.093334 29.04-0.106667 25.973333 11.226667 56.64 29.44 79.653333 17.36 21.946667 43.626667 38.853333 72.186667 46.426667l12.906667 3.413333h252.64c279.493333 0 255.706667 0.773333 282.826666-9.413333 22.426667-8.426667 50.213333-31.68 62.853334-52.586667 7.706667-12.746667 14.96-30.8 17.626666-43.786667 2.72-13.493333 3.093333-30.96 0.746667-37.12-5.6-14.8-23.92-20.56-38.4-12.08-8.346667 4.906667-13.093333 13.84-13.093333 24.64 0 26.8-19.866667 57.466667-44.8 69.12-19.626667 9.2-8.106667 8.826667-268.533334 8.826667-257.546667 0-248.853333 0.24-266.8-8.026667-17.253333-7.973333-33.973333-25.786667-40.48-43.173333a139.493333 139.493333 0 0 1-5.306666-24.346667c-1.653333-12.586667-2.826667-16.693333-6-20.853333-6.32-8.266667-15.573333-11.626667-26.72-9.733333
0xe630	M482.133333 86.346667c-43.866667 4.346667-71.013333 9.84-105.813333 21.413333-62.586667 20.826667-117.786667 55.146667-165.6 102.96-66.213333 66.186667-106.8 146.933333-121.44 241.546667-4.32 27.946667-4.24 91.893333 0.16 120.32 11.706667 75.866667 42.48 146.88 89.173333 205.653333 14.8 18.613333 48.533333 52.346667 67.146667 67.146667a431.493333 431.493333 0 0 0 162.986667 80.4c37.733333 9.573333 58.133333 11.92 103.253333 11.92 44.32 0 63.253333-2.106667 100.506667-11.2a433.6 433.6 0 0 0 164.773333-80.506667c57.013333-45.36 104-108.32 130.533333-174.933333 19.093333-47.973333 28.48-93.066667 30.293334-145.413334 7.52-219.733333-154.106667-408.933333-373.2-436.906666-15.253333-1.946667-71.093333-3.573333-82.773334-2.4m81.92 56.346666c68.186667 9.28 133.226667 38.24 188.293334 83.92 59.226667 49.12 103.493333 120.453333 122.053333 196.773334 7.52 30.88 9.973333 52.586667 9.973333 88.613333s-2.453333 57.733333-9.973333 88.613333a378.32 378.32 0 0 1-49.946667 115.066667c-12.186667 18.426667-28.88 40.373333-30.746666 40.373333-0.533333 0-39.146667-38.213333-85.786667-84.906666l-84.826667-84.906667 7.6-15.36c10.88-22 13.493333-33.386667 13.493334-58.88 0-24.72-2.56-36.4-12.506667-57.173333-13.413333-27.973333-33.12-47.92-60.8-61.546667-22.053333-10.88-33.44-13.466667-58.88-13.466667-25.493333 0-36.88 2.613333-58.88 13.493334l-15.36 7.6-84.906667-84.826667c-46.693333-46.64-84.906667-85.253333-84.906666-85.786667 0-1.76 22.453333-19.04 39.2-30.186666 19.413333-12.96 58.08-32.266667 79.413333-39.68a378.88 378.88 0 0 1 177.493333-17.733334m-247.973333 210.16l84.8 84.906667-7.6 15.36c-10.853333 22.026667-13.466667 33.413333-13.466667 58.88 0 24.72 2.56 36.4 12.506667 57.173333 13.413333 27.973333 33.12 47.92 60.8 61.546667 22.053333 10.88 33.44 13.466667 58.88 13.466667 25.466667 0 36.853333-2.613333 58.88-13.466667l15.36-7.6 84.906667 84.8c46.693333 46.613333 84.906667 85.226667 84.906666 85.786667 0 0.533333-5.173333 5.146667-11.52 10.213333-68.426667 54.853333-161.573333 85.36-247.626666 81.146667-138.693333-6.8-259.36-85.973333-320.24-210.08-17.76-36.186667-29.226667-74.88-35.146667-118.613334-2.933333-21.466667-2.4-74.026667 0.933333-96.426666 9.946667-66.613333 37.253333-130.106667 77.68-180.533334 5.04-6.32 9.626667-11.466667 10.16-11.466666 0.56 0 39.173333 38.213333 85.786667 84.906666
0xe624	M482.133333 86.346667c-43.866667 4.346667-71.013333 9.84-105.813333 21.413333-62.586667 20.826667-117.786667 55.146667-165.6 102.96-66.213333 66.186667-106.8 146.933333-121.44 241.546667-4.32 27.946667-4.24 91.893333 0.16 120.32 11.706667 75.866667 42.48 146.88 89.173333 205.653333 14.8 18.613333 48.533333 52.346667 67.146667 67.146667a431.493333 431.493333 0 0 0 162.986667 80.4c37.733333 9.573333 58.133333 11.92 103.253333 11.92 44.32 0 63.253333-2.106667 100.506667-11.2a433.6 433.6 0 0 0 164.773333-80.506667c57.013333-45.36 104-108.32 130.533333-174.933333 19.093333-47.973333 28.48-93.066667 30.293334-145.413334 7.52-219.733333-154.106667-408.933333-373.2-436.906666-15.253333-1.946667-71.093333-3.573333-82.773334-2.4m81.92 56.346666c68.186667 9.28 133.226667 38.24 188.293334 83.92 59.226667 49.12 103.493333 120.453333 122.053333 196.773334 7.52 30.88 9.973333 52.586667 9.973333 88.613333 0 60.933333-11.04 109.68-36.933333 162.986667a370.666667 370.666667 0 0 1-170.053333 171.386666c-55.413333 27.493333-121.28 41.6-180.48 38.693334-138.693333-6.8-259.36-85.973333-320.24-210.08-25.493333-52-37.173333-103.866667-37.066667-164.693334 0.106667-60.24 11.546667-109.44 37.893333-162.986666 37.013333-75.2 94.666667-132.853333 169.813334-169.786667 68.346667-33.6 140.453333-45.2 216.746666-34.826667m-145.093333 231.786667a36.693333 36.693333 0 0 0-11.093333 11.52l-4.24 7.386667v237.226666l4.533333 7.706667c5.893333 10.026667 15.2 15.333333 26.933333 15.333333 4.853333 0 11.28-1.253333 14.266667-2.773333 15.36-7.84 195.493333-112.48 198.96-115.6 5.466667-4.88 10.373333-15.946667 10.373333-23.28s-4.906667-18.4-10.373333-23.28c-3.44-3.093333-183.253333-107.546667-198.96-115.573333-8.266667-4.24-22.133333-3.626667-30.4 1.333333m101.813333 100.4c34.56 19.946667 62.853333 36.64 62.853334 37.12 0 0.986667-125.173333 73.386667-126.853334 73.386667-0.586667 0-1.093333-33.013333-1.093333-73.386667 0-40.373333 0.506667-73.386667 1.12-73.386667 0.613333 0 29.386667 16.32 63.973333 36.266667
0xe62f	M482.133333 86.346667c-43.866667 4.346667-71.013333 9.84-105.813333 21.413333-62.586667 20.826667-117.786667 55.146667-165.6 102.96-66.213333 66.186667-106.8 146.933333-121.44 241.546667-4.32 27.946667-4.24 91.893333 0.16 120.32 11.706667 75.866667 42.48 146.88 89.173333 205.653333 14.8 18.613333 48.533333 52.346667 67.146667 67.146667a431.493333 431.493333 0 0 0 162.986667 80.4c37.733333 9.573333 58.133333 11.92 103.253333 11.92 44.32 0 63.253333-2.106667 100.506667-11.2a433.6 433.6 0 0 0 164.773333-80.506667c57.013333-45.36 104-108.32 130.533333-174.933333 19.093333-47.973333 28.48-93.066667 30.293334-145.413334 7.52-219.733333-154.106667-408.933333-373.2-436.906666-15.253333-1.946667-71.093333-3.573333-82.773334-2.4m81.92 56.346666c68.186667 9.28 133.226667 38.24 188.293334 83.92 59.226667 49.12 103.493333 120.453333 122.053333 196.773334 7.52 30.88 9.973333 52.586667 9.973333 88.613333 0 60.933333-11.04 109.68-36.933333 162.986667a370.666667 370.666667 0 0 1-170.053333 171.386666c-55.413333 27.493333-121.28 41.6-180.48 38.693334-138.693333-6.8-259.36-85.973333-320.24-210.08-25.493333-52-37.173333-103.866667-37.066667-164.693334 0.106667-60.24 11.546667-109.44 37.893333-162.986666 37.013333-75.2 94.666667-132.853333 169.813334-169.786667 68.346667-33.6 140.453333-45.2 216.746666-34.826667m-77.653333 238.666667a135.6 135.6 0 0 0-103.6 98.213333c-4.106667 15.253333-4.106667 49.6 0 64.853334a134.186667 134.186667 0 0 0 70.32 86.293333c22.053333 10.88 33.44 13.466667 58.88 13.466667 25.44 0 36.826667-2.586667 58.88-13.466667a134.186667 134.186667 0 0 0 70.32-86.293333c4.08-15.173333 4.106667-49.546667 0.053333-64.853334-4.293333-16.106667-16.693333-40.106667-27.386666-53.04-16.16-19.52-43.28-36.72-68.586667-43.466666-14.186667-3.813333-44.986667-4.693333-58.88-1.706667
0xe71b	M481.266614 86.364026c-57.236915 5.140078-108.316444 19.034353-156.156653 42.432418-44.815059 21.952418-78.439739 46.019765-114.447059 81.92a419.692758 419.692758 0 0 0-113.18881 200.784314c-9.128993 37.399425-11.21715 56.192837-11.217151 100.499242 0 44.306405 2.088157 63.099817 11.217151 100.499242 18.873725 77.261804 56.594405 144.189908 113.215581 200.811085 66.124967 66.124967 147.000889 106.763712 241.583686 121.407581 27.949176 4.31017 91.878902 4.229856 120.309961-0.133856 104.220444-16.089516 195.858405-66.633621 263.348706-145.260758 142.904889-166.490353 135.730196-413.696-16.678484-573.091974-64.358065-67.329673-151.12366-111.930562-244.90332-125.958693-21.390222-3.185778-75.682301-5.461333-93.083608-3.908601m84.49004 53.46217c85.079007 12.50217 158.030641 50.22285 218.506875 112.947869 43.98515 45.644967 76.672837 104.247216 91.985987 164.937621 9.26285 36.810458 10.280157 46.153621 10.280157 94.288314 0 48.134693-1.017307 57.477856-10.280157 94.288314-12.850196 50.999216-40.504889 105.023582-74.450823 145.501699-35.846693 42.753673-77.583059 75.441359-126.172863 98.866196-54.265307 26.155503-103.283451 37.319111-163.62583 37.238798-60.58332-0.053542-111.341595-11.725804-164.69668-37.854536-40.558431-19.864261-67.436758-39.193098-100.874039-72.550066-55.764497-55.603869-91.022222-123.09417-105.291294-201.480366-5.059765-27.81532-5.407791-99.990588-0.615739-125.450039 7.736889-41.120627 17.347765-70.515451 34.320732-104.970039 54.613333-110.832941 158.914092-186.970353 281.687007-205.629909 29.127111-4.444026 79.644444-4.497569 109.226667-0.133856m-64.839948 159.128262a27.574379 27.574379 0 0 0-14.563556 19.168209c-1.311791 5.996758-1.713359 42.780444-1.338562 118.784 0.508654 106.496 0.64251 110.270745 3.935373 115.865934 5.675503 9.610876 11.672261 12.984052 23.050039 12.984053s17.374536-3.373176 23.050039-12.984053c3.319634-5.621961 3.399948-8.861281 3.399948-120.979242 0-113.135268-0.053542-115.303739-3.507033-121.16664-5.140078-8.780967-13.35885-13.680105-22.755555-13.626562-4.336941 0.053542-9.396706 0.910222-11.270693 1.954301m-3.426719 355.254379a50.704732 50.704732 0 0 0-35.525438 49.259085c0.133856 42.352105 51.213386 65.10766 83.124706 37.024627 33.517595-29.475137 14.349386-85.186092-30.224732-87.889987a56.674719 56.674719 0 0 0-17.374536 1.606275
0xe725	M791.34611212 387.68627976L431.41619721 747.61619565 232.52516929 548.85290307c-21.42920747-21.42920747-21.42920747-53.7651143 0-75.19432079 21.55694379-21.55694379 53.7651143-21.55694379 75.32205711 0l123.56897081 123.5689708L716.1527736 312.49294126c21.55694379-21.55694379 53.7651143-21.55694379 75.19333852 0C812.90305589 333.92214873 812.90305589 366.12933694 791.34611212 387.68627976zM512 81.39374283c-236.35996182 0-429.86249099 193.50252916-429.86249099 429.862491s193.50252916 429.86249099 429.86249099 429.86249096 429.86249099-193.50252916 429.86249099-429.86249096S748.35996182 81.39374283 512 81.39374283z
0xe63a	M512 78.04872633C272.33515301 78.04872633 78.04872633 272.33515301 78.04872633 512s194.28642668 433.95127367 433.95127367 433.95127367 433.95127367-194.28642668 433.95127367-433.95127367S751.66484699 78.04872633 512 78.04872633z m276.29135156 494.01453726H235.70864844V451.93673641h552.58355068v120.12652718z
0xe70d	M512 943.35726467c-238.23392712 0-431.35726467-193.12333754-431.35726467-431.35726467S273.76607288 80.64273533 512 80.64273533c238.23491379 0 431.35726467 193.12333754 431.35726467 431.35726467S750.23294141 943.35726467 512 943.35726467L512 943.35726467zM712.25706372 310.13476696l-0.00493046 0c-20.18839636-20.18741062-52.92071424-20.18741062-73.11009727 0L511.01794171 438.25886125 384.51779286 311.75279624c-20.11247471-20.11247471-52.71759785-20.11247471-72.83007257 0l-0.00493047 0c-20.10655854 20.11740422-20.10655854 52.72252832 0 72.83500305L438.18293866 511.08794811 310.12983649 639.14893885c-20.1933268 20.18741062-20.1933268 52.91184096 0 73.09925158l0.00493047 0c20.18149447 20.19234109 52.91677047 20.19234109 73.11009723 0l128.0481727-128.0432422 128.11916479 128.12409428c20.11641851 20.08979671 52.72252832 20.08979671 72.82908689 0l0-0.02169229c20.11247471-20.11247471 20.11247471-52.70083601 0-72.81331073L584.1231085 511.36895849l128.13395425-128.13001045C732.44546007 363.04660695 732.44546007 330.32217758 712.25706372 310.13476696L712.25706372 310.13476696z
0xe62a	M369.664 216.021333a42.88 42.88 0 0 0-22.741333 19.114667c-4.053333 6.869333-4.736 9.941333-4.736 20.864s0.682667 13.994667 4.736 20.864c2.602667 4.394667 7.253333 9.984 10.368 12.330667 12.8 9.770667 7.850667 9.472 163.882666 9.472h143.530667l-217.898667 218.026666-217.856 218.026667-2.901333 10.069333c-4.736 16.554667-0.725333 31.616 11.434667 43.093334 12.202667 11.434667 25.6 14.677333 41.728 10.069333l10.069333-2.901333 218.026667-217.856L725.333333 359.296v143.317333c0 93.482667 0.64 145.578667 1.792 149.717334 2.602667 9.386667 11.648 20.181333 20.864 24.96a42.112 42.112 0 0 0 49.877334-7.338667c13.653333-13.653333 12.8 0.938667 12.8-221.952 0-222.848 0.853333-208.341333-12.757334-221.909333-13.610667-13.610667 1.066667-12.757333-222.634666-12.629334-168.192 0.085333-199.978667 0.469333-205.610667 2.56
0xe62b	M222.93773382 328.86880362c-11.33810015 2.53742183-23.92885193 11.17750403-29.93515413 20.58844827-8.38312791 13.04042115-9.86061403 29.10005333-4.07914673 44.71001569 2.73013733 7.45166936 7.41954997 12.30167809 145.59662436 150.7035874 162.81254999 163.00526549 149.4188168 151.21749556 171.67746711 151.21749555 21.87321885 0 7.74074261 12.43015525 168.04798973-147.62013802 77.95345408-77.79285755 143.41251416-144.08701884 145.46814722-147.26682599 15.25665032-23.63977824 5.68510954-56.20871238-20.26725561-68.96006026L792.09109417 328.64396874l-283.29190956-0.19271551c-155.81055044-0.09635775-284.44820304 0.09635775-285.86145079 0.41755039
0xe62c	M256 512v341.333333h167.808c146.816 0 169.813333-0.341333 183.893333-2.773333a192.469333 192.469333 0 0 0 157.525334-157.525333c12.629333-73.6-20.821333-150.656-83.029334-191.36l-9.856-6.442667 6.912-7.978667c65.322667-75.477333 60.416-189.696-11.264-260.906666a187.605333 187.605333 0 0 0-73.984-45.525334C564.48 170.965333 559.402667 170.666667 400.64 170.666667H256v341.333333m299.52-253.44c50.432 10.496 87.125333 58.624 83.925333 110.08-2.432 38.186667-24.576 72.277333-57.6 88.576-24.277333 11.946667-25.514667 12.074667-139.392 12.074667L341.333333 469.333333V256l101.12 0.042667c81.877333 0 103.381333 0.469333 113.066667 2.517333m42.666667 298.666667c50.432 10.496 87.125333 58.624 83.925333 110.08-2.432 38.186667-24.576 72.277333-57.6 88.576-24.746667 12.16-23.253333 12.074667-160.725333 12.074666L341.333333 768v-213.333333l122.453334 0.042666c100.522667 0 124.586667 0.469333 134.4 2.517334
0xe62d	M491.76094963 329.80366444c-2.95522978 0.9636618-7.86990514 3.24432811-10.92150089 5.04316374-3.01947376 1.79883563-69.1587994 67.03874346-146.95843382 144.9989878-150.20276192 150.52398221-145.09535377 144.96686582-148.43604825 160.6103097-4.30435628 19.97992257 7.32383004 42.46536582 26.85404393 52.06986263l7.35595204 3.59767083 282.03170408 0.38546471c203.39689628 0.28909875 283.89478369 0 288.68097108-1.02790576 13.97309705-2.98735178 27.75346177-15.48283394 33.31057817-30.19473845 3.53342686-9.28327605 3.21220612-24.60549963-0.67456303-34.69182666-2.82674139-7.38807445-8.96205531-13.71612029-145.73779526-150.71671501-160.70667608-160.89940845-149.2712221-150.6845926-169.6044874-151.45552201a51.90925226 51.90925226 0 0 0-15.90042065 1.38124848
0xe62e	M772.650667 199.765333c-3.541333 0.853333-8.533333 2.858667-11.093334 4.437334-2.56 1.578667-59.733333 57.856-127.104 125.013333L512 451.413333 389.546667 329.130667c-82.432-82.346667-124.8-123.477333-129.621334-125.866667-15.744-7.850667-39.552-3.029333-50.688 10.197333-10.794667 12.8-13.397333 31.829333-6.272 45.952 2.730667 5.418667 39.509333 43.392 126.122667 130.133334L451.413333 512l-123.264 123.306667c-133.930667 134.016-130.432 130.005333-130.432 149.162666 0 23.381333 18.602667 41.813333 42.197334 41.813334 18.688 0 15.146667 3.114667 148.778666-130.432L512 572.629333l124.16 123.989334c124.117333 123.989333 124.16 124.032 134.229333 126.933333 16.128 4.608 29.525333 1.365333 41.728-10.069333 12.16-11.477333 16.170667-26.538667 11.434667-43.093334-2.901333-10.069333-2.944-10.112-126.890667-134.229333L572.629333 512l124.032-124.16c123.946667-124.117333 123.989333-124.16 126.890667-134.229333 4.608-16.128 1.365333-29.525333-10.069333-41.728a43.136 43.136 0 0 0-40.832-12.117334
0xe600	M928.426667 257.152c-15.914667 5.589333-11.008-0.170667-174.506667 204.330667a67432.832 67432.832 0 0 1-159.018667 198.570666c-1.536 1.664-27.861333-22.528-120.533333-110.762666-65.194667-62.08-122.368-115.456-127.061333-118.570667-30.506667-20.266667-72.789333-17.621333-101.034667 6.357333-4.864 4.138667-51.498667 54.997333-103.552 112.981334-82.176 91.52-95.104 106.624-97.621333 114.176A42.410667 42.410667 0 0 0 85.333333 720.170667c19.797333 0.042667 16.810667 2.816 121.173334-113.194667l94.677333-105.216 13.653333 13.397333c11.349333 11.093333 148.778667 141.909333 211.797334 201.557334 10.538667 10.026667 20.906667 18.133333 26.794666 20.992 29.952 14.677333 60.672 12.629333 88.490667-5.973334 9.344-6.229333 27.562667-28.330667 171.050667-207.658666 88.362667-110.378667 162.176-203.733333 164.053333-207.488 5.418667-10.709333 4.821333-28.373333-1.28-38.784a42.069333 42.069333 0 0 0-23.338667-19.2c-7.168-2.517333-18.816-3.242667-23.978666-1.450667
0xe601	M488.28256692 241.64841852A271.43787572 271.43787572 0 0 0 368.06595896 742.02289257a271.66418739 271.66418739 0 0 0 262.65699365 13.94078121 273.92730088 273.92730088 0 0 0 111.29993996-100.02963274 271.66418739 271.66418739 0 0 0 13.94078121-262.65699365 273.92730088 273.92730088 0 0 0-100.02963274-111.29993996 273.70098985 273.70098985 0 0 0-167.65147412-40.32868891
0xe602	M474.453333 86.997333c-76.970667 7.722667-145.621333 32.768-206.506666 75.392-151.125333 105.813333-217.685333 296.661333-164.608 471.850667a416.512 416.512 0 0 0 107.392 179.029333 417.792 417.792 0 0 0 142.208 94.592c143.445333 56.832 300.416 34.218667 423.594666-61.141333 18.645333-14.421333 55.765333-51.541333 70.186667-70.186667C906.88 698.837333 938.666667 607.317333 938.666667 512c0-194.901333-134.741333-367.488-322.986667-413.738667-41.984-10.282667-102.485333-15.146667-141.226667-11.264m69.12 85.418667A340.48 340.48 0 0 1 818.432 362.666667a339.84 339.84 0 0 1-60.458667 385.28A340.352 340.352 0 0 1 512 853.290667c-160.64 0-300.885333-113.834667-333.781333-270.976a341.12 341.12 0 0 1 184.490666-376.789334 337.877333 337.877333 0 0 1 180.864-33.109333
0xe603	M690.346667 87.850667c-3.754667 1.408-7.210667 2.56-7.68 2.56-0.469333 0.042667-133.162667 132.309333-294.912 294.016-172.672 172.586667-295.637333 296.789333-297.856 300.8-3.712 6.826667-3.712 7.04-3.712 115.2v108.373333l4.736 8.064c2.602667 4.394667 7.253333 9.984 10.368 12.330667 12.501333 9.557333 11.52 9.472 123.776 9.429333 100.053333-0.042667 103.722667-0.128 111.146666-3.456 6.016-2.730667 70.613333-66.346667 300.970667-296.533333C953.301333 322.816 938.666667 338.261333 938.624 320c-0.042667-17.066667 0.213333-16.725333-107.989333-125.141333-59.818667-59.904-103.765333-102.656-107.733334-104.704-8.789333-4.565333-23.722667-5.632-32.554666-2.304m79.786666 166.016c35.413333 35.413333 64.426667 65.194667 64.426667 66.133333 0 0.981333-14.976 16.682667-33.28 34.986667L768 388.266667l-66.133333-66.133334L635.733333 256l33.28-33.28c18.304-18.304 34.005333-33.28 34.944-33.28 0.981333 0 30.72 28.970667 66.176 64.426667m-128 128c35.413333 35.413333 64.426667 65.194667 64.426667 66.133333 0 0.938667-90.837333 92.544-201.813333 203.52L302.933333 853.333333H170.666667v-132.266666l201.813333-201.813334c110.976-110.976 202.581333-201.813333 203.52-201.813333 0.938667 0 30.677333 28.970667 66.133333 64.426667
0xe604	M474.453333 86.997333c-105.770667 10.581333-200.789333 56.448-271.317333 130.901334a426.026667 426.026667 0 0 0-69.290667 491.349333 402.432 402.432 0 0 0 76.842667 104.021333c42.325333 42.24 89.6 73.728 142.250667 94.592 143.445333 56.832 300.416 34.218667 423.594666-61.141333 18.645333-14.421333 55.765333-51.541333 70.186667-70.186667C906.922667 698.794667 938.666667 607.402667 938.666667 512c0-194.901333-134.741333-367.488-322.986667-413.738667-41.984-10.282667-102.485333-15.146667-141.226667-11.264m89.514667 87.893334c147.541333 22.826667 262.229333 138.026667 285.44 286.762666 3.968 25.514667 3.968 75.178667 0 100.693334a339.242667 339.242667 0 0 1-89.941333 184.106666 329.045333 329.045333 0 0 1-98.133334 71.936c-46.165333 22.357333-86.869333 32.554667-137.386666 34.432a338.858667 338.858667 0 0 1-259.413334-106.368 339.242667 339.242667 0 0 1-89.941333-184.106666c-3.968-25.514667-3.968-75.178667 0-100.693334A341.930667 341.930667 0 0 1 389.12 193.706667c20.565333-8.106667 55.850667-17.066667 76.8-19.456 8.917333-1.024 18.517333-2.218667 21.333333-2.602667 10.197333-1.450667 60.117333 0.682667 76.714667 3.242667
0xe605	M496.64 45.568c-6.570667 2.261333-20.821333 15.744-98.602667 93.312-64.682667 64.469333-91.989333 92.842667-94.592 98.176A42.24 42.24 0 0 0 311.381333 285.866667c11.904 11.946667 27.989333 15.530667 44.586667 9.984 7.424-2.432 14.592-8.96 60.885333-54.954667L469.333333 188.714667v646.570666l-52.48-52.181333c-46.293333-45.994667-53.461333-52.522667-60.885333-54.954667-16.597333-5.546667-32.682667-1.92-44.544 9.941334s-15.488 27.904-9.984 44.544c2.517333 7.594667 11.562667 17.237333 93.44 99.328 64.469333 64.682667 92.842667 91.989333 98.176 94.592 10.410667 5.034667 21.717333 5.802667 32.853333 2.218666 8.576-2.773333 14.592-8.448 100.053334-93.653333 64.682667-64.469333 91.989333-92.842667 94.592-98.176a42.24 42.24 0 0 0-7.936-48.810667c-11.904-11.946667-27.989333-15.530667-44.586667-9.984-7.424 2.432-14.592 8.96-60.885333 54.954667L554.666667 835.285333V188.714667l52.48 52.181333c46.293333 45.994667 53.461333 52.522667 60.885333 54.954667 16.597333 5.546667 32.682667 1.962667 44.586667-9.984a42.24 42.24 0 0 0 7.936-48.810667c-2.602667-5.333333-29.909333-33.706667-94.592-98.176-82.090667-81.877333-91.733333-90.922667-99.328-93.44a44.928 44.928 0 0 0-29.994667 0.128
0xe606	M240.64 301.568c-6.570667 2.261333-20.821333 15.744-98.602667 93.312-64.682667 64.469333-91.989333 92.842667-94.592 98.176a43.434667 43.434667 0 0 0-2.218666 32.853333c2.773333 8.576 8.448 14.592 93.653333 100.053334 64.469333 64.682667 92.842667 91.989333 98.176 94.592a42.24 42.24 0 0 0 48.810667-7.936c11.946667-11.904 15.530667-27.989333 9.984-44.586667-2.432-7.424-8.96-14.592-54.954667-60.885333L188.714667 554.666667h646.570666l-52.181333 52.48c-45.994667 46.293333-52.522667 53.461333-54.954667 60.885333-5.546667 16.597333-1.92 32.682667 9.941334 44.544s27.904 15.488 44.544 9.984c7.594667-2.517333 17.237333-11.562667 99.328-93.44 64.682667-64.469333 91.989333-92.842667 94.592-98.176 5.034667-10.410667 5.802667-21.717333 2.218666-32.853333-2.773333-8.576-8.448-14.592-93.653333-100.053334-64.469333-64.682667-92.842667-91.989333-98.176-94.592a42.24 42.24 0 0 0-48.810667 7.936c-11.946667 11.904-15.530667 27.989333-9.984 44.586667 2.432 7.424 8.96 14.592 54.954667 60.885333L835.285333 469.333333H188.714667l52.181333-52.48c45.994667-46.293333 52.522667-53.461333 54.954667-60.885333 5.546667-16.597333 1.92-32.682667-9.941334-44.544a42.88 42.88 0 0 0-45.269333-9.856
0xe607	M326.997333 88.021333a42.88 42.88 0 0 0-22.741333 19.114667L299.52 115.2l-0.512 70.314667-0.469333 70.357333-69.504 0.469333c-77.781333 0.554667-76.074667 0.298667-89.216 13.44C127.104 282.496 128 257.28 128 597.333333c0 342.314667-1.066667 314.752 12.757333 328.576 13.738667 13.738667-8.618667 12.757333 285.909334 12.757334s272.170667 0.981333 285.909333-12.757334c12.501333-12.458667 12.757333-14.464 12.757333-90.794666V768h67.114667c76.330667 0 78.336-0.256 90.794667-12.757333 13.824-13.824 12.757333 13.738667 12.757333-328.576s1.066667-314.752-12.757333-328.576c-13.738667-13.781333 8.746667-12.757333-286.634667-12.629334-223.744 0.085333-263.936 0.469333-269.610667 2.56M810.666667 426.666667v256h-85.333334V256H384V170.666667h426.666667v256m-170.666667 170.666666v256H213.333333V341.333333h426.666667v256
0xe608	M581.973333 88.149333c-6.656 2.304-41.386667 36.352-258.261333 252.928-191.701333 191.488-251.605333 252.288-255.018667 258.816a40.789333 40.789333 0 0 0 0 37.546667c3.328 6.4 34.816 38.826667 127.018667 130.773333 111.530667 111.232 123.349333 122.496 130.986667 125.013334 7.296 2.389333 19.285333 2.773333 90.453333 2.773333l82.048-0.042667 8.533333-4.053333c6.912-3.328 48.384-43.989333 216.96-212.906667 229.461333-229.845333 215.509333-214.570667 213.504-234.197333a54.4 54.4 0 0 0-4.309333-15.786667c-1.877333-3.626667-72.192-80.341333-156.245333-170.453333-117.802667-126.250667-154.666667-164.778667-160.810667-168.021333a46.72 46.72 0 0 0-34.858667-2.389334m140.8 236.842667a13977.770667 13977.770667 0 0 1 113.066667 121.813333c0.256 0.682667-55.637333 57.258667-124.16 125.781334l-124.586667 124.586666-124.586666-124.586666-124.586667-124.586667 129.28-129.365333 129.28-129.365334 6.826667 7.552c3.754667 4.181333 57.514667 61.866667 119.466666 128.170667M500.053333 784.213333l-26.410666 26.453334H359.253333l-96-96-96-96 55.04-55.04 55.04-55.04 124.586667 124.586666 124.544 124.586667-26.410667 26.453333
0xe609	M463.00831413 183.93010333c-70.52449743 6.25097625-141.51587251 28.55736351-200.29060992 62.92476227-90.83368456 53.12032755-145.74371043 124.63045592-165.14508045 215.12695076-4.90221737 22.95482927-5.39503324 73.84451746-0.9078179 96.90309722 11.43850771 58.8266123 40.77400117 113.11413437 85.41271388 158.14191245 55.55846712 56.02534556 144.0837008 100.81968363 231.96049247 117.3679105 54.31345952 10.21943831 133.26769612 10.21943831 187.58115565 0 80.92549852-15.22540618 160.65786509-53.43157905 219.66604172-105.25502335 14.99196773-13.15039375 40.22931043-42.82307616 53.74283057-63.18413969 21.13919272-31.79957125 34.75646413-64.45508474 43.05651538-103.12813529 4.90221737-22.95482927 5.39503324-73.84451746 0.90781867-96.90309723-21.65794601-111.24662295-103.77657728-200.21279608-231.05267458-250.27248023a456.16562364 456.16562364 0 0 0-104.32126725-28.03861022c-17.06698016-2.61970393-31.79957125-3.47564618-67.48979148-3.86471078-25.10765476-0.25937665-49.02217678-0.18156358-53.12032676 0.18156359m47.23247844 51.87531916c-4.25377612 3.89064898-364.45005864 282.40924043-365.28006424 282.40924043-0.49281587 0-0.44094023-6.8994175 0.15562615-15.35509412 3.08658159-44.61277528 14.99196773-79.44705248 39.86618329-116.79728233 13.61727142-20.49075147 38.93242718-48.11435889 58.69692435-64.04008194 28.58330094-23.11045463 70.62824793-46.73966334 107.1744104-60.27912169 20.67231505-7.65161002 61.05725164-17.97479805 83.93426705-21.45044501 31.48831896-4.79846686 78.85048611-7.6256718 75.452653-4.48721534m112.95850823 13.53945912c25.28921834 6.40660162 54.002208 15.97759869 53.87252005 17.94886061-0.05187564 0.83000482-263.29318529 205.21876474-472.19509797 366.654759l-15.51072027 11.98319922-8.66317841-13.51352091a242.15399257 242.15399257 0 0 1-23.21420591-47.1806028l-2.98283108-8.66317841 216.08664427-167.66103386c208.59066041-161.85099784 216.29414529-167.63509567 221.89668031-166.77915264 3.19033209 0.49281587 17.01510452 3.73502283 30.71018901 7.21066979m132.25612772 60.20130783c7.91098588 5.65440988 19.37543181 14.70665287 25.44484449 20.07574946 10.68631597 9.44130835 10.97163005 9.88224858 8.01473717 12.70945275-1.66001041 1.60813477-115.42258601 90.00367973-252.78843368 196.39996095l-249.75372616 193.46900474-5.8878491-3.32002081c-9.93412344-5.60253424-34.08208468-23.36983129-45.72809418-33.69302009-10.68631597-9.44130835-10.97163005-9.88224858-8.01473717-12.70945353 1.66001041-1.6340722 115.42258601-90.02961717 252.76249547-196.42589762l249.72778951-193.46900473 5.91378575 3.34595747c3.24220774 1.81563655 12.39820123 7.96286153 20.3091879 13.61727141m79.47298992 82.79301072a241.73898978 241.73898978 0 0 1 23.24014335 47.20654101l2.95689287 8.66317841-216.5275845 167.81665924-216.5275845 167.81665923-12.81320404-2.5937665c-25.93765958-5.23940709-76.85328598-20.98356657-76.6717224-23.73295843 0.05187564-0.77812994 485.63080504-378.04139262 487.39456672-378.66389643 0.12968794-0.02593744 4.17596306 6.01753704 8.9484925 13.48758347m35.53459407 129.61048637c-2.93095544 44.35339863-14.86227903 79.3692394-39.78837021 116.79728233-13.61727142 20.49075147-38.93242718 48.11435889-58.69692436 64.04008195-64.89602497 52.4459481-151.29436981 83.18207531-244.22900498 86.91709814l-24.07014893 0.98563096 4.15002562-3.37189568c19.7904346-16.00353612 361.36347704-280.51579159 362.34910878-280.61954208 0.72625432-0.05187564 0.85594302 6.79566698 0.28531408 15.25134438
0xe60b	M384 213.333333v42.666667h256v640h85.333333V256h256V170.666667H384v42.666666m-341.333333 256v42.666667h209.92v384h85.333333v-384H554.666667v-85.333333H42.666667v42.666666
0xe60c	M191.616 130.645333a87.808 87.808 0 0 0-61.013333 61.44C128.298667 200.917333 128 239.232 128 512c0 337.92-0.554667 318.293333 9.6 338.304 6.101333 12.032 22.570667 28.8 34.56 35.2 20.992 11.178667-1.322667 10.496 339.84 10.496 341.162667 0 318.848 0.682667 339.84-10.496 11.989333-6.4 28.458667-23.168 34.56-35.2 10.154667-20.010667 9.6-0.384 9.6-338.304 0-341.162667 0.682667-318.848-10.496-339.84-6.4-11.989333-23.168-28.458667-35.2-34.56-20.010667-10.154667-0.213333-9.6-339.072-9.472-261.76 0.085333-312.106667 0.469333-319.616 2.517333M810.666667 512v298.666667H213.333333V213.333333h597.333334v298.666667
0xe60d	M260.506667 86.746667a154.586667 154.586667 0 0 0-24.586667 6.24c-52.346667 17.92-89.066667 67.226667-89.706667 120.506666-0.133333 12.24 0.186667 13.786667 3.973334 19.546667 9.893333 14.96 31.76 15.52 42.773333 1.066667 3.226667-4.24 4.293333-7.653333 5.306667-17.386667 1.84-17.04 3.706667-23.84 9.866666-35.573333 9.84-18.8 27.706667-33.2 49.413334-39.84 8.373333-2.586667 20.133333-2.72 254.453333-2.72 234.32 0 246.08 0.133333 254.48 2.72 23.12 7.066667 40.533333 21.68 50.346667 42.266666 6.426667 13.413333 6.96 15.413333 8.88 33.146667 1.04 9.706667 2.106667 13.146667 5.333333 17.386667 11.013333 14.453333 32.88 13.893333 42.773333-1.066667 3.786667-5.76 4.106667-7.306667 3.973334-19.546667-0.4-33.226667-14.693333-65.306667-40.266667-90.293333a136.213333 136.213333 0 0 0-76.16-36.586667c-15.493333-1.92-485.866667-1.786667-500.853333 0.133334m-54.533334 250.986666a25.973333 25.973333 0 0 0-17.253333 13.466667c-2.293333 4.826667-2.48 18.08-2.373333 169.573333 0.08 181.173333-0.613333 168.213333 9.493333 177.066667 12.08 10.613333 32.64 6.48 39.84-8 2.613333-5.28 2.826667-10.24 3.2-76.4l0.426667-70.773333h39.306666c38.293333 0 39.493333-0.08 45.786667-3.413334 15.866667-8.346667 18.133333-30.906667 4.266667-42.56-7.2-6.053333-13.013333-6.8-52.426667-6.826666H239.2v-99.733334h47.306667c28 0 49.52-0.64 52.746666-1.52 3.013333-0.853333 7.546667-3.28 10.106667-5.44 13.066667-10.986667 11.2-33.44-3.52-42.053333l-6.266667-3.706667-64.08-0.4c-35.253333-0.24-66.533333 0.106667-69.52 0.72m215.466667-0.906666l-5.04 1.12c-5.68 1.253333-12.933333 7.92-16.053333 14.72-2.56 5.626667-2.693333 13.866667-2.693334 165.786666-0.026667 112.533333 0.453333 161.626667 1.6 165.733334 3.333333 12.106667 13.013333 19.706667 25.173334 19.786666 10.373333 0.053333 20.8-7.04 24.426666-16.56 0.96-2.613333 1.546667-21.626667 1.546667-51.546666v-47.44l29.706667-0.666667c34.506667-0.8 41.413333-2.213333 63.44-12.826667 33.36-16.133333 57.386667-45.626667 66.933333-82.133333 4.453333-17.04 4.426667-43.92-0.08-60.853333a127.466667 127.466667 0 0 0-83.733333-89.013334c-13.253333-4.4-15.253333-4.64-41.066667-5.12l-45.093333-0.853333a411.733333 411.733333 0 0 0-19.066667-0.133333m304.693333 2.773333c-5.253333 1.12-15.813333 5.146667-23.466666 8.906667-11.573333 5.706667-16.053333 8.986667-26.506667 19.466666-6.906667 6.96-14.693333 16.373333-17.306667 20.986667-34.293333 60.72-2.4 137.146667 64.48 154.48a178.666667 178.666667 0 0 0 24.133334 3.573333c18.746667 1.493333 29.946667 6.106667 39.386666 16.16 8.08 8.666667 11.84 15.946667 14.08 27.253334 4.346667 22.133333-7.893333 45.546667-29.333333 56.08-7.04 3.466667-9.813333 3.973333-22 3.973333-12.293333 0-14.933333-0.506667-22.266667-4.106667-10.586667-5.2-22.026667-17.52-25.84-27.813333a86.08 86.08 0 0 1-3.866666-17.28c-1.973333-18.906667-11.653333-28.346667-28.16-27.44-16.693333 0.88-24.746667 10.826667-24.293334 29.946667 0.986667 43.44 30.373333 81.386667 74.346667 96.053333 14.826667 4.96 42.4 4.96 57.2 0 18.533333-6.186667 29.84-13.12 43.333333-26.586667 21.04-21.04 30.746667-44.4 30.746667-74.106666 0-29.333333-9.706667-53.013333-30.106667-73.333334-19.68-19.68-39.493333-28.72-68.906666-31.466666-13.04-1.226667-17.84-2.373333-25.2-6-15.013333-7.36-26.133333-22.586667-28.16-38.533334-1.28-10.133333 0.56-23.146667 4.346666-30.586666 4.693333-9.173333 15.44-19.786667 24.64-24.32 7.253333-3.546667 9.946667-4.026667 22.186667-4.026667 12.266667 0 14.933333 0.48 22.24 4.053333 17.386667 8.533333 26.72 22.266667 29.973333 44.053334 1.12 7.573333 3.2 14.986667 4.986667 17.866666 7.013333 11.36 26.266667 14.48 37.306667 6.053334 8.24-6.293333 10.373333-11.546667 10.186666-25.12-0.666667-45.173333-33.813333-85.946667-79.333333-97.6-13.253333-3.386667-34.533333-3.653333-48.826667-0.586667m-218.426666 52.906667c22.506667 6.666667 40.426667 22.933333 48.8 44.266666 15.733333 40.186667-10.453333 88.106667-53.013334 96.933334-4.266667 0.906667-17.973333 1.626667-30.426666 1.626666h-22.666667V390.133333h24.666667c18.4 0 26.693333 0.586667 32.64 2.373334M160.746667 781.226667c-7.013333 3.706667-10.773333 7.813333-13.386667 14.693333-5.146667 13.466667 0.666667 45.6 12.48 69.093333 17.36 34.506667 47.76 58.88 86.8 69.546667l12.373333 3.36h506l12.346667-3.36c47.92-13.093333 82.666667-46.933333 96.213333-93.68 4.48-15.466667 6.24-35.84 3.733334-43.386667a27.013333 27.013333 0 0 0-34.853334-17.146666c-5.733333 2.16-13.306667 9.84-15.066666 15.226666-0.8 2.453333-2.08 10.16-2.853334 17.066667-3.706667 33.173333-23.28 57.386667-55.866666 69.066667l-9.52 3.44h-246.426667c-234.533333 0-246.8-0.133333-255.173333-2.693334a83.786667 83.786667 0 0 1-45.44-33.653333c-7.333333-11.04-10.986667-21.52-12.64-36.16a126.613333 126.613333 0 0 0-2.853334-17.066667c-1.76-5.386667-9.333333-13.066667-15.066666-15.226666-5.92-2.213333-15.706667-1.813333-20.8 0.88
0xe60e	M195.413333 87.866667a136 136 0 0 0-107.706666 108.346666c-1.973333 10.373333-2.4 25.866667-2 71.386667 0.453333 55.653333 0.64 58.32 4 62.826667 6.506667 8.72 12.213333 11.76 22.08 11.76 10.266667 0 16.186667-3.333333 22.613333-12.773334 3.786667-5.546667 3.84-6.533333 3.84-57.866666 0.026667-28.746667 0.826667-57.226667 1.786667-63.333334a82 82 0 0 1 64.56-67.52c16.853333-3.573333 597.973333-3.573333 614.826666 0a82 82 0 0 1 64.56 67.52c0.96 6.106667 1.76 34.4 1.786667 62.906667 0 50.106667 0.133333 52.053333 3.733333 58.453333 4.906667 8.746667 15.866667 14.266667 25.68 12.96 7.68-1.04 13.733333-4.88 19.12-12.106666 3.413333-4.56 3.52-6.746667 3.52-68.16 0-70.533333-0.373333-73.573333-11.893333-98-14.533333-30.72-35.386667-51.626667-65.92-66.026667-27.76-13.12 3.12-12-342.88-12.32-251.146667-0.266667-312.026667 0.106667-321.706667 1.946667m148.186667 330.16c-7.706667 3.493333-11.68 8.346667-14.266667 17.386666-3.92 13.626667-5.12 12.133333 73.2 90.666667l72.746667 72.986667-72.106667 72.106666c-75.466667 75.493333-76.933333 77.253333-74.48 89.146667 2.346667 11.386667 9.706667 18.933333 20.826667 21.44 13.093333 2.96 13.6 2.56 90.373333-74.026667l72.106667-71.946666 72.106667 71.946666c76.773333 76.586667 77.28 76.986667 90.373333 74.026667 11.12-2.506667 18.48-10.053333 20.826667-21.44 2.453333-11.893333 0.986667-13.653333-74.48-89.146667l-72.106667-72.106666 72.8-72.986667c67.36-67.546667 72.853333-73.493333 73.893333-80a30.666667 30.666667 0 0 0-7.04-23.12c-4.533333-5.013333-16.693333-8.8-23.973333-7.466667-5.706667 1.04-15.2 9.866667-79.44 74l-72.986667 72.826667-72.08-72.026667c-39.653333-39.6-74.266667-72.8-76.906666-73.786666-6.8-2.533333-11.226667-2.186667-19.386667 1.52m-239.946667 7.653333c-8.586667 3.093333-11.466667 5.706667-15.146666 13.786667-2.746667 6.026667-3.093333 11.973333-3.146667 51.253333-0.026667 42.746667 0.133333 44.746667 3.813333 52.053333 7.52 14.933333 25.333333 19.093333 38.533334 9.04 10.266667-7.866667 10.746667-10.746667 10.186666-63.706666-0.48-45.253333-0.666667-47.786667-4.106666-52.346667-7.226667-9.733333-19.626667-13.866667-30.133334-10.08m800.346667 0.026667c-8.24 2.96-12.96 7.146667-15.92 14.133333-3.333333 7.893333-3.333333 93.733333 0 101.733333 8.48 20.293333 36.746667 21.013333 46.746667 1.2 3.68-7.306667 3.84-9.36 3.84-52.106666 0-42.773333-0.16-44.8-3.84-52.08-6.053333-11.92-18.746667-17.226667-30.826667-12.88m-802.533333 184.266666c-6.853333 2.986667-14.026667 11.706667-15.306667 18.56-0.56 3.013333-0.773333 28.666667-0.48 56.986667 0.48 49.173333 0.666667 51.733333 4.08 56.32 12.426667 16.773333 34.853333 16.533333 44.613333-0.48 3.706667-6.48 3.813333-7.92 3.84-60.16 0.026667-51.893333-0.08-53.733333-3.706666-60.16a26.533333 26.533333 0 0 0-33.04-11.066667m798.666666 0.96a27.12 27.12 0 0 0-10.666666 10.133334c-3.6 6.4-3.706667 8.32-3.68 60.133333 0.026667 52.24 0.133333 53.68 3.84 60.16 9.76 17.013333 32.186667 17.253333 44.613333 0.48 3.466667-4.64 3.573333-6.666667 3.573333-60.88 0-53.973333-0.133333-56.24-3.52-60.773333-8.933333-11.973333-21.92-15.493333-34.16-9.253334M106.293333 805.626667a23.466667 23.466667 0 0 0-17.653333 14.133333c-2.906667 6.4-3.226667 11.653333-3.28 52.08-0.026667 50.293333 0.453333 52.88 11.6 61.386667 4.773333 3.626667 7.893333 4.586667 14.986667 4.586666 9.706667 0 15.44-3.093333 21.92-11.76 3.333333-4.453333 3.546667-7.28 3.973333-52.8 0.426667-43.253333 0.16-48.666667-2.56-53.92a26.506667 26.506667 0 0 0-28.986667-13.706666m800.16 0.053333a25.813333 25.813333 0 0 0-17.733333 13.653333c-2.72 5.253333-2.986667 10.666667-2.56 53.92 0.426667 45.52 0.64 48.346667 3.973333 52.8 6.48 8.666667 12.213333 11.76 21.92 11.76a25.573333 25.573333 0 0 0 23.813334-15.093333c4.133333-8.693333 4.16-91.52 0.053333-101.813333a25.893333 25.893333 0 0 0-29.466667-15.226667
0xe60f	M200.661333 130.005333c-22.954667 2.304-47.274667 18.432-59.904 39.808-11.989333 20.224-11.818667 18.517333-11.861333 121.6L128.853333 384H384v256H128.853333l0.512 90.026667c0.256 50.218667 1.237333 93.738667 2.176 98.474666 5.930667 29.653333 34.261333 58.026667 63.957334 63.957334 4.736 0.938667 48.042667 1.92 98.474666 2.176L384 895.146667V640h256v255.146667l93.44-0.469334c89.088-0.426667 93.952-0.64 104.149333-3.968a86.4 86.4 0 0 0 55.04-57.898666c1.578667-5.589333 2.176-32.469333 2.304-100.224L895.146667 640H640V384h255.146667l-0.512-92.586667c-0.554667-101.333333-0.682667-102.4-10.922667-120.405333a89.685333 89.685333 0 0 0-30.72-30.72c-18.005333-10.24-19.072-10.368-120.405333-10.922667L640 128.853333V384H384V128.853333H298.24c-47.146667 0-91.093333 0.512-97.578667 1.152
0xe610	M384 213.333333v42.666667h129.962667l-0.981334 4.693333c-0.512 2.56-20.565333 116.053333-44.501333 252.16-23.936 136.106667-43.946667 249.173333-44.416 251.306667l-0.896 3.84H298.666667v85.333333h341.333333v-85.333333h-129.962667l0.981334-4.693333c0.512-2.602667 20.565333-116.053333 44.501333-252.16 23.936-136.106667 43.946667-249.173333 44.416-251.306667l0.896-3.84H725.333333V170.666667H384v42.666666
0xe611	M198.101333 173.610667C183.082667 178.901333 170.666667 196.864 170.666667 213.333333c0 10.325333 5.077333 22.229333 12.757333 29.909334 13.269333 13.269333 7.04 12.757333 154.794667 12.757333H469.333333v301.781333c0 338.816-1.066667 311.637333 12.757334 325.461334a41.984 41.984 0 0 0 59.818666 0c13.824-13.824 12.757333 13.354667 12.757334-325.461334V256h131.114666c147.754667 0 141.525333 0.512 154.794667-12.757333a41.984 41.984 0 0 0 0-59.818667c-13.824-13.824 13.866667-12.757333-329.301333-12.629333-272.256 0.128-306.432 0.426667-313.173334 2.816
0xe612	M474.453333 86.997333c-76.970667 7.722667-145.621333 32.768-206.506666 75.392-151.125333 105.813333-217.685333 296.661333-164.608 471.850667a416.512 416.512 0 0 0 107.392 179.029333 417.792 417.792 0 0 0 142.208 94.592c143.445333 56.832 300.416 34.218667 423.594666-61.141333 18.645333-14.421333 55.765333-51.541333 70.186667-70.186667C906.88 698.837333 938.666667 607.317333 938.666667 512c0-194.901333-134.741333-367.488-322.986667-413.738667-41.984-10.282667-102.485333-15.146667-141.226667-11.264m69.12 85.418667A340.48 340.48 0 0 1 818.432 362.666667c45.866667 93.824 45.994667 206.549333 0.341333 298.666666-6.570667 13.312-25.472 45.226667-26.752 45.226667-1.792 0-23.637333-28.330667-33.450666-43.392-11.946667-18.346667-22.058667-39.893333-31.701334-67.541333-6.186667-17.792-8.576-22.485333-14.421333-28.330667-6.570667-6.570667-19.328-12.629333-26.666667-12.629333-2.986667 0-3.114667-4.394667-3.114666-100.266667l-0.042667-100.266667-3.968-8.533333a46.762667 46.762667 0 0 0-22.698667-22.186667c-12.586667-5.248-20.181333-3.754667-157.44 30.634667-145.834667 36.565333-140.885333 34.901333-151.210666 51.370667l-5.12 8.192-0.512 70.272-0.469334 70.272-9.216 2.048c-10.026667 2.261333-20.650667 9.045333-25.301333 16.128-1.664 2.474667-6.4 14.165333-10.581333 25.941333-9.856 27.818667-18.816 46.72-30.848 65.152-9.429333 14.464-31.36 42.88-33.194667 43.050667-1.28 0.128-18.901333-29.141333-25.301333-41.984a342.656 342.656 0 0 1-3.114667-298.069334 339.84 339.84 0 0 1 159.061333-160.896 337.877333 337.877333 0 0 1 180.864-33.109333M597.333333 486.4V554.666667h-170.666666v-94.762667l82.346666-20.736a3612.330667 3612.330667 0 0 1 85.333334-20.864c2.816-0.170667 2.986667 4.138667 2.986666 68.096m63.232 174.08c14.549333 33.493333 32.384 61.610667 59.605334 93.866667l13.696 16.213333-7.253334 6.528c-12.416 11.136-42.154667 29.994667-65.28 41.386667a337.621333 337.621333 0 0 1-298.837333-0.042667c-22.954667-11.264-52.181333-29.824-65.152-41.386667l-7.253333-6.485333 9.514666-11.093333c14.165333-16.426667 31.829333-40.234667 41.984-56.490667 8.149333-13.098667 24.448-46.208 28.586667-58.112l1.706667-4.864 140.074666 0.426667 140.074667 0.426666 8.533333 19.626667
0xe613	M191.616 130.645333a87.808 87.808 0 0 0-61.013333 61.44C128.298667 200.917333 128 239.232 128 512c0 337.92-0.554667 318.293333 9.6 338.304 6.101333 12.032 22.570667 28.8 34.56 35.2 20.992 11.178667-1.322667 10.496 339.84 10.496 341.162667 0 318.848 0.682667 339.84-10.496 11.989333-6.4 28.458667-23.168 34.56-35.2 10.154667-20.010667 9.6-0.384 9.6-338.304 0-341.162667 0.682667-318.848-10.496-339.84-6.4-11.989333-23.168-28.458667-35.2-34.56-20.010667-10.154667-0.213333-9.6-339.072-9.472-261.76 0.085333-312.106667 0.469333-319.616 2.517333M810.666667 512v298.666667H213.333333V213.333333h597.333334v298.666667
0xe614	M490.666667 91.050667c-16.896 5.589333-22.4 10.24-81.621334 69.162666-33.706667 33.493333-60.928 61.952-62.890666 65.706667A42.24 42.24 0 0 0 384 287.445333c16.426667 0 22.272-3.882667 55.893333-37.12l29.44-29.098666V469.333333H221.226667l29.098666-29.44c33.237333-33.621333 37.12-39.466667 37.12-55.893333 0-16.810667-8.106667-29.824-23.722666-38.101333-10.538667-5.546667-28.330667-5.162667-38.442667 0.853333-4.224 2.517333-34.218667 31.317333-66.688 64-52.266667 52.650667-59.52 60.586667-63.488 69.674667a75.904 75.904 0 0 0 0 63.146666c3.968 9.088 11.264 17.066667 64.341333 70.528 34.090667 34.346667 62.72 61.781333 66.474667 63.744A42.24 42.24 0 0 0 287.445333 640c0-16.426667-3.882667-22.272-37.12-55.893333L221.226667 554.666667H469.333333V802.773333l-29.44-29.098666c-33.578667-33.194667-39.338667-36.992-55.893333-36.992a42.154667 42.154667 0 0 0-37.845333 61.397333c1.962667 3.754667 29.397333 32.384 63.744 66.474667 53.461333 53.077333 61.44 60.373333 70.528 64.341333 21.077333 9.173333 42.069333 9.173333 63.146666 0 9.088-3.968 17.066667-11.264 70.528-64.341333 34.346667-34.090667 61.781333-62.72 63.744-66.474667A42.154667 42.154667 0 0 0 640 736.682667c-16.554667 0-22.314667 3.797333-55.893333 36.992l-29.44 29.098666V554.666667h248.192l-29.184 29.44c-33.237333 33.536-37.12 39.338667-37.162667 55.893333a41.685333 41.685333 0 0 0 45.952 42.197333c4.949333-0.512 11.989333-2.474667 15.616-4.352 3.754667-1.962667 32.384-29.397333 66.474667-63.744 53.077333-53.461333 60.373333-61.44 64.341333-70.528a75.904 75.904 0 0 0 0-63.146666c-3.968-9.088-11.221333-17.024-63.488-69.674667-32.469333-32.682667-62.122667-61.312-65.962667-63.573333-19.84-11.776-46.506667-4.138667-57.941333 16.597333a33.322667 33.322667 0 0 0-4.992 20.224c0.042667 16.554667 3.925333 22.357333 37.162667 55.893333l29.184 29.44H554.666667V221.226667l29.44 29.098666c33.621333 33.237333 39.466667 37.12 55.893333 37.12a42.24 42.24 0 0 0 37.845333-61.525333c-1.962667-3.754667-29.312-32.341333-62.890666-65.792-54.613333-54.4-60.416-59.690667-71.381334-64.810667-10.666667-5.034667-13.781333-5.674667-29.013333-6.058666-10.752-0.298667-19.584 0.384-23.893333 1.792
0xe615	M132.34056552 225.72117568c-18.04267192 7.07970182-32.28132552 20.57868484-38.91194175 36.98351502l-3.88326897 9.64213092-0.44908558 236.69449744c-0.44908559 232.36214289-0.39625182 236.9058318 2.90584786 247.68388446 5.86452877 19.0465106 20.57868484 34.63242025 40.17994785 42.55745949l9.77421462 3.93610272h738.82496695l9.77421463-3.93610272c19.46917931-7.87220548 34.23616844-23.43169824 40.12711412-42.31970827 3.27568279-10.48746833 3.35493344-16.11424588 3.35493274-244.54028603s-0.07925063-234.05281771-3.35493274-244.54028604a66.83449513 66.83449513 0 0 0-39.75727917-41.89703955l-9.43079655-3.51343402-370.60123897 0.07925062c-355.22666366 0.07925063-370.94465771 0.21133434-378.55269504 3.17001597m746.11600243 23.82795007c8.79679352 2.45676227 16.66899898 8.2420404 22.55994463 16.61616521l5.12485821 7.31745237 0.50191934 235.29440761c0.31700187 155.93834991-0.07925063 237.27566673-1.21517234 241.18535261-2.56242911 8.82321039-11.49130632 18.51817439-21.13343726 23.03544642l-8.58545916 3.98893648H147.028304l-8.58545846-3.98893648c-9.64213092-4.51727202-18.57100813-14.21223669-21.13343726-23.03544642-1.1359224-3.90968584-1.53217423-85.24700269-1.21517303-241.18535261l0.50191934-235.29440761 5.07202512-7.15895177a55.21110509 55.21110509 0 0 1 9.4043797-10.38180082c11.25355509-8.34770793-7.42311988-7.95145611 379.4508662-8.03070606 237.38133426-0.02641688 363.91778963 0.52833623 367.93314234 1.63784107M185.06849147 288.27615003c-11.62339072 3.56626778-20.52585107 10.98938766-26.44321362 22.11085837-3.01151468 5.67961131-3.14359907 13.92165171-3.14359839 202.0356603v196.11829776l3.64551773 6.76269996c4.27952081 7.92503921 10.88372015 14.42357106 19.17859432 18.83517626 5.70602819 3.03793157 17.11808389 3.14359907 333.06297152 3.1435984h327.14560896l6.76269996-3.64551776c7.92503921-4.27952081 14.42357106-10.88372015 18.83517557-19.17859432 3.01151468-5.67961131 3.14359907-13.92165171 3.14359909-202.0356603 0-188.11400859-0.13208371-196.356049-3.14359908-202.0356603a46.25581099 46.25581099 0 0 0-18.83517558-19.17859433l-6.76269996-3.64551773-324.60959672-0.29058499c-178.52471142-0.15850058-326.51160591 0.29058498-328.83628381 1.00383868m652.60054315 28.87355832c3.32851657 3.32851657 3.38134963 5.62677755 3.38134963 195.27296035s-0.05283376 191.94444381-3.38134963 195.27296036c-3.35493344 3.35493344-5.62677755 3.38134963-326.30027158 3.38135032-320.67349403 0-322.94533814-0.02641688-326.30027156-3.38135032-3.32851657-3.32851657-3.38134963-5.62677755-3.38135032-195.27296036s0.05283376-191.94444381 3.38135032-195.27296035c3.35493344-3.35493344 5.62677755-3.38134963 326.30027156-3.38134965 320.67349403 0 322.94533814 0.02641688 326.30027158 3.38134965
0xe616	M482.133333 86.467511c-36.941772 3.078481-84.064135 11.638819-91.814346 16.715611-5.319831 3.483544-9.721519 12.421941-9.721519 19.713081 0 15.365401-10.747679 41.370464-23.790717 57.518987-31.405907 38.994093-82.794937 52.361181-132.374683 34.43038-20.145148-7.291139-23.412658-6.481013-38.535022 9.34346a422.075949 422.075949 0 0 0-72.236287 103.480168c-12.908017 26.059072-28.327426 66.403376-28.327426 74.126583 0 7.669198 4.725738 14.258228 14.879325 20.766244 19.01097 12.151899 33.755274 31.081857 42.855696 54.899578 3.915612 10.288608 4.374684 13.907173 4.374684 34.538397 0 20.631224-0.459072 24.249789-4.374684 34.538397-9.100422 23.817722-23.844726 42.747679-42.855696 54.899578-10.018565 6.4-14.879325 13.097046-14.879325 20.442194 0 7.264135 13.475105 43.476793 25.464979 68.455696a420.4827 420.4827 0 0 0 69.238819 103.264135c19.01097 21.090295 25.41097 23.790717 40.506329 17.093671 12.691983-5.616878 30.244726-8.884388 47.770464-8.911393 21.036287-0.027004 30.703797 2.214346 50.68692 11.77384a108.772996 108.772996 0 0 1 49.120675 47.446414c7.291139 14.150211 12.475949 30.703797 12.475949 39.993249 0 7.669198 4.104641 16.44557 9.316456 19.848101 9.748523 6.4 65.242194 15.392405 105.883544 17.147679 44.502954 1.944304 115.90211-6.643038 125.002532-15.014346 5.562869-5.103797 8.965401-13.259072 8.965401-21.44135 0-10.072574 4.509705-25.572996 11.503797-39.669198 8.074262-16.202532 28.759494-37.69789 44.8-46.582279 30.919831-17.066667 73.667511-18.49789 105.829536-3.510548 21.576371 10.04557 25.545992 9.127426 44.313924-10.234599 43.77384-45.151055 76.09789-98.646414 97.539241-161.431224 2.700422-7.912236 4.914768-16.202532 4.914768-18.443882 0-7.129114-4.752743-13.529114-15.986498-21.549367-24.654852-17.606751-40.263291-42.396624-45.043038-71.642194-2.43038-15.014346-2.43038-17.930802 0-32.945148 4.806751-29.326582 22.278481-57.032911 45.340084-71.804219 9.829536-6.318987 15.662447-14.150211 15.689452-21.063291 0-2.403376-2.214346-10.855696-4.914768-18.767933-17.2827-50.578903-41.181435-94.379747-73.100422-133.859915-18.065823-22.386498-39.831224-43.476793-45.097047-43.719832a33.404219 33.404219 0 0 0-19.308016 3.996625 120.330802 120.330802 0 0 1-67.510549 11.665823c-19.632068-2.457384-33.431224-7.345148-48.202532-17.039663-28.813502-18.956962-46.933333-47.770464-50.605907-80.580591-2.538397-22.764557-7.318143-26.491139-41.127426-32.054008-36.401688-6.021941-77.394093-8.263291-106.666667-5.832911m86.116456 45.82616c9.802532 1.404219 18.335865 3.132489 18.929958 3.807595 0.594093 0.70211 2.052321 5.88692 3.240506 11.530802 8.965401 42.666667 43.314768 83.90211 86.035443 103.264135a164.023629 164.023629 0 0 0 115.821097 6.859071l14.906329-4.779747 9.370464 10.666667a446.919831 446.919831 0 0 1 40.425317 55.007595c9.532489 15.797468 26.788186 51.227004 31.513924 64.729114l3.051477 8.776371-12.691983 12.583967a153.140928 153.140928 0 0 0-41.073418 70.562025c-5.211814 19.38903-5.211814 54.008439 0 73.397468a152.951899 152.951899 0 0 0 41.019409 70.508017l12.664979 12.529958-3.078481 8.83038c-4.779747 13.718143-21.927426 49.093671-31.405907 64.783122a447.189873 447.189873 0 0 1-40.479325 55.061603l-9.451477 10.74768-9.694515-3.375528c-18.578903-6.427004-32.999156-8.722363-54.953586-8.64135-43.341772 0.108017-81.336709 15.716456-111.824473 45.907173-19.659072 19.470042-34.997468 46.690295-40.155274 71.318143-1.188186 5.643882-2.646414 10.828692-3.240506 11.530802-0.594093 0.675105-9.505485 2.538397-19.794093 4.077637-36.293671 5.454852-107.530802 3.024473-138.342616-4.725738-7.075105-1.782278-7.210127-1.944304-10.018565-13.178059-3.699578-14.744304-14.231224-37.103797-23.709705-50.335865-8.695359-12.151899-27.247257-30.406751-39.183122-38.508017-10.801688-7.372152-33.512236-17.768776-46.366245-21.198312-25.329958-6.805063-58.11308-6.940084-83.281013-0.324051a91.976371 91.976371 0 0 1-12.178903 2.592405c-2.997468 0-25.005907-27.220253-39.345147-48.634599-11.530802-17.2827-33.9173-60.948523-39.480169-77.016034l-3.024473-8.749367 10.55865-9.775527a147.956118 147.956118 0 0 0 48.121519-110.123207 147.983122 147.983122 0 0 0-48.094515-110.096203l-10.504641-9.721519 3.240506-9.640506c5.319831-15.770464 26.977215-57.897046 39.210127-76.205907 6.264979-9.370464 17.228692-24.222785 24.357806-32.999156 14.447257-17.795781 11.206751-16.715612 34.457384-11.287764 18.956962 4.428692 51.091983 4.104641 70.616033-0.675105 30.109705-7.372152 55.088608-21.900422 77.070043-44.827005 18.740928-19.578059 33.02616-45.259072 38.616033-69.481856 1.863291-8.101266 2.349367-8.64135 9.046414-10.342616 7.61519-1.9173 41.991561-6.508017 57.248945-7.642194 16.688608-1.242194 63.513924 0.594093 81.849789 3.213502m-74.477637 210.848945c-70.372996 6.886076-130.187342 59.868354-147.632068 130.781435-5.18481 21.144304-5.18481 55.007595 0 76.151898a175.527426 175.527426 0 0 0 74.04557 104.857384c28.219409 18.389873 56.546835 26.599156 91.814346 26.599156s63.594937-8.209283 91.814346-26.599156a175.527426 175.527426 0 0 0 74.04557-104.857384c5.18481-21.144304 5.18481-55.007595 0-76.151898a169.85654 169.85654 0 0 0-48.391562-84.064135c-36.887764-35.375527-84.388186-51.740084-135.696202-46.7173m45.178059 45.232068c16.553586 3.375527 37.859916 13.529114 51.848101 24.70886 54.84557 43.854852 63.432911 124.786498 18.983966 179.118988-17.201688 21.036287-44.043882 37.670886-69.967932 43.39578-76.637975 16.877637-149.711392-38.697046-153.654008-116.847257-2.619409-52.307173 24.681857-98.349367 71.777215-121.005907 24.087764-11.58481 53.414346-14.960338 81.012658-9.370464
0xe617	M582.613333 88.106667c-14.421333 5.12-16.810667 8.704-70.229333 104.746666L461.653333 284.16 306.176 336.213333c-114.474667 38.314667-157.098667 53.290667-161.664 56.789334-13.952 10.752-19.626667 29.994667-13.952 47.530666 2.816 8.661333 8.405333 14.592 97.877333 104.32L323.328 640l-94.890667 95.146667c-85.802667 86.058667-95.146667 95.957333-97.664 103.552-5.504 16.64-1.877333 32.682667 9.984 44.544s27.904 15.488 44.544 9.984c7.594667-2.517333 17.493333-11.861333 103.552-97.664L384 700.672l95.146667 94.890667c89.514667 89.301333 95.701333 95.104 104.277333 97.877333 11.52 3.712 23.04 2.773333 33.92-2.816 16-8.234667 14.464-4.522667 70.485333-173.482667l51.328-154.794666 92.202667-51.114667c69.290667-38.4 93.482667-52.565333 97.194667-57.088 11.093333-13.44 12.928-34.048 4.352-48.469333-2.346667-3.925333-73.6-76.373333-158.378667-160.981334-140.928-140.629333-154.88-154.069333-162.56-156.586666a43.861333 43.861333 0 0 0-29.354667 0m134.144 219.904c67.285333 67.285333 107.690667 108.928 106.666667 109.866666-0.896 0.853333-30.464 17.493333-65.664 36.949334-83.797333 46.378667-83.072 45.909333-88.874667 55.082666-3.072 4.821333-20.48 54.613333-46.933333 134.144a7208.789333 7208.789333 0 0 1-43.221333 127.744c-0.597333 0.682667-74.794667-72.448-164.821334-162.474666-90.069333-90.069333-163.370667-164.096-162.944-164.48 0.426667-0.426667 58.069333-19.669333 128.085334-42.794667 79.317333-26.197333 130.133333-43.818667 134.826666-46.805333 4.138667-2.602667 9.472-7.765333 11.904-11.477334 2.389333-3.669333 21.504-37.632 42.453334-75.392 20.949333-37.76 38.528-68.693333 39.125333-68.693333 0.597333 0 49.834667 48.768 109.397333 108.330667
0xe618	M150.64826145 215.42114495c-23.89584158 5.92845655-41.60320619 23.08977941-49.27379693 47.79168245-3.01623235 9.67274532-3.1462422 19.63151272-3.14624221 248.57915629s0.13000985 238.90641097 3.14624221 248.57915629c6.44849664 20.77560107 18.56543087 34.7646793 38.17094191 44.0213927l11.10285502 5.27840663h727.22404281l11.10285573-5.27840663c19.60551104-9.25671339 31.72244455-23.24579164 38.1709412-44.0213927 3.01623235-9.67274532 3.1462422-19.63151272 3.14624221-248.57915629s-0.13000985-238.90641097-3.14624221-248.57915629c-7.93061113-25.5339676-26.5220437-42.98131254-51.43196376-48.25971917-13.33902761-2.83421844-713.5989924-2.36618243-725.06587598 0.46803672m172.02925758 50.00185333c-0.41603192 0.41603192-39.28902786 27.74413779-86.37865699 60.71467884L150.64826145 386.07229547 150.15422376 334.92635381c-0.54604177-57.04839655 0.05200408-61.85876717 8.47665292-67.00716326 5.0963927-3.09423812 8.9706913-3.25025036 85.0785564-3.25025106 43.83937806 0 79.38411786 0.33802616 78.96808595 0.75405879m249.69724225-0.13001054c-0.39003025 0.31202377-90.92900722 63.7049095-201.22950749 140.8008507-110.30050025 77.1219436-205.20781423 143.53106099-210.92825447 147.58737351l-10.40080173 7.35856699v-111.52259434l131.88216348-92.33311525 131.88216278-92.33311523 79.74814571-0.10400816c43.83937806-0.02600168 79.41011956 0.20801631 79.04609172 0.54604178m246.36898609 1.66412841c-3.45826667 3.22424867-666.84738942 466.99598829-668.01747946 466.99598829-0.52004009 0-0.75405809-24.88391767-0.52004008-55.30626235l0.44203362-55.30626166 256.27574944-179.30981809 256.27575013-179.30981876 78.99408692-0.02600171c66.95515988-0.02600168 78.60405738 0.31202377 76.54989943 2.26217428m59.57059051 77.95400745l-0.44203362 55.30626236-256.27574943 179.30981807-256.27574943 179.33581977-79.04609171-0.07800577c-78.44804514-0.05200408-79.02008931-0.07800577-74.885771-3.27625276 9.82875755-7.59258498 664.949243-465.69588844 666.09333133-465.7738935 0.70205401-0.05200408 1.06608186 24.77990951 0.83206386 55.17625183m0.39003023 173.38136151v55.59228374l-132.19418724 92.51512986-132.22018964 92.54113156-78.94208354-0.41603192-78.96808524-0.44203432 210.74624056-147.61337591c115.91693304-81.17825612 210.92825518-147.6393776 211.16227319-147.69138098 0.234018-0.02600168 0.41603192 24.93592174 0.41603191 55.51427797m-2.34018003 229.70170167c-4.65435838 11.12885742-3.53627244 10.99884758-91.78707346 10.53081157l-79.2801097-0.44203432 86.30065051-60.29864692 86.27464883-60.27264452 0.44203362 52.36803508c0.36402785 42.51327652-0.02600168 53.46012002-1.9501498 58.11447911
0xe619	M778.24 86.826667c-13.525333 4.437333-25.728 16.128-54.314667 51.968-41.514667 52.138667-68.138667 99.2-79.146666 139.989333-3.072 11.349333-3.754667 18.346667-3.712 37.802667 0.085333 20.864 0.682667 25.813333 4.650666 38.912a158.72 158.72 0 0 0 45.952 73.813333c15.36 14.506667 27.477333 22.570667 43.648 29.098667 19.84 8.021333 30.592 9.984 54.016 9.984s34.176-1.962667 54.016-9.984c16.170667-6.528 28.288-14.592 43.648-29.098667a158.72 158.72 0 0 0 45.952-73.813333c3.968-13.098667 4.565333-18.048 4.650667-38.912 0.042667-19.370667-0.64-26.496-3.669333-37.632a284.416 284.416 0 0 0-25.386667-61.141334c-26.069333-47.104-82.048-118.4-100.224-127.701333-7.424-3.754667-23.296-5.504-30.08-3.285333M412.458667 173.354667c-18.090667 5.76-7.850667-14.378667-173.525334 340.821333-83.072 178.090667-151.722667 327.125333-152.576 331.221333-6.442667 31.530667 24.405333 58.325333 55.338667 48.042667 17.621333-5.845333 18.261333-6.954667 68.053333-113.962667L254.805333 682.666667h343.722667l45.056 96.810666c49.792 107.008 50.432 108.117333 68.053333 113.962667 29.397333 9.770667 59.093333-13.696 55.893334-44.117333-0.768-6.997333-31.872-75.050667-152.234667-333.056-83.242667-178.346667-153.472-326.954667-156.074667-330.24-10.112-12.629333-29.952-18.048-46.762666-12.672m397.738666 48.213333c21.205333 29.653333 38.016 63.36 41.856 84.138667 6.528 34.901333-23.168 74.624-58.069333 77.781333-26.538667 2.432-53.333333-16.853333-64.554667-46.421333-4.565333-12.074667-4.309333-30.848 0.682667-45.44 7.765333-22.570667 31.274667-62.762667 51.712-88.362667l7.381333-9.258667 5.205334 6.4c2.816 3.498667 9.941333 13.056 15.786666 21.162667m-317.824 233.386667a37385.386667 37385.386667 0 0 1 65.408 140.757333c0.384 1.024-49.365333 1.621333-131.114666 1.621333s-131.498667-0.597333-131.114667-1.621333c2.090667-5.888 130.432-279.893333 131.114667-279.893333 0.469333 0 30.037333 62.592 65.706666 139.136
0xe61a	M156.330667 130.688a42.88 42.88 0 0 0-22.741334 19.114667L128.853333 157.866667l-0.469333 198.4-0.426667 198.4H213.333333V213.333333h597.333334v341.333334h85.333333V359.552c0-219.349333 0.810667-205.226667-12.757333-218.794667-13.866667-13.909333 19.029333-12.757333-371.968-12.629333-297.813333 0.085333-349.269333 0.469333-354.944 2.56M303.36 346.026667l-30.293333 30.293333 89.173333 89.173333L451.370667 554.666667l-33.066667 33.109333-33.109333 33.152-9.557334-4.864c-26.709333-13.482667-45.866667-17.877333-77.824-17.749333-28.885333 0.128-46.506667 3.925333-70.101333 15.061333-48.426667 22.954667-79.957333 60.288-94.165333 111.488-4.096 14.848-4.608 19.626667-4.608 43.136 0 23.594667 0.512 28.288 4.693333 43.392 24.32 87.850667 110.336 141.610667 198.058667 123.733333a167.082667 167.082667 0 0 0 100.266666-60.970666 170.752 170.752 0 0 0 19.328-182.058667l-5.888-11.946667 32.853334-32.853333 32.853333-32.896 33.493333 33.450667 33.450667 33.408-5.632 11.392a171.434667 171.434667 0 0 0 65.877333 222.208c80.384 47.616 186.922667 20.266667 233.984-60.117334 45.184-77.184 23.082667-177.28-50.133333-227.029333a204.714667 204.714667 0 0 0-56.789333-25.514667c-20.437333-5.077333-56.661333-5.461333-76.714667-0.853333-13.994667 3.242667-35.242667 11.264-44.373333 16.768l-5.12 3.072-33.706667-33.664-33.706667-33.664 89.173334-89.216 89.130666-89.173333-29.824-29.866667-29.824-29.866667-89.216 89.173334L512 494.08 422.826667 404.906667 333.653333 315.733333l-30.293333 30.293334m11.648 338.474666c34.218667 6.272 62.122667 35.370667 67.584 70.485334C390.528 806.144 350.250667 853.333333 298.666667 853.333333a86.016 86.016 0 0 1-83.925334-72.32c-4.266667-27.392 4.224-53.077333 24.021334-72.917333 20.864-20.821333 47.018667-28.928 76.245333-23.594667m426.666667 0c34.218667 6.272 62.122667 35.370667 67.584 70.485334C817.194667 806.144 776.917333 853.333333 725.333333 853.333333a86.016 86.016 0 0 1-83.925333-72.32c-4.266667-27.392 4.224-53.077333 24.021333-72.917333 20.864-20.821333 47.018667-28.928 76.245334-23.594667
0xe61b	M777.642667 228.992a42.666667 42.666667 0 0 1 66.090666 54.016l-418.133333 512a42.666667 42.666667 0 0 1-64.256 2.133333l-179.2-192a42.666667 42.666667 0 0 1 62.421333-58.282666L390.4 703.146667l387.242667-474.154667z
0xe61c	M710.101333 88.277333C695.082667 93.568 682.666667 111.530667 682.666667 128c0 15.530667 3.754667 21.162667 36.437333 54.186667l30.762667 31.146666h-157.013334c-98.176 0-164.053333 0.682667-175.701333 1.834667-88.832 8.618667-171.562667 54.869333-224.256 125.312-71.936 96.213333-84.906667 219.946667-34.474667 328.874667 40.106667 86.656 122.624 153.557333 216.533334 175.530666 34.944 8.149333 42.666667 8.448 226.432 8.448 194.432 0 183.04 0.725333 196.522666-12.757333 20.437333-20.437333 14.933333-55.082667-10.709333-67.712l-8.106667-4.010667-181.76-0.938666c-177.621333-0.938667-182.101333-1.024-197.12-4.565334-47.573333-11.221333-85.205333-31.829333-117.845333-64.426666-33.877333-33.877333-55.381333-74.538667-65.024-123.136-4.138667-20.821333-4.138667-64.085333 0-84.906667 9.642667-48.597333 31.146667-89.258667 65.024-123.178667 32.938667-32.896 70.570667-53.248 119.082667-64.384 15.445333-3.541333 19.754667-3.626667 182.186666-4.224l166.4-0.554666-30.890666 31.189333C686.421333 362.88 682.666667 368.469333 682.666667 384c0 24.021333 22.314667 44.544 45.994666 42.282667 16.042667-1.536 19.754667-4.650667 92.458667-77.653334 64.597333-64.810667 69.546667-70.229333 72.32-78.72 3.584-11.093333 2.816-22.4-2.218667-32.853333-2.56-5.290667-24.405333-28.16-73.258666-76.842667-62.250667-61.994667-70.485333-69.589333-77.994667-72.106666a44.032 44.032 0 0 0-29.866667 0.170666
0xe61d	M497.664 130.688a42.88 42.88 0 0 0-22.741333 19.114667l-4.736 8.064L469.333333 336.64l-0.853333 178.816-40.106667-40.234667c-22.058667-22.144-43.178667-41.898667-46.933333-43.946666-9.557333-5.12-27.946667-5.12-37.674667 0-14.506667 7.68-23.509333 22.229333-23.509333 38.058666 0 17.152-1.322667 15.616 85.674667 102.997334 87.893333 88.32 88.362667 88.704 106.069333 88.704 17.706667 0 18.176-0.384 106.069333-88.704 86.997333-87.381333 85.674667-85.845333 85.674667-102.997334 0-15.829333-9.002667-30.378667-23.509333-38.058666-9.130667-4.821333-28.074667-5.12-36.821334-0.554667-3.285333 1.706667-24.618667 21.632-47.36 44.330667l-41.386666 41.173333V340.352c0-197.845333 0.768-186.069333-12.757334-199.594667a42.496 42.496 0 0 0-44.245333-10.069333m-341.333333 469.333333a42.88 42.88 0 0 0-22.741334 19.114667l-4.736 8.064v238.933333l4.736 8.064c2.602667 4.394667 7.253333 9.984 10.368 12.330667 13.226667 10.112-11.434667 9.472 367.957334 9.472 390.229333 0 357.461333 1.109333 371.328-12.757333 13.141333-13.098667 12.757333-9.173333 12.757333-136.576 0-127.445333 0.384-123.434667-12.8-136.618667a42.112 42.112 0 0 0-49.877333-7.338667 45.44 45.44 0 0 0-20.864 24.96c-1.109333 4.010667-1.792 39.082667-1.792 94.677334V810.666667H213.333333v-88.448c0-100.096 0.085333-99.285333-12.757333-112.128a42.496 42.496 0 0 0-44.245333-10.069334
0xe61e	M490.794667 85.866667A425.013333 425.013333 0 0 0 208.501333 210.08c-24.346667 24.293333-39.76 43.013333-57.066666 69.44l-10.586667 16.133333-0.026667-60.96c0-57.866667-0.16-61.28-3.36-66.506666-5.413333-8.88-12.8-12.56-23.813333-11.866667-11.306667 0.72-17.173333 4.533333-21.973333 14.186667-3.36 6.8-3.44 9.306667-2.986667 101.973333 0.453333 92.96 0.533333 95.12 3.946667 99.706667 1.92 2.56 5.6 6.24 8.186666 8.16 4.56 3.413333 6.746667 3.493333 99.946667 3.946666l95.28 0.48 7.386667-3.893333c17.706667-9.36 18.48-34.906667 1.386666-45.333333-5.226667-3.2-8.64-3.386667-63.573333-3.386667-46.56 0-58.053333-0.453333-58.053333-2.213333 0-3.173333 21.226667-35.2 33.893333-51.173334 61.333333-77.306667 153.92-127.893333 253.173333-138.32 23.92-2.533333 78.026667-1.013333 99.333334 2.773334 91.093333 16.16 168.32 60.586667 226.773333 130.453333a377.866667 377.866667 0 0 1 74 144.666667c32.346667 126.48-2.826667 259.68-93.066667 352.48-57.546667 59.173333-126.746667 95.28-210.266666 109.706666-21.146667 3.653333-73.6 5.04-95.76 2.506667-82.666667-9.36-155.786667-42.4-217.173334-98.133333-7.173333-6.48-15.786667-12.693333-19.2-13.813334-15.68-5.2-33.066667 7.706667-33.066666 24.533334 0 10.08 4.026667 16.613333 18 29.28 29.92 27.093333 57.76 46.693333 90.906666 63.946666 64.373333 33.493333 125.146667 48.346667 197.84 48.346667 75.093333 0 139.813333-16.453333 205.893334-52.346667 81.893333-44.48 150.106667-120.026667 186.88-206.986666 56.24-132.96 41.653333-283.76-39.093334-404.186667-29.333333-43.733333-73.333333-87.52-117.386666-116.853333-73.253333-48.746667-166.453333-74.773333-254.08-70.96m-70.053334 287.12c-4.213333 2.133333-9.28 6.64-11.866666 10.56l-4.506667 6.826666v242.88l4.826667 6.986667c6.666667 9.6 17.173333 14.533333 28.746666 13.546667 7.866667-0.693333 19.2-6.8 107.92-58.026667 54.533333-31.466667 100.96-58.853333 103.173334-60.853333 5.413333-4.853333 10.293333-15.84 10.293333-23.12s-4.88-18.24-10.293333-23.146667c-2.213333-2.026667-48.64-29.413333-103.173334-60.906667-92.586667-53.44-99.76-57.253333-108.453333-57.84-7.146667-0.506667-11.04 0.213333-16.666667 3.093334m99.973334 101.946666c34.32 19.813333 62.4 36.4 62.4 36.853334-0.026667 0.96-124.426667 72.88-126.053334 72.88-0.56 0-1.013333-32.8-1.013333-72.88 0-40.08 0.506667-72.88 1.12-72.88 0.64 0 29.226667 16.213333 63.546667 36.026666
0xe61f	M499.541333 87.68c-11.434667 4.266667-18.986667 10.496-24.277333 20.010667l-5.077333 9.216-0.469334 176.213333-0.426666 176.213333H295.424c-189.141333 0-181.205333-0.384-194.133333 9.472a50.773333 50.773333 0 0 0-10.368 12.330667c-4.053333 6.869333-4.736 9.941333-4.736 20.864s0.682667 13.994667 4.736 20.864c2.602667 4.394667 7.253333 9.984 10.368 12.330667 12.928 9.856 4.992 9.472 194.133333 9.472h173.866667l0.426666 176.213333 0.469334 176.213333 5.290666 9.386667c8.533333 15.232 26.624 24.149333 43.221334 21.376 11.52-1.962667 23.893333-10.794667 29.824-21.376l5.290666-9.386667 0.469334-176.213333 0.426666-176.213333h173.781334c195.413333 0 183.936 0.725333 197.418666-12.757334a41.984 41.984 0 0 0 0-59.818666c-13.482667-13.482667-2.005333-12.757333-197.461333-12.757334H554.666667V296.533333c0-107.818667-0.64-175.061333-1.706667-178.816a62.592 62.592 0 0 0-6.485333-13.653333c-9.045333-14.250667-31.573333-22.101333-46.933334-16.384
0xe620	M483.84 129.024c-56.064 5.802667-95.957333 16.682667-139.946667 38.144A381.781333 381.781333 0 0 0 167.253333 343.893333c-27.306667 56.277333-38.272 104.405333-38.272 168.106667 0 63.701333 10.965333 111.829333 38.272 168.106667a383.445333 383.445333 0 0 0 250.709334 203.946666c33.578667 8.405333 55.253333 10.965333 94.037333 10.965334 63.872 0 112.469333-11.093333 168.106667-38.314667a376.832 376.832 0 0 0 176.597333-176.597333c27.221333-55.637333 38.314667-104.234667 38.314667-168.106667 0-63.872-11.093333-112.469333-38.314667-168.106667a376.832 376.832 0 0 0-176.597333-176.597333 366.506667 366.506667 0 0 0-111.786667-34.986667c-17.450667-2.645333-70.741333-4.693333-84.48-3.285333m66.304 86.869333a298.24 298.24 0 0 1 228.864 162.773334c73.770667 147.2 13.909333 326.485333-133.674667 400.341333-147.370667 73.728-326.357333 13.994667-400.341333-133.674667-49.493333-98.773333-40.234667-216.234667 24.277333-307.413333 14.72-20.778667 47.872-53.930667 68.650667-68.650667a301.44 301.44 0 0 1 212.224-53.376m-49.749333 74.325334c-7.722667 3.072-97.322667 64.938667-100.010667 68.992a49.066667 49.066667 0 0 0-4.736 11.776c-6.229333 23.296 19.584 45.568 41.984 36.224a234.24 234.24 0 0 0 23.808-14.549334l18.133333-12.16 0.042667 164.309334c0.042667 156.288 0.170667 164.650667 3.2 171.136 12.202667 26.410667 46.165333 26.410667 58.368 0 3.029333-6.528 3.157333-15.658667 3.157333-203.946667s-0.128-197.418667-3.157333-203.946667c-3.669333-7.936-10.965333-15.232-17.792-17.792a40.96 40.96 0 0 0-22.997333-0.042666
0xe621	M128 192V213.333333h768V170.666667H128v21.333333M128 426.666667v85.333333h768V341.333333H128v85.333334m0 362.666666V896h768v-213.333333H128v106.666666
0xe622	M195.413333 87.893333c-29.066667 5.493333-48.72 15.973333-70.133333 37.386667-21.973333 21.973333-33.466667 44.32-38.08 74.133333-2.613333 16.853333-2.613333 608.32 0 625.173334 4.613333 29.813333 16.106667 52.16 38.08 74.133333 21.973333 21.973333 44.32 33.466667 74.133333 38.08 16.853333 2.613333 608.32 2.613333 625.173334 0 29.813333-4.613333 52.16-16.106667 74.133333-38.08 21.973333-21.973333 33.466667-44.32 38.08-74.133333 2.613333-16.853333 2.613333-608.32 0-625.173334-4.613333-29.813333-16.106667-52.16-38.08-74.133333-21.973333-21.973333-44.32-33.466667-74.133333-38.08-19.013333-2.96-613.36-2.293333-629.173334 0.693333m625.84 52.24a82.453333 82.453333 0 0 1 62.613334 62.613334c2.666667 12.773333 2.666667 605.733333 0 618.506666a82.453333 82.453333 0 0 1-62.613334 62.613334c-12.773333 2.666667-605.733333 2.666667-618.506666 0a82.453333 82.453333 0 0 1-62.613334-62.613334c-2.666667-12.773333-2.666667-605.733333 0-618.506666a82.32 82.32 0 0 1 60.106667-62.08c11.973333-2.906667 607.173333-3.413333 621.013333-0.533334M375.413333 343.466667a23.093333 23.093333 0 0 0-11.466666 11.466666l-3.84 7.6 0.026666 149.413334c0.053333 142 0.213333 149.733333 3.226667 156.373333 8.746667 19.28 35.333333 20.826667 46.613333 2.693333l3.893334-6.266666V359.253333l-3.893334-6.266666c-4.16-6.693333-15.52-13.36-22.746666-13.36-2.32 0-7.626667 1.733333-11.813334 3.84m253.706667-2.133334a28.373333 28.373333 0 0 0-9.12 5.466667c-9.44 8.8-9.013333 0.933333-9.013333 165.706667v152.586666l3.84 5.653334c6.16 9.04 12.16 12.586667 21.36 12.586666a26.026667 26.026667 0 0 0 23.12-12.613333l3.733333-5.973333V512c0-149.733333-0.08-152.853333-3.413333-158.4-6.08-10.106667-19.76-15.6-30.506667-12.266667
0xe626	M197.12 87.893333c-58.266667 11.066667-100.773333 54.933333-110 113.493334-0.96 6.106667-1.76 35.546667-1.786667 65.44 0 60.666667 0.24 62.08 11.626667 70.773333 4.773333 3.626667 7.893333 4.586667 14.986667 4.586667 9.706667 0 15.44-3.093333 21.92-11.733334 3.36-4.506667 3.573333-7.52 4.4-65.626666 0.853333-57.653333 1.093333-61.413333 4.72-71.12 10.16-27.253333 33.733333-47.786667 61.466666-53.573334 12.8-2.666667 602.293333-2.666667 615.093334 0 27.733333 5.786667 51.306667 26.32 61.466666 53.573334 3.626667 9.706667 3.866667 13.466667 4.72 71.12 0.826667 58.106667 1.04 61.12 4.4 65.626666 6.48 8.64 12.213333 11.733333 21.92 11.733334 7.093333 0 10.213333-0.96 14.986667-4.586667 11.386667-8.693333 11.626667-10.106667 11.626667-70.773333-0.026667-29.893333-0.8-59.333333-1.786667-65.44-7.413333-47.146667-39.066667-87.946667-81.466667-105.066667-27.093333-10.96 1.28-10.08-338.293333-10.4-250.4-0.266667-310.293333 0.106667-320 1.973333M103.653333 425.68c-8.586667 3.093333-11.466667 5.706667-15.146666 13.786667-2.746667 6.026667-3.093333 11.973333-3.146667 51.253333-0.026667 42.746667 0.133333 44.746667 3.813333 52.053333 7.52 14.933333 25.333333 19.093333 38.533334 9.04 10.266667-7.866667 10.746667-10.746667 10.186666-63.706666-0.48-45.253333-0.666667-47.786667-4.106666-52.346667-7.226667-9.733333-19.626667-13.866667-30.133334-10.08m800.346667 0.026667c-8.24 2.96-12.96 7.146667-15.92 14.133333-3.333333 7.893333-3.333333 93.733333 0 101.733333 8.48 20.293333 36.746667 21.013333 46.746667 1.2 3.68-7.306667 3.84-9.36 3.84-52.106666 0-42.773333-0.16-44.8-3.84-52.08-6.053333-11.92-18.746667-17.226667-30.826667-12.88m-502.64 9.653333a35.466667 35.466667 0 0 0-11.946667 10.64l-4.56 6.88-0.506666 141.76c-0.266667 77.973333-0.026667 144.346667 0.533333 147.493333 1.333333 7.36 12.96 19.973333 20.8 22.56 14.533333 4.8 13.386667 5.36 141.306667-68.346666 65.706667-37.866667 121.68-70.826667 124.373333-73.253334 6.213333-5.6 11.226667-16.346667 11.226667-24.053333 0-7.68-4.986667-18.4-11.226667-24.133333-2.693333-2.453333-58.613333-35.44-124.24-73.28-112.906667-65.12-119.813333-68.853333-128.853333-69.413334-7.306667-0.48-11.253333 0.266667-16.906667 3.146667m123.146667 114.186667c62.64 36.053333 83.973333 49.12 82.48 50.533333-1.733333 1.626667-164.986667 96.16-168.666667 97.653333-0.773333 0.32-1.413333-44.106667-1.413333-98.693333 0-59.866667 0.613333-99.04 1.573333-98.693333 0.853333 0.293333 39.573333 22.453333 86.026667 49.2M101.466667 609.973333c-6.853333 2.986667-14.026667 11.706667-15.306667 18.56-0.56 3.013333-0.773333 28.666667-0.48 56.986667 0.48 49.173333 0.666667 51.733333 4.08 56.32 12.426667 16.773333 34.853333 16.533333 44.613333-0.48 3.706667-6.48 3.813333-7.92 3.84-60.16 0.026667-51.893333-0.08-53.733333-3.706666-60.16a26.533333 26.533333 0 0 0-33.04-11.066667m797.28 1.466667c-12.72 7.28-12.986667 8.693333-12.986667 69.493333 0 47.813333 0.346667 54.453333 2.986667 59.733334 9.04 17.973333 35.866667 18.373333 46.08 0.693333 3.813333-6.56 3.84-7.28 3.413333-61.546667-0.4-52.693333-0.56-55.12-4-59.733333-9.253333-12.506667-22.96-15.84-35.493333-8.64M106.293333 805.626667a23.466667 23.466667 0 0 0-17.653333 14.133333c-2.906667 6.4-3.226667 11.653333-3.28 52.08-0.026667 50.293333 0.453333 52.88 11.6 61.386667 4.773333 3.626667 7.893333 4.586667 14.986667 4.586666 9.706667 0 15.44-3.093333 21.92-11.76 3.333333-4.453333 3.546667-7.28 3.973333-52.8 0.426667-43.253333 0.16-48.666667-2.56-53.92a26.506667 26.506667 0 0 0-28.986667-13.706666m800.16 0.053333a25.813333 25.813333 0 0 0-17.733333 13.653333c-2.72 5.253333-2.986667 10.666667-2.56 53.92 0.426667 45.52 0.64 48.346667 3.973333 52.8 6.48 8.666667 12.213333 11.76 21.92 11.76 7.093333 0 10.213333-0.96 14.986667-4.586666 11.146667-8.506667 11.626667-11.093333 11.6-61.386667-0.053333-40.426667-0.373333-45.68-3.28-52.08-5.04-11.093333-16.533333-16.693333-28.906667-14.08
0xe627	M283.306667 88.234667c-6.485333 2.261333-18.389333 13.312-77.269334 71.978666-48.853333 48.64-70.698667 71.552-73.258666 76.842667-5.034667 10.453333-5.802667 21.76-2.218667 32.853333 2.773333 8.490667 7.722667 13.909333 72.32 78.72 72.704 73.002667 76.416 76.117333 92.458667 77.653334C319.018667 428.544 341.333333 408.021333 341.333333 384c0-15.530667-3.754667-21.12-36.48-54.272l-30.890666-31.189333 166.4 0.554666c162.432 0.597333 166.741333 0.682667 182.186666 4.224 48.512 11.136 86.144 31.488 119.082667 64.384 33.92 33.962667 55.466667 74.752 65.024 123.178667 4.096 20.778667 4.096 64.128 0 84.906667-9.557333 48.426667-31.104 89.258667-65.024 123.136-32.64 32.597333-70.272 53.205333-117.845333 64.426666-15.018667 3.541333-19.498667 3.626667-197.162667 4.565334l-181.802667 0.938666-8.490666 4.352c-32.938667 16.981333-29.269333 65.109333 5.930666 77.525334 11.050667 3.925333 343.338667 3.882667 373.333334 0a317.269333 317.269333 0 0 0 186.368-91.434667 310.784 310.784 0 0 0 76.16-121.344c62.890667-180.224-46.336-375.381333-233.216-416.682667-33.450667-7.424-47.786667-7.936-213.76-7.936h-157.013334l30.762667-31.146666C337.578667 149.162667 341.333333 143.530667 341.333333 128c0-29.269333-29.610667-49.536-58.026666-39.765333
0xe628	M397.48869 86.44434c-1.847216 0.348026-5.916444 3.078693-9.04868 6.050301-13.251765 12.609255-10.039216 32.714458 6.398327 40.183634 5.407791 2.436183 10.333699 2.730667 49.071687 2.757437l43.074928 0.026772v67.517072l-8.459713 0.910222c-49.339399 5.354248-88.719895 16.571399-130.161778 37.104941a364.11566 364.11566 0 0 0-96.59064 69.444601A369.603765 369.603765 0 0 0 145.25005 534.273673c-2.489725 24.120889-0.990536 72.817778 2.918065 94.823739 11.618719 65.589542 37.560052 123.468967 77.716915 173.370562 58.066824 72.22881 146.010353 120.845386 240.941177 133.186928 34.695529 4.52434 83.713673 2.489725 119.292653-4.95268 126.440575-26.449987 231.062588-117.954092 273.120209-238.826248 13.037595-37.50651 19.141438-70.890248 20.399687-111.743164 4.417255-143.226144-75.762614-276.011503-204.907085-339.352261-43.128471-21.149281-77.475974-30.947556-129.224785-36.837229l-8.459712-0.963764V135.462484l43.074928-0.026772c38.737987-0.026771 43.663895-0.321255 49.071686-2.757437a24.227974 24.227974 0 0 0 0-44.493804c-5.702275-2.570039-11.913203-2.703895-117.177725-2.543268-61.145516 0.080314-112.680157 0.455111-114.527373 0.803137m155.21966 169.087163c68.962719 9.021908 129.599582 38.14902 179.126379 85.962458 28.725542 27.735007 47.465412 53.408627 65.080889 89.175006 23.210667 47.117386 32.098719 85.935686 32.071948 139.90651 0 39.996235-4.497569 67.677699-16.732026 103.229909a318.042353 318.042353 0 0 1-185.872732 192.645856 318.20298 318.20298 0 0 1-304.549647-42.004079c-30.010562-22.487843-53.435399-47.492183-75.066562-80.072784-81.411346-122.585516-66.553307-287.121569 35.498666-393.055372 51.481098-53.435399 115.143111-85.882144 187.773491-95.760732 20.506771-2.784209 61.573856-2.81098 82.669594-0.026772m-48.777202 130.911373a25.379137 25.379137 0 0 0-15.366693 16.544627c-1.017307 3.640889-1.552732 35.070327-1.579503 89.228549 0 80.394039 0.107085 83.847529 2.918065 89.335634 1.606275 3.132235 5.086536 7.255007 7.736889 9.128994l4.818823 3.426719 94.288314 0.401568 94.315085 0.401569 6.478641-3.399948c13.117908-6.960523 17.080052-24.013804 8.245542-35.605751-8.192-10.762039-4.52434-10.333699-91.075765-10.815582l-77.663372-0.42834v-70.247739c0-63.956497-0.240941-70.676078-2.570039-75.280732-5.862902-11.484863-18.954039-16.919425-30.545987-12.689568
0xe629	M103.90013908 489.04299716c-10.9205187 5.5798271-14.48097978 11.34564841-14.48097978 23.38213253 0 10.76109508 2.78991355 16.18149851 11.71763685 22.85072041l4.6764265 3.50731987h815.77071899l4.67642649-3.50731987c8.92772331-6.66922186 11.71763686-12.0896253 11.71763686-22.85072041 0-12.03648413-3.56046107-17.80230546-14.48097978-23.38213254l-7.49291064-3.82616712H111.39304972l-7.49291064 3.82616712
0xf302	M456.36232005 132.51265773c-76.93348133 11.03160951-158.47145795 52.18430679-215.06840671 108.78125561a383.32442434 383.32442434 0 0 0 0 541.41217332 383.42035209 383.42035209 0 0 0 541.41217332 0 383.42035209 383.42035209 0 0 0 0-541.41217332 387.16150643 387.16150643 0 0 0-326.34376661-108.78125561
0xf307	M198.101333 173.610667C183.082667 178.901333 170.666667 196.864 170.666667 213.333333c0 10.325333 5.077333 22.229333 12.757333 29.909334 13.269333 13.269333 7.04 12.757333 154.794667 12.757333H469.333333v301.781333c0 338.816-1.066667 311.637333 12.757334 325.461334a41.984 41.984 0 0 0 59.818666 0c13.824-13.824 12.757333 13.354667 12.757334-325.461334V256h131.114666c147.754667 0 141.525333 0.512 154.794667-12.757333a41.984 41.984 0 0 0 0-59.818667c-13.824-13.824 13.866667-12.757333-329.301333-12.629333-272.256 0.128-306.432 0.426667-313.173334 2.816
0xf308	M192.128 87.125333c-28.117333 4.736-57.386667 21.589333-76.8 44.288a127.744 127.744 0 0 0-8.362667 152.789334c13.269333 19.456 34.176 37.205333 54.442667 46.165333L170.666667 334.464v354.986667l-11.904 5.888a119.168 119.168 0 0 0-35.669334 25.088 126.976 126.976 0 0 0-27.776 139.349333c22.656 55.68 84.053333 88.32 143.274667 76.202667a131.114667 131.114667 0 0 0 91.818667-73.472L334.464 853.333333h355.072l4.096 9.258667c5.632 12.757333 15.872 27.392 26.794667 38.314667a127.018667 127.018667 0 0 0 180.48 0 126.72 126.72 0 0 0-0.853334-181.12 115.072 115.072 0 0 0-34.944-24.533334L853.333333 689.450667v-354.986667l9.173334-4.053333c27.989333-12.373333 54.272-39.253333 66.133333-67.541334a126.976 126.976 0 0 0-64.213333-164.821333c-18.304-8.576-27.605333-10.965333-46.933334-12.202667-51.370667-3.285333-102.912 28.16-123.861333 75.562667L689.536 170.666667H334.464l-4.096-9.258667a133.376 133.376 0 0 0-69.077333-66.474667 136.533333 136.533333 0 0 0-69.162667-7.808m35.712 86.357334c15.744 5.376 28.16 22.954667 28.16 39.850666 0 10.325333-5.077333 22.229333-12.757333 29.909334a41.984 41.984 0 0 1-59.818667 0A41.984 41.984 0 0 1 183.466667 183.381333a41.685333 41.685333 0 0 1 44.373333-9.898666m597.333333 0c15.744 5.376 28.16 22.954667 28.16 39.850666 0 22.485333-20.181333 42.666667-42.666666 42.666667-10.325333 0-22.229333-5.077333-29.909334-12.757333a41.984 41.984 0 0 1 0.042667-59.861334 41.685333 41.685333 0 0 1 44.373333-9.898666m-131.541333 91.776c11.989333 27.136 37.973333 53.12 65.109333 65.109333l9.258667 4.096v355.2l-8.106667 3.584c-28.032 12.288-54.144 38.058667-66.261333 65.493333l-4.096 9.258667H334.464l-4.096-9.258667c-12.117333-27.434667-38.229333-53.205333-66.261333-65.493333L256 689.664V334.464l9.258667-4.096a135.936 135.936 0 0 0 65.109333-65.109333L334.464 256h355.072l4.096 9.258667M227.84 770.816c15.744 5.376 28.16 22.954667 28.16 39.850667 0 22.485333-20.181333 42.666667-42.666667 42.666666-10.325333 0-22.229333-5.077333-29.909333-12.757333a41.984 41.984 0 0 1 0.042667-59.861333 41.685333 41.685333 0 0 1 44.373333-9.898667m597.333333 0c15.744 5.376 28.16 22.954667 28.16 39.850667 0 22.485333-20.181333 42.666667-42.666666 42.666666-10.325333 0-22.229333-5.077333-29.909334-12.757333a41.984 41.984 0 0 1 0.042667-59.861333 41.685333 41.685333 0 0 1 44.373333-9.898667
